208,128,64,64,6
-0.14051014699255288,-0.39196706649051666,0.41740893917075705,-0.36135999169472577,0.41483743680977664,-0.1325442932763308,-0.02458107100302812,0.061598185149325906,0.2941789748006181,0.1291772849674287,-0.1554048548429438,-0.4607148440699692,0.31005711852633316,0.2747766196374908,0.3871356831863018,-0.47266908713104044,-0.14481715355058586,0.07422122840420452,-0.4060381339717832,-0.282028559609184,-0.26985683520465675,0.25403593517882367,-0.28110227611282756,0.49817754020577365,-0.3141031973221489,-0.24094287644556175,-0.3167872415116769,0.35996650894060495,-0.044888503794760524,-0.005407485639919072,-0.18638690854270568,-0.29706436205081,0.12693697587521574,0.45287168437689185,-0.30187949366323635,-0.14939201134880611,0.3385173099383094,-0.4630658936273628,0.2052181371568857,-0.2199283476413038,-0.09163865581306167,-0.41519074735774525,7.259605965601622E-4,0.013047251463920708,0.21183189046264378,0.06026625458853261,0.21588164153162032,0.355347837482536,-0.1834531359482005,-0.362098491516805,0.27870037170848033,-0.3106062302123063,-0.3628069080027659,0.4328320281328291,0.2979171479229728,-0.181469323820099,0.14126687497036056,-0.05594353801578091,-0.1922517543406635,0.44391827861989847,0.44555877684206285,0.3736563596904306,0.12675122387544635,-0.2859477860049981,0.47902257617828564,-0.1398017555999373,0.06177110251498872,0.4287360647063731,0.2560044495025466,-0.17807634371214426,0.19674925228895118,-0.09782686232386,-0.2967779129291735,0.04379058679945844,-0.4537894852106518,-0.3060514622376079,0.4145479803839383,0.3621573502752952,-0.07546630367748057,-0.09797596249061673,0.16956458485997888,-0.1981252322815999,-0.015351235184679254,0.4784692125024235,0.04502353716970773,-0.19721921973312945,-0.4864061046079661,0.0765048980412076,0.4727552386936021,-0.26393269304432204,0.23740421493293468,0.26653542860052576,-0.34676117011328506,0.2557155461599709,0.0840933431324334,-0.4308015257707118,0.3209567691039699,0.1561733056241919,-0.41897255991453025,-0.3549373329739222,-0.024177359674033724,0.3146737542992037,-0.17821864440488483,0.15345431647082525,0.3443841508325159,-0.01492829117337927,0.2276046082737621,0.24699713283189934,0.01516832871394135,0.17980051297297867,0.14991473037371744,0.4037991238990956,-0.09555127251797861,0.12752875614694262,0.2127741361081747,0.31582335108084864,0.4518799530268129,-0.17367743468264213,0.17809592494945464,-0.15016953493113488,0.21985765254591755,-0.4744038727053986,0.031363052753583094,-0.3236174273525085,-0.12387314969536425,-0.4351404237233982,-0.06806583293733663,0.02274925484918983,0.37607539465284595,0.3732494594970353,-0.35045084833869117,0.1471586695261548,-0.4706866175863304,-0.4089456146211458,0.11743531759622912,-0.4453122192252182,0.03455321412523706,0.21292418356140103,-0.2275445695612212,-0.32081260166177267,0.49746973286596746,0.3721782129850562,0.4240271595481308,-0.2590105053112571,-0.09186712069604301,-0.11339563734793139,0.4960826821837338,-0.24325440008927085,-0.45222972911950027,-0.031632696867474296,-0.37987374604642593,0.22559659551865346,0.319031014024937,-0.4358789737811905,-0.27751304529955717,-0.15502371932472864,0.0495854363500605,-0.3638529423131804,-0.05484776087802292,-0.2802982394207713,0.40581044155759466,0.3213164207302906,-0.03289234103123708,-0.08039383388962844,-0.328526300849128,0.311900226879585,-0.44810347383745736,-0.08617965818375177,-0.20425588082078422,-0.009270097762165483,0.4371530805363745,0.36391157511880584,-0.20448029707849574,-0.17706507962650703,0.0031509914918745586,-0.006560727373222377,-0.19102103998281444,0.25746234690925435,-0.4900510812577818,-0.23191078698604045,-0.15957523323141026,-0.0761908098034975,0.07650314991141556,0.41839871109723,-0.48909516914050716,0.22287488651413384,-0.009843176490826453,0.41618799277684276,-0.06524385440171891,-0.49443187895053625,0.3812043402702398,-0.12383695472617336,0.17913546377205486,-0.09122157968228388,-0.22523151244167589,0.49575816188261074,-0.36823874021613584,-0.4244502453532146,-0.45898334520768796,-0.43086285525332096,0.0015075313483560479,0.4247700009368715,-0.19521784797605507,0.3153738071057611,-0.39284701060499133,-0.14458383642637002,-0.05305480376167717,0.24618440220471088,
0.24444722678410993
-0.2288390843373717,0.43223826765369366,0.06493874602870402,-0.4689610881851719,0.09478589000993846,0.3335363191464667,-0.3618414264350772,-0.0027149894174918134,0.5005289916035228,-0.4179816227810535,-0.09544735854331861,-0.4440670785176659,0.4489744738565273,-0.3168719501745438,0.20890823490101323,-0.30881104466341797,-0.2872466620821897,0.33915331351997446,0.4185746096806925,0.11400140149795555,-0.48068658729330666,0.21384108044994207,0.38135485906798966,0.15809027479313353,0.09693390012606765,-0.16809121811674826,-0.2880527928473445,-0.043624250058031784,-0.10332684262418798,0.4465054553364956,-0.3559091076785968,0.3401400470143921,0.007930433465803218,-0.44608855497228866,-0.30221856356552423,-0.3595270378815677,0.3186482901722674,-0.38134910609133105,0.20890295358543917,0.34838798372982555,-0.21359613073138087,0.4912555842800869,0.3491045412203097,-0.10655111989285034,-0.22344182367787715,-0.06196686037855066,0.12046780895145397,-0.36258786032445794,-0.19529378933815103,-0.3078664153228983,-0.04317902701966946,-0.4483945252738611,0.17626194206611365,0.4334747392437472,-0.01896587904029994,-0.059112518637434615,-0.04719633674969403,0.1506493910444748,-0.3252323111569336,0.011098601787338805,0.3965688830980955,0.40758011755111695,-0.2984576468091326,0.0376865219654361,-0.45539565791696607,0.14044117738487513,-0.10927100390343343,0.38651302002203686,-0.1535609640006063,-0.25584514702359523,-0.06209073636480278,-0.3377366692683888,-0.1373742540544214,0.37280933670678856,0.20615873972588303,-0.18445665132559033,-0.13377779519900249,-0.4253656714048834,0.12315620846311397,0.12666380142405356,-0.1847396958085268,-0.3902911197597971,0.06062432634390658,-0.3977250724335342,-0.4285223190840845,0.05736628486710838,0.25545798989985063,0.4704288662336174,0.42906319590946157,-0.38970131456127005,0.2859992674284793,0.14031114196067226,-0.013106092535697651,0.2736536645896895,-0.1477319084930038,0.20479719183408238,0.14871800626398043,-0.4600455455275491,0.12556051171501795,-0.19284710606117253,-0.43203548849165213,0.4944638164170719,-0.2693228090193534,-0.03238668316759185,0.16733724888566168,0.22065104164704816,-0.4968531596816405,0.27123699352579883,0.4580770867358625,0.321710737973713,-0.4758395266056861,-0.3446523146693781,0.2597532520942017,-0.148379219514466,-0.42246562163395246,-0.0969606028540498,0.07867051681008834,0.45801608964043644,0.09587059774331912,-0.15136536729028352,-0.15854371863184194,0.07919393829468006,-0.13281401899503523,0.23164964195777357,-0.09988224908405725,0.10885551847992551,0.2586322047971586,-0.4022651098895979,0.22583582052716786,-0.45527251063181623,0.48053007817631815,-0.3617772759704267,0.49098966525816184,0.2709965225691869,0.46179440933481225,-0.11567161195030125,0.3023811762359037,0.28952855071565403,0.23692565406490204,-0.27228535775831914,0.19335663146871893,0.41113403012735367,0.3550973957373265,0.3260441268139918,0.10849800629814603,-0.35432124657437364,-0.286530376379395,0.07030796763690454,0.02178395467024503,0.28863003546492955,0.3897094184516628,-0.05986706867963452,0.017596705382287598,0.4916656327814743,-0.49719741084633895,0.2539335185436596,-0.3663226672336897,-0.07373655620880289,-0.1334094427317604,0.03268967182220836,-0.4838908929143649,0.0017274965030444382,0.2170695001721615,0.4392945086440008,0.4686346561675588,-0.017103600149286736,0.09233920855103954,-0.4701690902878836,-0.20791052676831037,0.2678178467820777,0.02319129632111334,-0.14120059522680808,0.4044605900969795,0.0319634237888911,-0.4473220470646016,0.3172344678416997,-0.39194353972426293,0.42309570372576494,-0.25539624888279716,-0.04919032464145567,-0.4725002852089489,0.4996895472612172,0.26373463907144007,0.4044469814686232,0.18073184744851353,0.14584812194315186,-0.1853799789779226,0.07060876314174373,-0.13505501388490718,0.266943616723931,-0.2887247729294589,-0.01963415270559248,0.0403325749522181,-0.32724899798033286,-0.3834270538150258,-0.03050146985243045,0.17677747817390774,0.1886332623945067,0.03804459631130642,-0.3236983062416305,0.0920723015216262,-0.2996254741325682,-0.0041068470883148,0.4834293520810697,0.1549936861484061,0.034547439049453614,0.38937131737014646,-0.39697232170741387,
0.07319157878517936
-0.19825795975507654,-0.022774144882400524,0.1204468772321147,-0.3742552194018136,-0.39660539934395905,-0.4248621917478157,-0.023946485661537807,0.08148611858015971,0.2492122840487227,-0.016199201919600947,-0.49909432528346304,-0.3860544379052792,0.02673279950444754,0.47033058930632204,0.4083843385664398,0.29390712245784606,0.34245206493411334,0.0649917020944713,-0.18881944780876225,0.3392693913808216,0.48528206727826023,-0.21485719006698287,0.1555660443011029,-0.15430046029296599,-0.3409167984834947,-0.0456747825869436,-0.24818928282895797,-0.4725009254587058,-0.11767982334646544,0.15177777240200438,-0.07942043706661342,-0.39744672989363145,-0.1702762423489994,-0.03232680310360549,-0.35639817944934993,-0.38987863016162977,0.1987994587132084,-0.3373365112424725,0.005131780361423524,0.3895599932670098,-0.2743073857124833,0.0345884163854978,-0.357409015701804,-0.3323132514334452,-0.4553818958536943,0.2788981667546681,-0.11468821037987242,-0.29755791166016815,0.1879911355792609,0.3990254370132507,0.2551560094904121,0.21477242719387196,0.1594191662014956,-0.23219197875979308,-0.4742959373681272,0.40210888681038,-0.3250987798127219,-0.22816462448035552,-0.40680817423651844,0.17270662966667644,-0.13489014682057981,0.08042973693705802,-9.630703279965702E-4,-0.1342814829060986,0.45874558374082425,-0.02735763457650847,0.06199282486992817,-0.3708478769236582,-0.27419715781709014,0.32849621048743655,0.22738287544434616,0.31633677868410776,0.24962555925815116,0.34480826966197414,0.421531028585362,0.23125326911667748,-0.08208010706542757,-0.22872309013658804,-0.08858028404390761,0.304055365695677,0.3754299599743533,0.4791197680755827,0.4127692139004309,0.3103395040785731,0.06477234841642465,0.47240098928776025,-0.03585253408326984,-0.43880542398867434,-0.10303638762157663,0.03128661146495618,0.39038284945845786,0.085791322958643,-0.4605357686715746,-0.46318037863346545,0.01546678513323894,-0.29575334053278485,0.2871017431607385,-0.3315928890972785,-0.34670310996394565,-0.4542749056590492,0.49002445720598314,0.08806369893521448,-0.1959742545346484,-0.4947837844449527,-0.4471234583914457,0.42955714332507217,0.41444391172258815,-0.14784691885950424,-0.4093257284704906,0.39595324166009144,-0.4772592453411067,-0.29498618357386014,-0.07059798590456234,0.03565901775756829,-0.39885050696542007,0.36827461388795796,-0.22686384400515608,-0.18508530285010522,0.43439814765306045,-0.4084409950943288,-0.4754564807427408,-0.06621374776803723,-0.07244860832373134,-0.34444484327720953,0.4418905869489396,0.44306237476134763,0.32374248284526635,-0.18475083632269867,-0.45676174303682,0.11106076221087902,-0.06954127234384944,0.03824892220152641,-0.07271336961055419,-0.3377996118814511,-0.3975420429480921,0.16445015947716252,-0.029627339910304362,-0.036701541577171884,-0.08994280652041753,-0.41697824726347293,0.1804129875003932,-0.031098916240653016,0.1334492225179174,0.27366544472204296,-0.158876508802469,-0.24644017802027024,-0.03313319239900693,-0.40866972505033056,-0.03636456213016205,-0.24318345200460417,0.09082763973363717,0.4870394682566281,0.47766824294222937,0.44576128331615045,-0.4236415669785479,-0.0477862160145507,0.04070688457984083,-0.039620823150088205,0.42200937607200345,0.34985183177535567,0.3211716517687156,-0.05149598992475925,0.3926350482240531,-0.04684526259166112,0.12035686473577123,-0.2799522851050055,-0.27166835522528016,0.4506584980893848,0.2379542440955869,0.054276295558944296,0.22258437231228761,0.3966646659062915,-0.4427343060051511,0.479254889413725,-0.3694068260745688,-0.4132639219878103,0.4287492104494371,-0.39081449533284635,0.3619087942910329,0.12025103024771566,0.064330712157873,0.17321300845596083,-0.06407470320369679,0.4754857777057024,0.3199540408451696,-0.3016236275596537,-0.26556078419390866,0.2674220924841391,-0.0598702239677741,0.419733731169412,0.17239980535990435,0.4844528767984209,0.06578295610194396,-0.1177086635413036,-0.4738614885875981,-0.09261464680213638,-0.4345108686458899,-0.1277818370917559,0.3077799956057628,0.10261834146910775,-0.4597735731701175,-0.23107057745901244,0.25520153606204515,-0.14890386150114548,0.1730613389693037,0.1449736846661261,-0.2811791696132763,0.12561852476386648,
0.35068390311738495
0.4594767391807931,0.47191277375933016,-0.23652655087350308,0.14608797864416523,-0.026894908246998864,-0.2702207934845119,-0.22040921858677018,0.43371803681147075,-0.3614664174007395,-0.48453465827324516,-0.09410088368323576,0.33596043688483085,-0.49591605430469987,0.27234321999043243,0.24359866937806024,0.30975798569753626,0.38113035021439395,0.05699902588318354,0.14251634020721413,0.19059358637853552,-0.08446538165976368,-0.47877752719113015,0.3266242991099936,-0.19001917794517148,-0.09211066086370068,0.3150920973886873,0.006155390528918271,-0.35798035889808416,-0.2798914375883251,-0.48326499839046916,0.22431247615107414,0.45283613112817855,-0.13048587661853014,0.18251251969324594,-0.03443173244582477,0.05446788124023447,0.45874931159182436,0.13761647429629273,-0.3829415944943537,0.4331141232285822,-0.07805600846447579,-0.31872082169569527,0.21912452619653586,-0.2866505449230433,-0.3273059512622677,-0.03203962479589432,-0.43507549000435286,-0.3474198787810088,-0.3635456024209608,0.4456019345805998,-0.3790299256867813,-0.38441694603814835,0.31990407852931113,-0.12071586013933809,-0.07599371445545187,0.2697821324945049,0.02406051738793331,0.17066794809997307,-0.41775373275445815,-0.4365108664222819,0.044035593295869334,0.3950666450850243,0.25904423106609875,-0.09835204517633687,0.21452606887461742,0.22121676326368797,0.04943717849247083,-0.1825480113626922,-0.041948290084013386,0.15323131947562837,0.473463430714419,-0.14675543301686092,0.07205536051705165,-0.16011629632256222,-0.09510866707882502,-0.18959910443526076,-0.14866882871990575,0.03328345339889008,-0.370030736551028,0.0054284749883722816,-0.2161514316406549,-0.3528297736186472,0.3880338827956601,-0.32168644152793036,-0.01910894461527495,-0.23553460678669028,-0.31570984579990835,0.23917837114208604,-0.29346926255738437,0.37438559768683555,0.38480396684960405,-0.3893954262287238,-0.1431891242080862,0.08133606699458652,0.10472349771673507,-0.4744837923542341,0.005610270875509323,0.020965900164283745,-0.31702666680638114,0.2743054417124743,-0.31798512584370486,-0.2568187519504668,-0.39985897598605025,0.05992271573877247,-0.1268762238351772,-0.12242310930928978,-0.45899745100874545,-0.1840576262575068,0.35656816185862505,-0.016339659617258185,0.4291100270745267,0.07015398620008008,0.358622950059286,0.10640662224381515,0.16809109376084105,0.19501808869842105,0.20664351889881435,0.20709653198784658,0.012786345742582266,0.17636504531980576,0.09866008095437241,-0.17994562829680785,-0.036922452521345996,-0.1469962054237978,-0.15168515763672066,-0.00218393712537005,-0.17576417606260722,0.43244697512038377,0.47992840890453536,-0.14957804229138874,-0.39015385201108654,-0.028252160538466065,-0.15366677439459445,-0.24105688157236807,-0.22315998753457225,0.42748338527456076,0.021213423102078032,-0.35098622523077305,0.37689590654422755,-0.1747930622095051,0.07804257687516282,-0.45294342070486826,-0.41555728710107886,0.07623310587505884,0.009311478429943293,0.010051754333549838,0.21872856343261346,-0.021593537022253795,-0.03740953203589551,-0.08088522667410368,-0.1841064942213844,-0.02245529266255746,-0.32592803259017733,-0.44218842843664474,-0.47328833062769904,0.33753606275704595,-0.03440949679635522,-0.14194542748886677,-0.38335559087648896,0.46960964953585205,0.4377191981849885,0.1895861669604648,-0.37292693282015,0.3050867231934383,0.03939292011229586,0.09347110710897012,0.32005617458385993,-0.2390402068871115,0.02361047562940195,-0.08431695684949168,0.3736828284247222,-0.456064544244561,-0.09088098087416739,0.38378416423745576,0.4210700617462918,-0.23388391748606888,0.4595862158476627,-0.21213839286168537,0.4332791356427286,0.1042843518048683,0.3646163050693896,-0.42370219611638327,-0.36509818600584154,-0.47520588866445623,0.26106891153230216,-0.1423835553556482,0.11079433618491187,-0.08264058851725507,-0.03151001004044588,-0.4884407925394122,0.013413743487332113,0.33357322307594417,0.3290665325737563,0.3557133109268503,-0.187562885618248,-0.09022374357257888,-0.15963229745750743,0.08842307579349563,0.34182135809173797,-0.031064866451363388,0.34823726134596356,-0.4656164019607111,0.49418755199177633,0.2424784685794533,0.4275530914091078,0.05622794184338916,0.2883905495817002,-0.3694214731183637,
-0.04863037868555218
-0.13735147164859568,-0.30756410300485654,0.4272128675450313,0.42129957753251546,0.3495373068382419,0.028857995820037535,0.48294771367396605,0.3161233268122989,-0.47834626085576165,-0.010177138515257617,0.3299692019370348,0.23426571584280992,0.03745047384468085,0.32362580599635604,-0.07041508456769921,-0.4102587926815414,0.3782162317215822,9.535691468774987E-4,0.3019477466827555,-0.31368900607017947,0.19031411666015588,0.25742012640997386,-0.014677168585037526,-0.17800588762635755,-0.10537212711695637,0.24191378446264644,-0.041176699091834086,-0.17491787753718924,0.24749960345454153,0.13031931085817733,0.39301404709288923,-0.45029518135316315,-0.34509287573950864,0.4703620750235972,0.350764993411712,0.030641690621480783,-0.30924001823834085,0.21190158048758764,0.3512164992465516,0.45183503983928747,0.45210212719680204,0.3470348376198175,-0.4694084915182494,-0.1824749742128743,0.09348172074187328,0.33456031469550723,-0.013786712368788173,0.23240331385269838,0.12892992242490162,-0.48330227392548014,-0.22570623567543327,-0.005393767600979932,-0.13796414494608558,-0.4515322803485318,-0.053498461817975365,0.2844616374953897,-0.3885882871032285,0.4553728496788671,-0.04300616772683587,0.09238287834214592,0.23545445343396595,0.31084553293116607,-0.25099255944208915,0.17084190915760442,-0.17149713177057804,-0.31782446047222396,-0.1610903179066915,0.21821610312352943,0.35990468546948967,-0.06789455629066382,-0.24434913622134083,0.20640426431793588,0.4581730367599734,0.1830094239506462,0.2648470169019779,-0.25054083715536096,-0.49567511619665977,0.25154738078110445,-0.09073745162439578,-0.3229143915837323,-0.30834117316447834,0.14391243026060105,-0.46874971060944476,-0.47529562485734894,-0.26635673993783543,-0.23473272102964007,-0.39225426757165477,0.48088408928871157,0.457250096553349,0.34169038025733417,0.42470178534894315,0.44329438960958284,-0.39401654852897455,-0.32106944813565946,0.34538879752036006,0.22593596527786428,-0.20498366911781699,-0.21050564286855825,-0.314225732849389,-0.36674637673298655,-0.28973685202036864,-0.3919324825597222,2.3500283088427008E-4,0.07084097122913297,0.32387906727990207,0.48499830826547924,-0.09785567238707155,-0.40220349093779634,0.11059200874735525,-0.10145292842142001,-0.10358444188014665,-0.15760760738273197,-0.007563188514501242,0.3588328753150812,0.08487187983765371,5.687322395186587E-4,0.013875125262984372,-0.21011515142229933,0.02035239439601654,0.215868315092392,-0.44505123032087374,-0.22906807648401376,0.4317525832686438,-2.2267975805205403E-4,0.22702838150745205,-0.10595790338992922,0.019736771266143694,-0.006959956377284605,0.46388323519108815,0.15244776905088828,0.031649294673314614,0.29136651350532566,0.22021179707213187,-0.2876285300187908,-0.13581001710202847,-0.23694589363081878,0.12043749984585878,-0.35910829691820084,-0.48629133371799255,0.2713950369308525,-0.13751275910622288,0.16336616729718498,0.29651256236518025,0.4813440684373786,-0.3255650134389842,-0.19384434518032082,-0.10463067003074084,-0.022228591174169986,0.14630662387053248,0.3438683864344992,0.45342792593195164,-0.24827171993091593,-0.18499392159349118,-0.18492834070775557,0.13306781206268278,-0.2784967129220996,0.46723708467993946,-0.0036063926261141518,0.2847271178158374,-0.15314996971191566,0.24345904854910735,-0.36783502036773436,0.1295483866955621,-0.43238257770250016,0.27532906099646665,0.4052268749578923,-0.35027955947573025,-0.24788382159141012,-0.23025300740713964,0.10425749739322182,0.20168331776267398,0.07590607613265016,0.16453372317665513,-0.3060528618517347,0.2199027579632514,-0.23170943694257098,0.22393736890611501,0.026577272868680713,0.2627095111308427,-0.03834351805853388,-0.2834239425098494,-0.25296371277046387,-0.4332619298508786,0.45789847718526927,-0.37590997390590114,-0.4619690738248146,0.2227879154051585,-0.4134806673135621,-0.33431031891606927,0.22822878907268615,0.06347031808524056,-0.029401617941866475,0.2919504796698565,0.4432945846128257,0.36179195367257194,0.43967283598284995,0.20061974281325443,0.41825819682688675,0.4798661144920437,0.03267718595736534,-0.14213598839126454,0.3093802631300511,-0.3217687276302113,0.019438373319473724,0.47030016348997844,-0.15534288784408926,0.39879581505997447,0.13582538723921686,
-0.2799146533943488
0.4246265072866821,0.45838941805850913,-0.23406956525774256,-0.40023192477831215,-0.08313491077932895,-0.17627938848403238,-0.29886741983076875,-0.22634756433574743,0.02818367266208757,-0.3691598336240999,0.014378295731165919,-0.15590897716788915,0.09757548476468855,-0.33267736094650324,0.3104350615100341,0.010852484681918403,0.2489933283937892,-0.5009437801005572,-0.026587756766390164,-0.4648136386450233,0.18073345085446266,-0.16121762782930185,0.14181787468376383,-0.3091073914022888,-0.17128310423703993,0.08705560061382306,0.36064073745888275,0.11954055960240824,-0.13507453595764277,0.2899475116617849,0.3539557346974147,-0.41586031214191,-0.4633903874020071,0.15816744915702652,0.17087155110017738,0.4089762270608765,-0.3335274712809467,0.2059975039220479,0.033460906652780585,-0.30981654323658125,-0.28146995194907476,-0.49282522104152526,-0.42306254481896666,-0.2933659254956482,-0.2703235833638591,0.06140675259575245,-0.1825266657609606,-0.17391101422361982,-0.4563165543893378,0.24720396055442864,0.0963335818217483,-0.40530140305836393,0.2336221270828866,0.39991333666885287,0.46373462296168877,-0.3611383774544382,-0.18168065635837977,0.11287315868267196,0.4447395736327219,0.4633213805135554,0.37625700339234114,0.46580766056637857,-0.10179763514304767,0.22497839951733373,0.44418570667391477,0.01789387953524188,-0.2726636111733335,0.08596619013712843,0.15092313529525686,0.06797262160579016,-0.4704151525095167,-0.19480047712260834,-0.11846633456780524,0.38066464693404145,-0.11617922788544637,-0.18547979482553917,0.39306227127358684,0.3046922357246903,-0.13549234426035378,0.14372830010824006,0.21022232498053978,-0.03150511573714393,-0.45469834168716217,0.2082011986250079,-0.18208636695922437,0.028267622825381734,-0.29132100548635775,-0.3465327540373814,-0.36282646737308455,0.26483918220873726,-0.28647665619708096,0.16301406109032762,0.022139984893522396,0.17834605115003394,0.48920951052193196,0.37877652540862705,-0.4521667622794935,-0.3865519366289486,-0.07742868242528837,-0.14183717752086406,-0.32796202646725314,0.3628698465113992,0.4832433784034107,0.29714125345547926,0.4492952149331487,-0.35665853717006424,-0.20678251822353627,0.08582473047714663,0.3509895027348694,0.3155510967608032,-0.011943339705195774,-0.36884636094771006,0.40274371610292825,-0.27148885250882326,0.14006069075557964,-0.2193079455382168,-0.21119017680497337,0.10877845812948723,-0.28222089934630346,0.11221624709966345,-0.2071286636787502,0.4862585391684051,0.04161888402720817,-0.18431158024461008,0.4456489603622873,0.2508624036069521,-0.0381042993092132,0.38737287985655866,-0.4680719739579099,-0.4319260220448842,-0.46647072885345253,0.3802656910743313,-0.3268974296295799,0.04652503372784025,0.2906844949971159,0.010673031407213558,0.046057810566208855,0.24696361517592,-0.16498744665100612,-0.49231239342943056,-0.07481138408370284,-0.15045914301373614,-0.15725363936919817,-0.28952373999155945,-0.3584206054517962,-0.44486942403342367,0.2687576622858274,-0.4322934983019231,-0.2581541744703941,0.08643457829272223,0.4797836314262881,-0.1258970986313779,0.09886678819609081,-0.02408393331788619,0.2843830230712928,-0.2089605639406144,0.4776105888562566,0.18014235484655688,0.3437832211307966,0.4412369833909947,-0.40851368092420237,-0.056092716750515394,0.24563088902401453,0.1420497271884979,-0.0018718603595187545,-0.24745728569869646,-0.3982389048137833,-0.3525118694889777,0.2782461736408346,-0.34288221178656075,-0.10854931173662523,0.10604040559114054,-0.182845328422586,-0.26523683008720056,0.4132236979035584,0.30951808719239093,0.1658149441582592,-0.0448528395620029,-0.36887213751147196,0.20756573655961913,0.3967061716659104,0.26416921183512176,0.4055031524964665,-0.4068612842332965,0.08956504947969697,0.26722568206977937,0.08361441377222463,0.32616701760944566,-0.4169893912171613,-0.5030585217137864,0.1921221908982163,0.45578726954474846,-0.08970221899998625,-0.11594933444012472,-0.4787828296894775,0.12593899822067384,0.40091974639633177,-0.2848523111091418,-0.2806550024706682,0.20478540150363084,0.27450562618558216,0.05732049082433507,0.1278004563470802,0.1653330040712539,-0.3205636247763841,0.3572153450881447,0.47607055723959635,-0.1372118509380848,
0.33223712983270093
-0.3184136248674407,0.23226842881444898,-0.49558810245437257,0.2316182061367403,-0.14834264957543022,-0.14717789320730695,0.28287929777016757,-0.3140335190123811,-0.4406858952841194,-0.07480024218613952,-0.12771520798371777,-0.4407346019156058,0.378320811206373,0.1827880212110886,0.19935234308792626,0.39045453141260583,-0.4938386361851362,-0.2803020168190883,-0.283780183675578,0.3058406737256465,-0.055993076803906784,0.25072095438798603,-0.33427214308100683,0.47771404914940596,-0.19489970559630432,0.17498814584269026,-0.2997794864986215,-0.06110192570994022,0.3980961802749523,0.3136488836358402,-0.4356663806281997,0.4875922151847243,-0.25165734647167326,-0.37554419303691455,0.45814397961186537,0.3659151466186752,0.26027008673187896,-0.09989408051054123,0.12663164047290806,0.10966241322450025,0.2881936188407034,0.4368490267050634,-0.31848226886871644,0.474580860428944,-0.49993967908042347,-0.0607385887669376,-0.3387940857304247,-0.37807802497666965,0.03610468488657182,0.4577757116132658,-0.15168368452463413,-0.19129287507276097,-0.3607882320528598,-9.165279140140302E-4,-0.0700089401486171,-0.3228612466340324,0.1281783992972498,-0.44760517535855293,0.1674695521157192,-0.13987388711334017,-0.18863156378279314,-0.33165808795391827,-0.13867337665122795,0.028386121562158747,-0.3021226818111804,0.39988283281892667,-0.4520491408968845,-0.30712957395163487,-0.346791107254687,0.3686643100252184,-0.4564952055661671,0.045996530262154674,-0.03224311515557883,-0.04434711965782844,-0.336477803614765,-0.12386265824855587,0.1589223535566386,0.1314459893162971,-0.31053764965849506,0.1220500281664238,0.21148720459642553,0.23952584386461237,0.4279546647235747,-0.0525983810925249,-0.12409632439971659,0.12482080992046904,0.014131527086436838,0.31027540652429,0.0904476581366072,0.36029007647239,0.4473610975793574,-0.1214810565213484,0.0707241173575847,-0.034150646942932295,0.21585580506757382,-0.20097975062286658,0.11880050156599968,-0.06319306837859229,0.26604661267204244,0.26747664745595745,-0.25571563150340826,0.10308057026502908,-0.49672320630655165,0.06494599641403924,0.26094969462782514,0.32581777622862795,0.47228343636562775,0.22844735558159743,-0.37494430300263426,-0.19535674364873393,-0.1409013879975564,-0.1948955431426578,-0.08470881260913395,0.31660892109055905,-0.019583577928521355,0.20280212675678108,-0.48068395062416547,-0.4629764249432049,0.48213601696642705,-0.004948200710116141,-0.21183881750135838,0.20269075151704527,0.05570521074463542,0.1637396011956563,-0.352713233833296,-0.2303151448648997,0.09905235607627332,-0.3293435069056099,0.41188798485335376,0.39064730008903537,-0.10169032927105255,-0.06281330046282842,-0.15592348267510794,0.4906858633622112,0.08719378216294131,0.28125727857041094,0.310854633852628,-0.043687716342802545,-0.14717550202704602,-0.38837204132948056,-0.24566124699429084,-0.03154601176089174,-0.4000740066830336,-0.2881724703588633,0.06947750536553525,-0.1915715649129153,-0.440230572392579,0.25951895362794286,0.3995485367753119,-0.45513069006149176,0.13587940686829744,0.32180221287485267,-0.19399189908293227,0.3699455483699713,-0.38455880132367215,0.44294079344346815,-0.2531945931108174,0.4948160722128523,0.24350954438041325,-0.4017763795309186,-0.19393637895049212,-0.06288579083412443,-0.44346619503079876,0.22615134149667357,0.15806834875728723,0.2373576435740142,0.30237855897132204,0.27086229698908226,0.31979278782162446,0.1265311881924482,0.23593270435962707,-0.33231023173928953,-0.15127085574650204,0.4336912822965264,-0.4274360258892841,-0.013030714645482208,-0.22341671917642406,0.07029259780727197,-0.09390999611439672,0.014690571261091561,-0.2655696327473849,-0.24296114039099484,-0.04639854817466848,-0.10668404459606846,-0.07878318791543366,0.2694113032876295,-0.42361392309019263,0.07206324548188241,0.2950341494917985,0.36963001208902535,0.1443672645803504,-0.2768223626118127,-0.3746216839907057,0.2656547562109026,0.46088451783671136,0.4691940594003716,0.33464821710768855,0.3919336913606075,0.14530704289993687,0.23591748018482314,0.37842525736883637,-0.4580405342322441,-0.4171136994932372,-0.20317409618016982,-0.23338471530720065,-0.10070542534063671,0.29441691257928215,0.10682649581444918,
-0.46675347841321163
0.31256766081872284,-0.14640205717493623,-0.16218874814693374,-0.1967148508323413,0.2322400934651425,0.2792871861230088,-0.3839443273242145,0.05856890548673996,0.10787484825212257,0.18671857745386822,0.35888237711339965,0.17484130789214383,-0.35039362975692073,-0.18795361149142606,-0.272199397500552,-0.1926238688955707,0.3243787949175206,0.47388680204741274,0.19736477281665263,0.2647152261048928,-0.37762067997961835,-0.08295360949307978,0.42160521898438574,-0.4533875841445281,0.14159974900836989,0.48194152712985566,-0.3945401926057615,0.2849350352181648,0.291002937133865,0.017387980980226286,0.3584836938622041,-0.23617972153218464,0.4654065713902789,-0.015087383315969776,0.07595822258497173,-0.13313511287872687,-0.12524169055296291,0.2583823067367945,0.23605756621298213,0.4916961855002172,-0.18481368094218076,-0.2943247524335455,0.12726677212128967,-0.29546953504627305,0.07219288454053274,-0.2338066116808557,0.4306988008964142,-0.3373689341236128,0.30617067526279074,-0.12439658132799791,-0.23533643013946914,0.12251994781335085,-0.26680641205454037,-0.22031813229570285,-0.22588121838572617,0.17548430733733644,0.14657744128346395,0.4860138332491477,-0.40450178548601146,-0.2975502516783317,0.341230911017125,-0.1530739316602211,-0.4393995151365987,-0.07517541065546351,0.3010081370635359,-0.45873729825300025,-0.18342952461941775,0.34284942395816886,0.0883019205208102,-0.4717234149665722,0.13373287730027772,0.2992760604479786,0.23546927650435934,-0.11617717480515755,-0.45098685210985,0.3837377941828892,-0.4207185515953229,0.29720559577978145,-0.3500918554078236,-0.09803708584999482,-0.09755731369120535,0.4064427044146004,0.24244507761595102,-0.3259778922780515,0.45032373301501327,-0.419622582572022,-0.13370574721073747,0.49708938992705476,0.3764072241060238,-0.28202002252533154,0.12117714881926933,-0.2892645800091368,0.4365436601757572,0.12834646374660386,0.05093866968918317,0.4365611763566293,-0.2000312289336681,-0.42068445303037383,-0.10487207632471995,0.22901858414911824,-0.32586594348018705,0.15828893207963346,0.3626598075460927,0.07055458445357832,-0.44924596316485954,-0.3242456995013101,0.20810483229455534,-0.12824684130313668,0.27207546138348493,-0.03982563030167472,0.2983822604643631,-0.1040602114620176,-0.21077495545634672,-0.45768080429075364,-0.45389246736532196,-0.18224855115740457,0.4385941665502866,-0.09221647200037864,0.055572077454741485,0.4464642419677841,-0.20242995020693877,-0.29165563259042115,-0.4216906372325304,-0.5025899483918865,-0.3024747890745332,0.06597858860074024,-0.0925714159232045,0.1786026470154748,-0.23017240999399058,0.37777403556740086,0.153373243826479,-0.22526733258577314,-0.02026357509859513,-0.16436794227837304,-0.06151146083997181,-0.14302033182164686,-0.03660052980387294,0.21157302816059476,0.42375845528893585,0.2246292559183396,-0.3752304218040381,0.3276206885766342,-0.2617006593063671,0.19327158193661165,0.3721094188027759,0.02865549653116707,-0.17932581356890143,0.38439696357164554,-0.42214462587587054,0.40729049719889465,-0.09918276125977943,-0.2575066720793239,0.33096307808012326,0.4917380171882403,-0.1476634983212437,0.1082895504894944,0.31745784489661855,-0.39920067172342055,0.4271868894841191,0.31057695333641444,-0.28723375104720306,0.09452303931298767,-0.05181539866055871,0.4040815860185297,0.29850509207117537,0.30474299917135284,0.3795586031500412,0.3771477591472425,-0.3732429824260195,0.016619311495918755,-0.17828702181468703,0.38053320927121637,-0.0535377975784924,-0.009528528752361055,0.38359928462687976,0.28740465395189985,-0.22059151766750063,-0.33739465618366404,0.0745753886265369,0.18466235731101854,0.48740266495199214,0.34450115863971187,-0.17264640910415885,0.21701050996673998,-0.09244197107991758,-0.04835778158030644,0.0146171420861193,0.057730115697935756,0.14923457380777982,-0.46357025837168453,-0.1458885841439973,0.16389925801962235,-0.05598047797240289,-0.3259581878462321,-0.08950815661685418,-0.11115416669329503,-0.4807619901356047,0.055759557501433264,0.4969379509753672,0.4709055085132653,-0.17416524383746057,0.4811970647933299,0.15551886076724453,-0.10490190428766921,0.09306946106277791,-0.19096393726934469,-0.44747741117751394,-0.3668765870863866,
-0.2897255516052588
0.3266939767567695,0.06483360855417984,0.30854596305022225,0.3017858543986876,0.4201606016470585,0.04339588290460073,0.39537612162045843,-0.224541388105964,0.416781171876508,0.27038198780166045,0.19064574982434765,-0.45606057022337715,-0.08322212824320278,0.3580863912809234,0.3850399106648186,-0.03829418215376382,0.0062968186512862775,-0.04426761565581061,-0.22698602022682746,0.02721347908850012,0.264661893368161,0.43612641696051935,-0.19488515918724209,0.4096244933110219,-0.41803731440481656,0.3794881457227569,-0.0715655751346171,0.430900946967431,0.4156445789091509,-0.4281957702836769,-0.08520720970307077,-0.09528702083273265,0.26556882679487803,0.4254907214476865,-0.3323240581988681,-0.31012552050089137,-0.1719874888541961,-0.30020974610748774,0.31986694933608306,0.05026438704411155,-0.5008159223236155,0.14835831585977674,-0.21380457702345637,0.4310966109386921,-0.35464968760103943,0.25585662219468075,0.3204604807542428,0.058325340101556135,0.32730300245910426,-0.46402779753008117,0.03897077801084806,-0.15305257125590857,-0.024909475614376904,-0.039561043632591796,-0.1788972574779745,0.465116913514911,-0.1549944790364937,-0.0366559433023342,0.473848371491394,0.041931987596900124,-0.04101781293071046,0.12260545422146171,-0.44357862338652543,-0.0701508128085995,-0.3739359523167214,0.058933647167766647,-0.1990132960038812,0.13674580250426113,-0.42375403141972345,0.3123181777074988,-0.36313132289628347,-0.47199718926409806,0.19890848356665589,-0.042944095919529045,-0.07186860943700271,-0.3344179123424227,0.37122655117705716,0.4985641195947488,-0.33178599084304694,0.19892355534771575,-0.11365117821257945,0.1586987619579899,0.04034332942287492,0.05158895526498889,-0.4531922690317717,0.001024028281734496,-0.051265864406416305,0.2579311544077225,-0.424465448859636,0.47345678368873956,-0.1468722839719482,0.1956688689636977,0.11501775076759921,-0.14706504022932845,0.49800753974283696,0.13309852565385935,0.23455722609561067,-0.23476323226838672,-0.08212983569062152,0.4637766924417033,0.046230618581375484,0.42280288719033865,-0.07878111828353221,-0.2631424092234006,0.24210230805089314,0.4743915738700354,0.10848615611614118,-0.3921275607952298,-0.3916300720888056,0.392621910593695,0.36288017599867683,0.13258813550967294,-0.1534434947444238,0.1389384811370412,-0.3318096882606576,0.40568519077789367,0.33752149116561736,0.440255734313337,0.05387447731071141,0.40634568017854156,0.3209770512213923,0.3875181270363658,0.4452913075920065,0.05444407321054449,0.33136068396547014,0.2236381259645802,0.20572868499694238,-0.09611511426174482,-0.3696710818742994,0.12675052794545358,0.19691907550802687,-0.39626692045028644,-0.1931988530880319,-0.48555131251919537,0.2560217222774295,0.2431345323184406,-0.3226034981201463,-0.10435567331712606,0.089590295997754,-0.03737464752131655,0.11327092886743026,-0.42108045786558534,-0.28116606679587075,-0.23771951645172032,0.4437757083132239,-0.3902845085454698,-0.2244814259472158,0.26625375203826873,-0.3569777510690585,0.15343000553543937,0.14414455716248584,0.31361271093228327,-0.40764701540390125,0.16747161961190402,-0.32642447409521713,-0.36302640169984945,0.3298811623244836,-0.38745508838364395,-0.059917077409826734,-0.4367071264940994,0.347677322209445,-0.35808153468286563,0.33380884495597984,-0.3747260703787899,-0.3221564020555834,0.17715305809837653,0.061940063292467006,0.20719838548087952,-0.2793683510750238,0.029744494371349232,0.014423910562260424,-0.13440639406735658,-0.48907634208675366,0.26036206084554536,-0.1781531464886901,-0.23700051053891305,0.39380982236799567,-0.2191600860626878,-0.14986504426761896,-0.2678015438680623,-0.11433933076179639,0.29880570162264075,0.32302474672944304,-0.15137442658736003,-0.16599479695779143,-0.4191934160900105,0.24079211155522592,0.0302755829645348,-0.14230874210889047,-0.33297972527007436,0.27251568375330804,0.10727669017532068,0.4482176526882805,0.10911463926802509,0.33919059028757914,0.007401389541639233,0.04379240642498742,-0.4774541096292202,0.1762971283960791,0.18913692748115438,-0.15041544412413546,-0.2544373302563757,-0.2330317570419114,0.22053923971545505,0.17080223482835574,-0.32059087153321764,0.1706886994470774,0.44994560961890306,
0.10584562859592168
0.4486586306719467,-0.06158052587108163,0.04468101546248269,0.05374065130890561,-0.14136762750932164,-0.005133522063872324,0.2775794758895077,-0.35576293494670014,0.2729656237570923,-0.38420189246700287,-0.14729720042238803,-0.3107579674094585,-0.09237897191150443,-0.14685342424029002,0.2009431096440871,0.3042296073356707,0.26156124487221344,-0.41232391080623726,0.16500718310513424,0.4182436916570066,-0.1498284600282743,0.18331415438439286,0.20556026335721764,0.14983087009087728,-0.330679107848833,-0.41631952147766343,0.28727555879275035,0.3339603678303415,-0.1532216760009197,-0.4301358754339953,-0.10221854919209984,-0.19024258778308734,-0.24892110668425146,-0.18530176978751392,0.232838145865797,0.38654878217338057,0.42542688114039945,0.3155622978015258,0.44076967996464345,0.24160235971737154,-0.4158399688899509,-0.23562617983962497,-0.038616922980868544,-0.12718448090104595,-0.42383514959535773,0.422863668531931,0.41723891838171834,-0.3736018076093417,-0.3534063986461994,0.1111410101519756,0.21874327887955392,0.2528673208483806,-0.44206925122322427,-0.011350436661603588,0.030707542062297886,-0.09509051940485329,0.12639005800417435,-0.0906524979116639,-0.4859406846114511,0.4845122319632347,-0.4857185734170957,0.26665706961744196,0.3044316953368359,0.27101833038776646,0.18187868829640996,0.40878135115666736,0.01843308733784301,0.31743792072760446,0.24711008272506219,-0.09872635561926606,0.18875077465157108,0.18926818211935081,-0.3726306112484721,0.14128478220558116,0.42084381512732494,0.23823368295863567,-0.25502749524149726,0.08670258242229308,-0.2631685040583963,-0.2472252350832701,-0.2337394467991597,0.15343626050615422,0.02628595097845867,0.007775481827574136,0.3140773166299944,-0.3446114533392274,-0.24101136653520738,0.4479366310966175,0.3443253800601589,-0.4858038229222075,-0.36868819327190283,-0.017636648804588796,0.40953211841972825,0.34960977835415186,-0.3842614248529185,-0.3576489043469515,-0.15416759416417736,0.476422075234901,-0.03786481432121818,-0.33998248154114796,-0.4854973245133414,-0.21985695763408997,0.059742260449699276,0.36234208023828496,-0.3948431644724105,-0.07884020422897868,-0.28954759988776513,0.14333942781454,-0.33505939549210173,-0.17409261871184312,0.2867932062245089,0.17650597735235884,0.456539005902164,-0.0363833462984579,0.4521367319741181,0.4603441018936074,0.4675363040295809,0.478493381801249,-0.3939925377606287,0.2516817733904003,-0.10535411079926497,-0.15027690896326418,-0.016037229509086127,-0.06533032750256922,-0.2914467300758522,0.3854837961071419,0.38937137320337034,-0.10224805885607884,-0.031407900086255096,-0.477810999537725,-0.13648335302622772,0.046570913267035614,-0.09880006012566304,-0.40352806875670644,0.2108034748833132,0.16767991572178143,0.3820766772654757,0.4849607248150981,0.1874486676260071,0.47610250815967037,0.36919539354327324,0.2656841036001856,0.3348868258248694,0.32919074644366986,-0.4777081845316604,-0.15501461828300123,-0.10677547892930243,0.2698985383880266,-0.2858148356900948,0.3151122808764071,-0.03457190518095526,0.2745010739481838,0.39025982184020425,-0.3398114146910063,0.1195310622264198,0.322954480488428,-0.23533654802406123,0.31206327584945937,-0.0860006892536909,0.18450467489030153,-0.34474547300104574,-0.027428493355834506,0.41049339313996225,-0.3831821222007804,0.35405773155325526,0.06503060674587853,-0.4013808909705455,0.013819760723885946,0.3059634197768779,0.15533421639911527,-0.2011409438604168,-0.09440611884215148,-0.4743674383714547,-0.3082044847514891,-0.46727092414616356,-0.38689558549494973,-0.3789532018758064,0.45293088638390433,0.0533057842459111,-0.20882794793430215,0.011868103125583321,0.16366311536380207,-0.285378057570963,-0.44495374464594073,0.43175015649041626,-0.15703655666653216,-0.37497089150783136,0.37908060177773717,0.08597023391867893,-0.420259977374581,-0.42252240447024225,-0.019567188630716027,-0.10077415981751085,-0.4011801748457917,0.07876594671571098,-0.043625696896230574,0.13316825440580038,-0.3248400937558328,0.41016339581935,0.03070862357589401,0.27922076088301095,0.18196318724070304,0.04341048092272321,0.38296233033435123,-0.4605436979155777,0.31716281449132677,0.40895462863268195,-0.3165746990676307,
-0.4492612747372495
0.3429601936652558,-0.032440489242560655,0.1379629421582015,-0.25438244024032075,-0.006886359516548782,-0.22948562198620814,0.057164976189515014,-0.19615193941146716,-0.44097565631137564,0.2140206877203385,0.21137062261779443,-0.4369469539219597,-0.45674198293884183,0.48515425844941656,-0.49872974244161755,-0.15884400542985572,0.18994017979873812,0.28137667038726816,0.2853727029973035,0.10204041641721656,-0.354986995333557,-0.2564928562991544,0.039572676864698675,0.08025009232144509,-0.02293994931452189,0.18358536434244888,-0.10744838947143,-0.09413948179324556,-0.20139018287517105,0.11252407732471342,-0.01939069063404253,-0.1361149936834458,-0.23221340956532155,0.27623187171254165,0.49585919360388053,0.14191895859660794,-0.17867406713043804,-0.10551967864388577,-0.23609796418393553,-0.07905640451172034,-0.4072696941667127,0.06296006140784584,-0.31999143881101094,-0.054073202080351206,0.10274346476357644,0.3274637591225616,0.3573109850142567,0.27714547715149224,0.47497262768400944,-0.23244848639231014,-0.10363711695019727,0.2670753234816476,0.12509893607456968,-0.46209004714613483,-0.2279315126339942,-0.0658134485338344,-0.39984620264988496,-0.2930244258496654,0.45231749485707023,-0.1879990880865891,0.002894515046346675,0.40531236451088265,-0.4879799200972615,0.040291343997780955,-0.27358518856897623,-0.24967272984846461,-0.3130909608857277,-0.06497280086458278,0.045407666717266766,-0.2507422675748357,0.02338921070211803,-0.4753559631135352,-0.03696319599657854,0.3989684456374026,-0.4761211197847864,-0.4275556394993834,-0.40383807404769995,0.49894454914224634,0.46150187107139246,0.41841139027509316,0.2967024415329464,0.2729712597798812,-0.15634711563730413,-0.43155480410912556,-0.3467870878788692,-0.24465925749333234,0.3408729790214175,0.3350064825209403,0.4942830310666014,0.03902895112108724,0.36563602120859856,-0.009619521348242606,0.024163349608010316,-0.09386337691602685,-0.11493913183457836,-0.16775058855170094,0.2610579463655714,0.0649901637120557,-0.017771670524232945,0.2809890791864978,0.01981326109086485,0.20364967137955042,0.14269603128467018,-0.3709188377701393,-0.2167277050908089,0.33617314971821727,-0.2640319823123248,0.3452597188597733,-0.059648212625307666,0.4658371310921145,0.1860904950463595,-0.10051298487779169,0.03393931867091899,0.4186158836472624,-0.11879137775440672,-0.08041999340645421,-0.1420034153497683,-0.18942727890866212,-0.041165987630682736,0.1162856464892902,0.4707935037513559,-0.4955815152919755,-0.27826417738388515,-0.17917034894172396,0.44998746902959336,-0.4166560982559388,-0.4112167373418895,0.1674401547780096,0.005301063132292682,-0.175665771675044,0.16573060490066155,-0.07692646190557283,-0.11415992703477494,-0.11147432699774372,0.2328504326654735,-0.2824525743498785,0.37163359627382425,-0.037234672749784474,0.18948475352943278,-0.040488783909269514,0.022766131250120565,0.3843873026245667,-0.23000269885117114,0.037161881670255754,0.27451146315813774,-0.13968030375734258,-0.34872482391298326,0.49733903774744975,0.4131665262837733,0.25198831212167344,-0.091158822271289,-0.22739011080690713,-0.05517697332032905,-0.46091494788094317,0.14680303356124474,-0.3168189088309559,-0.12189671438120074,0.4981197239165794,-0.47372103932398707,0.37895139684063833,-0.018073959785004527,-0.16422348900713218,-0.15239587113102676,-0.3932547493288195,-0.3493431075589554,0.0024470537724012153,0.3035353585621878,0.18874440020987743,-0.38846264337661135,-0.32208591334007214,-0.48616327288452027,0.38036054730146834,0.3430750200411203,-0.030988731954661057,-0.023958139125868798,0.3392693361932391,-0.26188268253168673,-0.3118140088241304,0.12285311888037866,0.28205216710713515,0.24161911798584895,-0.30775621996631936,-0.23644763903302962,0.03086875568240561,0.42065505086474936,0.15215447686104105,-0.1950390564752033,-0.44018970049906553,-0.31698510600763913,-0.2023480938539432,-0.20309799099434028,-0.16094067411560392,-0.34923922402796165,-0.3655399462775138,0.02778096379181367,-0.25529092329689024,-0.48358687333655687,0.3673309977211156,-0.39218479428045777,0.053071816493981246,-0.43802833708768946,-0.2213194690442673,0.22060709262841832,-0.42946818083980626,-0.09523297554918862,-0.3895404425373606,-0.0018306779288789995,0.26347571116941776,
0.39705102956530536
0.07875351380077425,0.2829872423504214,-0.14972785378816275,-0.027663695263411,-0.008428532686346161,-0.1420514080911824,-0.3258940656260956,0.22990206593250753,-0.3600761286796464,-0.3486811938438929,-0.10975308218180141,0.03466979763023125,-0.03962724747960971,-0.2694215357239563,-0.15490567935684618,0.20861573945763642,0.25974886851705714,-0.08850898122624509,0.33402326369836915,0.4614236956144835,-0.2638036878800693,0.23895503897569884,-0.1189718294749789,0.3199485609957101,0.29902800535496216,0.08165048767404032,0.4699630328120229,0.3588472757609024,-0.25391539478145875,-0.3792292929571043,0.22823769637892166,0.16187194456196155,0.18294394364873554,0.06342285624422028,0.4033861238796466,-0.3673513219300777,-0.3226418032668106,-0.0030093122348594935,-0.39792698992473824,-0.4952298424181501,-0.4605132460727533,-0.07534042796212109,-0.3345749401973925,0.15676205052486247,0.28080506814761935,0.16168963046469986,-0.2550813986027403,0.1287830196072165,0.2713095031883222,-0.03557654656036351,0.11283967974404857,0.060926102191588956,0.34049130494868646,-0.03324364864685774,-0.008985913689786398,0.12242322489443974,0.08832738746786822,-0.25345591407805407,0.21485521205042735,0.3870286470120345,0.4695597054940857,-0.38248643147267786,-0.1371785484557282,0.02413057273274887,0.2935944064220833,-0.45192586548398245,0.07616671002663694,-0.37846055940380535,-0.35726311109575554,0.4453414854826891,0.1698448573522986,0.4334403203692006,-0.14691949088075107,-0.08915040827903226,-0.20734461152405825,-0.1442136435813992,-0.37478213299297175,-0.02615900214660006,0.3331936251707422,-0.028551495371232145,0.03604575955575435,0.23868912732096836,-0.01210377281561358,-0.4212733412460646,-0.29171428832086316,0.3449208526053023,-0.09155149679785485,-0.280634239014749,0.16094437817299123,-0.3685289689450744,-0.3719530416197298,0.35600980111836084,0.4117889532506011,0.42121574711452664,-0.47051262547114986,-0.48593423954575304,0.23201469453112544,0.3974937763093615,0.4627745226843691,-0.1007618518774635,0.06363320147596083,0.13124107779019778,-0.2540732003903918,-0.2704653880772134,0.5017114076480563,-0.06447352485098751,-0.3101244115687101,0.2793314263205546,0.4164431564754891,-0.12630929272426294,0.47683526719625385,0.4231271491212038,0.24413647973190045,-0.07204432246127007,-0.30875305679396897,0.2879016968412604,-0.28844862550993283,0.047284152791046426,0.05337494040292074,-0.024463050959465,0.27462469473734147,0.036434479597373955,-0.062137610270892554,0.2005446628372658,-0.14953024531246073,0.02256925917654983,0.07302779431647838,-0.3966143938794547,6.403490346603648E-4,-0.45855970312005584,0.4114122306058891,0.44595379906406957,-0.4159996869701797,0.12208682625654438,-0.4619376418137831,0.3733381760666022,0.03914109817163453,-0.3828522183814134,0.14026147488434826,-0.06523656300069519,-0.12085852979137207,0.42530306781814636,8.975620782665213E-4,-0.4033493958066083,-0.3144344612242977,0.18302263642163763,-0.30261673928083505,0.05202718105637611,-0.12605425834324757,0.4647166027913811,-0.3109801660221679,-0.26694443213414704,-0.23039965158929687,-0.47645683156009483,-0.24207639526570268,-0.43276224795084156,0.08048546642431281,0.1295459378832251,-0.1678904923598652,0.1828929875194647,-0.31711635560757073,0.11745529924624026,0.06405371161185422,-0.03420535908733862,-0.25391715709347445,0.34340370266674775,-0.3359669328469786,-0.40360874414907405,-0.38619945916107196,0.36796762856879833,0.39476617056618374,-0.044174308811615486,-0.46703991880175616,0.33236408066575246,-0.1776426146304746,-0.42099412075472403,0.27452717007947697,0.17529272160909737,0.38827124987910305,0.15426906033403465,-0.07353351604604802,-0.45017056333386424,0.11804211709499807,-0.07827879894879758,-0.3445202488049412,-0.4570592811034337,0.31464945969336294,0.20612152190447697,0.03203827297915935,-0.4253974236564804,-0.10203337974611543,-0.2647780172731156,-0.40767567638644403,-0.3408282412143884,0.14641686991131508,-0.15924028487433062,-0.32895242144904263,-0.45142919019835387,0.47294749886542814,0.11684066892999595,0.1807040787100732,0.14501322959045837,-0.4753409222752755,-0.3807598078502838,-0.06430298780908988,-0.02959194605432599,0.3339033273181405,0.22918698591490982,
0.45344299543291533
0.4091034987631558,0.46725031635716474,0.3753272752474673,-0.3880250094672156,-0.08948106421451682,0.12768697195364545,-0.08183382841094335,-0.052973702051939485,0.30736809022284445,-0.07661930550695571,-0.38915610640031056,0.1373992578501848,-0.029505768652080502,-0.37822333988264384,0.2562757689985816,-0.3292891434754325,-0.46662166912944597,-0.4934104123697547,0.3334288508479984,-0.01176275414557653,-0.4628624388685463,0.1151212587579583,-0.37661584376655893,-0.03804461661173795,0.4496548606273505,0.022662537797892873,0.10990976882084577,-0.3249383915807916,0.16764464904267606,0.03632810572752739,0.22466393441815236,0.06799937819567768,0.28958606094019346,-0.3715951704951303,0.3269508272073844,-0.25481827093911885,0.15920925584730602,-0.30966248291520254,0.16079119349048637,0.255335656472186,-0.07620380704353034,-0.27842512436541406,-0.0840743023438728,0.4547278231030349,-0.3768463275594874,0.3791002777388686,0.43373255546199835,0.143023840534305,-0.3658562353612895,-0.0892794918256593,0.04670795860877394,0.02147286108479296,-0.3698115795559936,0.36899767810531586,-0.48375587649743074,0.16428834097515516,-0.4157985871853191,-0.33891092780870796,-0.45689758749963677,-0.38255767561802506,0.2427690170331092,0.42788773277213316,0.36473319017755784,0.4429867140118951,-0.07000977207762037,0.4656292715626665,0.02492129955530087,-0.48760097849051837,-0.49868061422022586,-0.09589331974717662,0.003776859245932293,-0.38094860637138767,-0.23908153799071546,-0.3621383582633942,0.029878477281475302,0.02775320130819614,-0.31956006709452317,-0.42980294519202106,0.061416388285362195,0.4084195758281603,0.3128256954812377,0.0745826224772216,-0.38052887208397984,0.21126898232682473,0.3816209899967519,-0.2959985791790906,-0.11589718706226858,-0.06744463461996096,0.1444669804048307,-0.4139878801795535,0.22271549614999037,0.3926912909174222,0.2788491817012266,0.12977815040364932,0.11019931004507368,0.10272045118808772,0.21884313009542938,-0.35895851632820847,-0.2783571610291476,0.03044931526027783,-0.4164868343297558,0.1919954647220074,-0.16905280881752455,-0.4058505390826432,0.08078338805172082,-0.37476237579137855,0.032461802988818594,-0.490406962397347,-0.45498502777839506,-0.11554020065924574,-0.2821985020520326,0.1952865813787083,-0.42781300385374305,-0.04074017156042678,-0.31370632814314997,-0.19888131943670323,-0.44650689958444395,-0.3925649208436654,-0.2549576619928566,-0.43276073996534975,-0.22367057425322262,-0.3246546050355191,0.16338661719365571,0.14283989055775187,-0.3389362455201382,0.2754087769537377,0.386568492046438,-0.30139447802956215,0.13264005244759552,0.299520342813626,-0.015284865150832192,0.1519603079318817,-0.41201377918512133,-0.25183866629596213,0.41577934867617733,-0.4091689172271025,-0.08664287995772756,0.1371915135754182,-0.18512901381356223,0.02950417549514961,-0.46984088030824805,-0.1922049692937831,-0.3125485633331359,-0.040747573417633604,-0.4965336055625407,0.3097762258338354,0.08015195287932576,-0.23323894027562236,0.33435310719156824,0.1543784968091711,-0.4694840680648445,-0.01501767966739435,0.17532988213039097,0.1400258085748906,-0.14424549116698265,-0.48609898404559243,-0.14241299263227997,0.14286329099449552,-0.369356837206454,0.402793642871823,0.2994106339700969,-0.26630071565711994,0.025976933793595336,-0.47908358661268474,-0.42294710197463387,0.2339287063032745,-0.46845944206445417,0.46015818624391475,0.18249997157175352,-0.14475680647111583,-0.028661363022408404,0.3110466096758276,-0.23300286244950658,0.38141087030905346,0.13387033634181617,-0.46740352081340103,-0.02514650761901993,0.4451343297615477,0.28652247605800013,-0.003158107921805616,-0.19103712146526158,-0.17102712328424857,-0.17930719011555724,0.43049465682602234,0.3376420044924053,0.3765410127040601,0.2830459813989061,-0.1009772517199392,0.45180080975889353,0.038671613501302854,0.08834206720117534,-0.3174547016574692,-0.18787643904511092,0.2989596905790122,0.28056790579645446,-0.12170924277896188,0.08785426087702121,-0.27592208957351,-0.18836008293246426,0.3309675785843886,0.0819430054385545,-0.3335171958008171,-0.059263878622689475,0.04024752809979412,0.36172473336195904,0.210606259925944,-0.4776455052395802,0.02366385656973713,
0.3232057460656146
0.30722731684474164,0.1564781552703341,-0.26769161287660337,-0.31298234096411665,-0.39577343519673785,0.33882992785861804,0.44678660619778837,0.07007041222037413,0.07595619489923205,0.19416527460378888,-0.06185970565189914,0.43101164149221155,0.43808980401038883,0.3690520504580118,0.33113460225545804,0.29865957892789247,-0.41502893184846995,0.24252926298428062,-0.375788529406213,-0.016402784511424354,-0.09034774477000501,-0.13350329388827512,-0.29668544212998677,-0.2922083978647791,-0.10236857458751371,0.4047239796260002,0.490325796460662,-0.190629484518683,-0.2698519940893808,0.29945929364667373,-0.02699955188247481,-0.21679221283351607,-0.2863588478001291,-0.17722214125396618,0.21028390004696235,0.23473332417445053,0.22744611815910526,0.14801035458621062,0.05197873359930059,-0.2975946085305957,-0.4494982095633082,-0.4056557617726617,0.23518845414151904,-0.30728661821741443,0.3429224642690971,0.21746670013593708,-0.28370258165425377,0.20929418192261953,-0.1952875305357444,-0.4821020810984086,-0.4023975978757398,-0.4777932213572339,-0.48185456937209614,-0.38220490942987306,-0.24077347404002045,-0.09164488882804928,-0.23354053990896892,-0.09690242249254516,0.3635418193339719,-0.3751665000440454,-0.3133929634482101,-0.21073839468627206,-0.27434926587970687,0.43031509209019647,-0.042731303160056265,-0.034404465008992656,-0.3457939600358503,-0.4431419149189578,-0.15044587382517202,0.20074552889276323,0.2584482745165074,0.15266750074937,0.37503974258077133,-0.4493289689754233,0.3901930834019536,-0.13423450475571183,-0.0457305449904575,-0.399512027226652,0.3436015425898432,0.4191860942103316,0.4985710727923328,0.1928471994888862,0.17091800886480582,-0.2597746060934901,0.04901795574704635,-0.05194601815414392,-0.01103762883504277,0.4494413183691537,0.14859155031762264,-0.23507534648698566,-0.05098583102895373,0.2895120077580674,-0.0629224414200586,0.40641408201300144,0.12182837565909882,0.3797252724501299,-0.44704543744243574,0.2203378544600514,0.4098737494398933,0.018785918750365303,-0.19748925071645682,0.023051810210702933,-0.2595134710417938,0.12679183887785395,0.21365104345459676,0.18274021945503974,0.2164835388068568,0.31664378366908796,-0.46966696288452137,-0.020996555908441156,-0.3951196189047457,0.015817656522112696,0.4232974871340066,0.3867249092529613,-0.4702875728911968,0.021342473218411907,-0.30626535757074025,-0.46526407119284374,0.0015569104576336227,0.3639908707313919,-0.47124462328077865,0.2235866922493497,0.4642069425025831,0.3821036941775535,0.4310117027218445,0.05176962790070392,0.36804954831842784,0.46113333069802165,0.28953830655261303,-0.10396806180941903,0.3900507361762069,-0.018094465555963696,-0.31513673024232214,-0.2810482458140854,-0.18814650992187684,-0.36123715280393986,-0.0713373225541723,-0.0642577061519089,0.2403446001877986,0.43816694237137166,-0.4732899536880426,-0.13771288492672837,-0.19085066417667004,0.3690016059176012,-0.2764012129168323,0.08769881854232092,0.23486311485555825,-0.052268382531667344,-0.46130838053644574,-0.03276780041630414,-0.3815681186063751,-0.4152628666179734,0.23497814304818923,-0.18482739883258312,-0.32005576533722113,-0.0074425345714686664,0.4759979676167755,-0.2076413172831004,0.19419948416490432,-0.33755833522520795,-0.4792866785916502,-0.07071198179611599,-0.2452319938415113,-0.22748218111387683,-0.3178081880820315,0.2032931716264568,-0.3641388101805143,-0.24094317521984873,-0.06681330248365008,0.09706506415245147,0.44418068956528467,0.1817207184270561,-0.01982213508238892,-0.3941612448207874,0.4570170219586235,0.4443491950931103,0.347164439018529,0.2318470554372735,0.028220559530552053,0.3947526415167124,0.0114753459782939,0.10718512919644568,0.2102682408487664,-0.1798564767875028,-0.08390844126236657,0.020019565517034973,-0.21149833581604635,0.3792525491897154,0.24644989823542543,-0.21588676106535995,0.2527136213577328,-0.4321605185229155,-0.2955751876989018,0.08792742124330138,-0.1583884428332347,-0.09877690735137706,0.13816140327114704,-0.31289910927224585,-0.3127120173232423,-0.3843814851206887,-0.20634069476260705,-0.43710458296096455,0.25967972137998396,-0.16051551546138018,0.1424835377356213,0.4592354308112093,-0.23490079385007687,0.3667466940693277,
-0.4162793056417445
0.029793864809951755,-0.1141283653079907,-0.12683587898934867,-0.4252600603824925,-0.3037657624356834,0.28153763348618743,-0.32233203810903815,0.26689217018437256,0.1507030368866358,-0.4818409335876413,-0.12738638716931636,-0.461214036428185,0.44110903196536244,-0.23561183872095756,0.042671241820237855,0.18930630179114982,0.4214798952011477,0.34277776531827997,-0.470957448641641,0.3722090714131171,0.4093215505003605,0.4606938804753358,-0.35874182911581814,0.07877914039242387,-0.14878363995212573,-0.1926026410980272,0.07306991815418583,0.3605345180060688,-0.13960935234445376,0.43685502333313003,0.23035004650591176,-0.3934341366481367,-0.4451218185009836,0.33240325998060566,0.13294103228348184,-0.31892839362420217,0.2258094559546606,0.3157177522212828,0.049689051925115225,0.013963196429084435,-0.4919158305631401,-0.48418961970199964,0.04678318032071963,-0.20534645241079993,-0.12714782425055768,0.4322001775334953,0.18634209860612508,0.26912052159549965,-0.020305124405564184,-0.2498297822070497,0.2015592744567534,-0.23476893349627878,-0.3634032584522509,0.4467160262052397,0.08891388900382678,0.4764385464725884,0.3828189972463287,0.40420951066215854,0.21007535686750803,0.22456753846384284,-0.002243495019445905,-0.2987205608042273,0.17585975542506674,0.391285457251389,-0.43970560662615127,-0.014031691417141286,-0.0033561313967410723,-0.0410346275471852,0.03574608233172353,-0.1471732441317107,-0.2731937371204128,0.1338709216342511,-0.24875733005445227,-0.05654114021093145,0.10517934373943437,0.338070959920099,-0.4645163863783956,-0.4308675016581815,0.49915969280978306,0.45121755038814954,-0.25495344501499245,0.014420860462078067,-0.20296126282412694,0.05929854953875172,-0.12300550967030678,0.3224430022770079,-0.23872038649695845,0.1247012208705691,-0.023693641833009243,0.2851221869904345,-0.2451202348060247,-0.0695988271234196,-0.41330293747824337,-0.43401669543169935,-0.31637627818056085,0.37081651840702284,-0.43531842242836866,0.3683612077221549,0.45894364643285507,-0.33715548635587306,-0.32072324504805577,-0.17150599517392237,0.2792699955812567,0.3328234806185461,-0.44647590751966787,0.36082707258054597,-0.44783169315465104,-0.10135936981299544,0.16905483172084215,-0.48804596850378207,0.3352224977193618,0.010931922929995487,-0.14879097280517248,0.48997418892510675,-0.2394614817485847,-0.05670288158808431,0.379757978289698,0.42764570912570404,0.02590731110711621,0.22867976132553794,-0.3709302826874202,-0.38943303834608994,0.18507893719220728,-0.07246166575890291,-0.06840484350151045,0.3557184972059932,0.15026455029608812,0.4831612008001192,0.17984281128574478,-0.03894859919025858,0.03189672976916183,0.3704549109851158,-0.4654523593821021,0.16340737241967243,0.1838427428197206,-0.22323850385395924,0.49053002065343715,-0.16009057118278433,0.09667938409300801,0.3667376170340652,-0.033221138553910144,0.26706215766687785,-0.4126979745318506,-0.22194588372947763,0.033582484719173966,0.11215254276718377,-0.4299452686968939,-0.12934794997262997,-0.13293001116782174,0.4731444924033286,0.06273226193579488,-0.09048310797656946,-0.4696857741896057,-0.29388928397023245,-0.019781245569711597,-0.20058980944948,0.2201877827796941,0.4833479653555098,-0.3008077335253945,0.2097232395014406,-0.3095491528435899,-0.48932696184988506,0.3392378558863825,-0.07140463632701445,-0.335909334136332,-0.40100184370109443,0.19887660503299245,0.06766464392704595,0.18171964404790045,0.3331363423866535,-0.19056841246344156,-0.19770356978999756,-0.002120445434719373,0.40988883067110365,-0.37468407245460206,0.1768608611470818,0.3333876453927935,-0.1721821346394595,0.45624235767562543,0.1306078826823254,-0.48060047108248977,0.5027102811970784,0.36501742951236443,0.30691391009050856,0.3276534955611989,-0.444411685164061,-0.09600199289437007,0.39715188392345996,0.07139861729540507,0.47422617205721346,0.24395126987616125,-0.2598379028367401,-0.11720029891502338,-0.4155182448217322,-0.039026149407725495,-0.3507215907815742,-0.07485014229915544,-0.21564460613475742,-0.009710315107056843,0.47109055570186337,-0.3179887510379304,0.2915382022223402,-0.46983979744257803,-0.30639989638171755,-0.11955667784267811,0.2343146665887729,0.4848045877534845,-0.4838458087136798,
-0.29025015798509474
0.27029365029149033,0.36637414742403124,0.163805770587881,0.2050870353134085,0.09930685287701008,0.48456083664738686,-0.07395729862803412,-0.3620591861107638,-0.46092392747599054,-0.4686955500387503,0.21820097953459544,0.3279982451620282,0.23542341658073324,-0.20349508490589707,0.3822423527516955,0.11871564956321008,0.3708251985936184,-0.4770838302904299,-0.24917614769458843,0.32483342727493164,-0.3920605494699107,0.0023442381966265417,0.38851504839336753,0.11818170637615266,-0.47228787348579726,-0.4803572170417026,0.46086350711210583,-0.30092968916105256,0.1468641944728269,0.30018413213053213,-0.4759352615550917,-0.05139240248004004,-0.28659622795018236,0.20758893156031333,0.15685462101803369,-0.010747082966510686,-0.12989465028527256,0.05632828274510083,0.26302883403889954,-0.16246914021427433,0.4468182713519171,0.0512038651783644,0.060849145039079795,0.1252217274903053,-0.39910124564412286,0.05148181337333802,0.24763088219665513,-0.31457922428397433,-0.2444158604430638,0.06218729386188346,0.07493529602658425,-0.3487280272519523,-0.19469294605135307,-0.39557488992185197,0.10567524980478651,-0.39871193041471076,0.35478203796794017,0.38773785859081866,0.2358607227725476,0.19853636607212605,0.33702309800015773,0.014149778381554944,0.159078886053936,-0.282150888590458,0.21620083933349193,0.2803332177832403,-0.17230524984024803,-0.167329492487359,0.12278233242434836,0.012498641071937653,-0.3780160136215046,0.04194251529777505,-0.30875259154100376,0.2680227350620833,-0.12311272412295679,0.1574694727610319,0.0747774063379685,0.16849406470962952,0.13580080569098857,0.3434919264454366,-0.4033362841498591,-0.40923124865745164,0.0017953018641822223,0.3027379881868465,-0.23521525048047714,0.43579377141748954,-0.2611182780529352,0.3370102782199581,-0.07664796693727702,0.21936852532469903,-0.16058132966514688,0.17540537689915253,-0.3547727075412759,0.2846803131383463,-0.3815169929149037,-0.3404482466685472,0.07846410521549244,0.023362760665836448,-0.4779982014387656,-0.3972087937852893,-0.14767063212311055,0.10999046377297853,0.2426703488784852,0.3990178656204715,-0.17908906999449797,-0.09566252370272019,-0.07384280295022969,0.24692813688348886,-0.12347976134382063,-0.1436091222561076,-0.2801755310138315,0.17672360588319397,0.3004490610349566,-0.0389749884994156,-0.33283279978653724,0.4188482099278088,-0.36475764188684845,0.05240609903500027,0.48340320111372803,0.03813029923420886,-0.13950018108054857,0.002610631635071162,0.06112037217274349,0.17173866166351132,-0.266679363808747,-0.3053946487908734,-0.3503839607047141,-0.3443488453201867,-0.48514223242882615,-0.023349123691161575,-0.47246160160772477,0.3018736741228756,-0.05395096642514562,-0.32664582989839186,-0.35433241273664273,-0.4025643447866307,0.25844451875164487,0.12801028724871527,0.1551500226432853,0.1362282334040525,0.21015072004607166,-0.31846269775869307,-0.043773879917579965,-0.33396053799036207,-0.3777358298662401,-0.04477799053930397,0.40346838389112105,0.23568045101267004,-0.3422320820783994,-0.20234094264290287,0.08577344314460503,-0.4391143989502607,0.13271676034273622,0.2806792382124026,0.16282753028660385,0.39270828975247785,0.47863791275984,0.18472727725101495,0.0844924310662736,0.36842356850103386,-0.41457419965373876,0.0010634748157794993,-0.35446519986281644,-0.44751252608657277,-0.3543888042864546,-0.403672674537222,0.23534833472649958,-0.366107616046184,0.29373619760841185,0.3344157218260376,-0.16920469847831648,-0.46370367585097727,-0.21133165362209,-0.3687078666529485,-0.2499798280689685,0.01859377335364978,-0.2779610621484644,-0.36974287547289986,0.4360643981137986,-0.30386606828775264,-0.24740852105164318,-0.07162501734014268,-0.428661374781269,-0.20341794537630525,0.16407860987256123,0.05916504775891263,-0.3625152765492483,-0.12054180524687116,-0.37655317671489963,-0.2576694836171983,-0.3701136623889675,-0.3053232933498856,0.37640002649911397,-0.2517888677903156,0.01206405589527326,0.3329494682457237,0.25903465857942254,-0.40718879822607557,0.15241708197563625,-0.17029617045360818,0.32709043691394146,0.1786672372717371,0.4242499879317684,0.42420653651176976,-0.391537342871072,-0.07251540418686273,-0.13024974640165338,-0.25312696433644843,
0.04504198405332587
-0.08662262756480485,-0.1694235669628487,0.3112417639111531,0.3570416678864499,-0.008271818311840849,0.22280863463660916,-0.18585475342935456,0.20543274191832503,-0.03566944303228625,0.21897816082300162,-0.06697474877274258,-0.32457018220593997,0.3407300225686135,-0.09156212895945733,0.4709199511275694,0.43193353270724755,0.38124462872937026,0.1704045175114385,-0.036261512790003385,0.12365718634414805,-0.30108554827765877,0.37751846926889254,0.09845845603323172,0.36346798411154874,-0.14106994878438592,-0.2542500585447058,-0.4078971512053619,-0.02519342749018583,0.09099563633349113,0.11360112054450455,0.49884624602001365,0.003232039427053205,0.44295744399084935,-0.3148261065212474,0.2667801459297485,-0.49162927001316487,0.44765034117575175,-0.19619544156419919,0.2480438647831206,-0.0514842115096521,-0.3539417621621806,0.13664628607649468,-0.21708747016632865,0.05282960076778931,0.12345806010042203,-0.2555745312303263,0.42319181625061403,0.4304879070130852,-0.4596929092345802,0.3880305092468688,0.3386001513849974,-0.1861601988009066,0.019664003720326992,0.07950042658796262,0.4584294246776171,-0.24865961607481032,-0.3557139825942391,0.32415670629552434,0.4407671183347653,-0.22805643826870634,0.25077990668407835,-0.279857043336782,0.13289219111651732,-0.4724769953220744,-0.33083464459148076,-0.4173612238734548,-0.21101162665270753,0.18654546999981506,-0.450516767542183,0.042241659514408836,-0.05489190581586145,0.40007149794719493,0.4414946714931601,-0.36951356165658583,-0.48364156955127763,0.49026097784465666,-0.15081885593268005,-0.2898007026067361,0.37757066721040583,0.12191169164580161,-0.43132999120898324,0.23435911148372737,0.41625304697059246,-0.390838754880841,-0.2636264192174255,0.22436572757449827,-0.19458394974782953,0.18233403655395022,-0.3364557056729472,0.04709186475223115,0.033898294225942927,-0.005983614075663897,-0.28588756687553213,0.03982078981800197,0.05311037762509496,0.3787948028069516,0.1945868472675825,0.2831495743338481,-0.24834716936036025,-0.10230638936509175,0.46796322806932306,0.3541637354322595,-0.14694635818605326,-0.0037998908068069253,0.2779987071459566,-0.294334491499247,0.24690979572766628,-0.3161336266216191,-0.42412460267489177,-0.08803483675440794,-0.28999377694902556,-0.4961707232342338,-0.02181040396754115,0.3977206439586875,-0.04847522315205788,0.2021908022665311,0.35336762251137294,0.4235378189471574,-0.0747552902894101,-0.06994656424765745,-0.06697696730499593,0.0405200345038651,0.39167567852139756,-0.48489430659576643,-0.22456572203712807,0.4456824093680542,-0.2156474791928867,0.32500585491563,0.37023576289398613,-0.32887769653220206,-0.46293895689677284,-0.48858785519113707,-0.33342061696755615,-0.17793507027394814,0.1625524251301548,-0.02863980198005285,-0.1685622816160923,0.14237861827422363,-0.46165686310886883,0.1917895359485511,-0.39961587813408767,0.030881469139727988,0.051486669470392266,0.2533729008850752,0.17009881032671884,-0.24226252064404116,0.481741687348562,-0.33859659995851027,0.20001446918464008,0.03746683597288947,-0.2386489271371844,0.3443460152438628,-0.3600712526628323,-0.19642862371812628,0.039684876102406674,0.1147621406932151,-0.2189251168091024,0.4995033929987343,-0.19771061210428495,0.12266657132354962,0.14005632542627214,-0.0483182896030081,0.14642374906483993,0.34797843058732697,-0.47178546292375073,0.4224862129762709,-0.30104570653649704,-0.023420874257297622,-0.06658595521253786,-0.24536177690928138,0.07751619385304374,-0.4164084192956639,-0.35310792739987157,-0.386899301240554,0.24214088042709783,0.4078471219599597,0.4047347614613333,-0.2933909615767833,-0.4379132870879468,-0.3568927085208335,0.1817055930879127,-0.47183073718083873,-0.06860052115213279,-0.4055400093625979,-0.3254337488245907,-0.40766216510338876,-0.19323143280273156,-0.24758915659600697,0.44269346953363325,0.36682291972595477,-0.3874665874127092,0.32254162460516994,0.1357101773283729,0.09692414334233289,-0.43976598036677855,-0.4847897795569816,0.2310129230257292,-0.4964456507792256,-0.43611150731470544,-0.052382985771169066,0.2284916160862769,-0.1009369452567558,-0.4027806052340142,-0.16033487309136005,0.3054020838411727,-0.3901915154128514,-0.4646598741175007,0.2953928045263425,
0.47057782250898045
-0.2874536802271364,0.24299905954590212,-0.15438647145397044,-0.22709384900473523,0.05420701540527907,0.4859045964496191,-0.3451692013846174,0.40459101112166246,0.047900862508183296,-0.13288347598514125,0.08600395166302029,0.3949893663875674,0.47622059084470947,0.07396444069570471,0.3195486855597394,0.015530904084899896,-0.4635678013725551,0.34284765394647193,0.489600846692978,-0.131437160243592,-0.4932700909673089,0.021071846102512812,0.21730472003737886,0.07563105492225451,0.22789309009146974,0.04320372958971336,-0.00517547961964972,-0.28558002934247123,0.16144355526116036,0.045945636039930376,-0.2903345221714929,-0.0987135737138797,0.1739386220049336,-0.16087467274425063,-0.24618420920299278,0.3017536453344019,0.3551504112452741,-0.041028856248145194,-0.42062794110129,-0.25865465161051404,0.10316609382201554,0.061162936930898394,0.26948047548187737,0.03224801316381524,0.45740504211005195,9.481569845130618E-4,-0.3185119515848356,0.08234961716876028,0.12667431467766613,-0.4740705849107433,-0.023633379213537854,-0.15091885479222608,-0.032459514563349445,-0.3388838046837932,-0.0929226138779961,-0.2713879950118837,-0.27911166188945435,0.020390114080413645,0.061077211430353155,-0.477372613702021,-0.3389294817272196,0.4779183636619203,0.36466660808601825,0.21343320849177186,0.4383108155120866,-0.1398095881209168,-0.4518150961207589,0.39605225161975055,-0.1978645471177277,-0.421858060867623,-0.0560914624064441,0.3653885596073204,0.08208389019232494,0.40886937116351296,-0.05738827428321843,-0.462798365665243,0.27167685554792653,-0.042273040705775276,-0.3299016810799503,0.0935462195041978,0.31259566384983484,-0.3158618783282927,-0.03838301606104818,0.4864968726522775,-0.2917457144410017,-0.24175900795477642,-0.4900777165561071,-0.29160891596883165,-0.09057893098169238,0.43052792627108294,0.14184617823579163,0.0424888875196611,0.009274548091534935,0.042927051254204186,-0.46140383058927736,0.34486031890703917,0.16125365855119148,0.287314084640485,0.35659742007741047,-0.22352306891048154,-0.2097101825568791,-0.1737698491741305,-0.37145146507421767,0.303897057612292,0.10648418618101414,-0.06937795919459504,-0.47153888291184887,0.21759871174172477,-0.34997909859769016,0.3607092750758826,0.06980598233787368,0.37892844102635026,-0.40291747353233154,0.3186217515679719,0.07248959488929248,-0.1002021693014306,0.3387617871476176,-0.06475901921759056,-0.21776379504397222,0.48367415177837214,0.4084389646346561,0.41871679383107574,-0.144947219027427,-0.28792493495683535,0.17782186611623443,-0.3115795374240099,0.02980524329434749,0.14769185332440596,-0.13217867734894337,0.04563430511122205,-0.2964639211075505,0.24342945453119483,0.3276618813797393,0.19106685582738162,-0.20299486685053722,-0.3039344101387589,-0.27589602559003434,-0.31067799572854826,-0.2479632265936985,0.06389563014856454,-0.2476198336698535,-0.19826124974372902,0.23760820604633373,0.17964353473791253,0.23142510460241408,0.46155873694612015,0.1582153705220626,0.13308361747638367,-0.021795057457510324,0.04916609982468582,-0.14409564898344915,0.37223146385041384,-0.33057151979544086,-0.45981548298246055,-0.023542226501958852,-0.22237272285539653,-0.006350434008130534,-0.45449505827785963,0.33057732688155406,0.40114772328213566,-0.22725414179110723,-0.26014361804368336,0.22250488501895596,-0.07105230260802058,-0.11101363716856509,0.18432128136990159,0.14137662026949763,-0.17245343313541747,-0.20762354502038757,0.08823665178355818,0.4147056632530939,-0.4372621425242066,0.08269560863320453,-0.37279004724578224,0.4087408118783148,0.24291567017393204,0.16161960831347902,-0.4634807238324844,0.12705002084849462,-0.46842544342572434,0.23254591069614253,0.3329551164896436,-0.3934708973242552,-0.3018457727489322,-0.010783143579516883,0.18320097117143655,0.3391377808379735,0.2320642472999114,0.1789622567510171,-0.36686137039437516,0.0580165974706015,-0.46836212385477816,-0.14764015942264194,-0.3599967749538876,-0.38176025676546466,-0.20207138799551247,-0.48166233070871234,-0.3918978179524518,0.3753104669326468,0.41267662860080734,-0.3877798709917726,0.4188512859878327,0.41860756057478465,-0.239563456654264,-0.3460548017537981,-0.2328301265304432,0.2523423843294078,-0.33322770414341774,
0.00927750441908161
0.4832951047843381,0.04773293287704458,0.3819576354340736,0.43663786407035116,-0.19875355984171827,0.28616036121748356,0.21312253791507338,-0.21667234576201624,0.254356439499359,-0.004674092363934074,0.015885310586413327,-0.3463000349443727,-0.17533867248770776,-0.3528489055887863,-0.40508244127435394,0.17831806235173153,-0.07079170681349856,-0.1089397971705934,0.4115504611928919,0.19412797976398022,0.08402436641483228,-0.010365909371568156,0.13918463568231113,0.3243030987167134,-0.3288140272917908,0.0535694647090658,-0.41104390227415194,0.4156701106633926,-0.17305753538795415,-0.31034230524064654,0.007409125859849067,-0.39241031344768806,0.05886159152703193,0.4265401920121023,-0.2707675604841161,0.07183679922867378,-0.1664336286616338,0.33105487188247557,-0.30414825509998905,0.03436359512302812,0.051706563149004216,-0.4338806337715723,0.405940471093234,0.0258592938445261,0.0021805704848394105,0.23182803779946856,0.44609742177909933,0.4391498228152561,0.1392863947061209,-0.2509785960827357,-0.12155261354473187,0.38177821722566446,-0.23008742912746208,0.19561246962233556,0.40043783623773216,0.49288218191244265,-0.46825247509172546,0.47144488210249397,0.3792623598879598,-0.13099518913307287,0.36604269149550644,-0.10056868689446427,-0.4268481953275633,0.49236270525458886,-0.4600705433196263,-0.11224156080930633,-0.40477241159945604,-0.41237223510452453,0.15728529989126502,-0.4242034142263192,-0.049973887505639046,0.1467549865339068,-0.48781631955710886,-0.03454674454220843,-0.22153336012623262,0.45611516957104664,-0.41474892289817405,-0.09993794205251136,0.28394970057196683,-0.16383164276386422,-0.03920639214257817,0.3944991368891872,0.18043674265005713,-0.03885997425535328,0.4513450690930752,0.24307166925893606,0.40277586117191194,0.06463877223445948,-0.2436731681056216,-0.4641758679366234,-0.24979737369852473,0.05688081402974963,-0.44720039359881997,-0.30074054193093774,0.09585898007100593,0.08016307155971539,-0.4811744085495862,-0.05592588415931545,0.2883374611836483,0.3114533673891973,-0.07625103697675636,-0.44964240412512574,-0.10432842452441768,-0.11555739585776567,-0.41525808148504145,0.24980810679167273,0.49785778921365814,-0.3518695256198571,0.18525158621393276,0.0748683774590996,0.3209083417844097,0.10499276929017845,0.1785237260932969,0.4362861321064441,-0.37640186495906286,0.27900518208866404,-0.24183352236712266,-0.13654326348268145,0.3974831797996407,0.45227430523761153,-0.33224205019302205,-0.20399458562998254,-0.3785679813140888,-0.3212457218496256,-0.05721031583570651,0.05041947279234702,-0.4761744138542375,-0.2654971269234529,0.030777068434061673,0.10214156728524607,0.048745274882341795,-0.30384184814328413,0.11915751610661166,0.12138718675581009,-0.0031174600368455286,-0.34720675030599674,-0.08436465272162094,-0.21994938801890987,0.11756809472420762,0.15103313376367863,-0.4280777501121294,0.20741563685796058,-0.23476774781429213,-0.1507059701722732,-0.08063926525075735,0.1139884637350124,-0.3982278655626677,-0.485767240328215,-0.3062929850390132,0.025622254615346486,0.22571604212897964,-0.06903054366452652,-0.03361072986916049,-0.2257962470986357,-0.4602614519169102,-0.48162578514384663,-0.42915410229378065,-0.12347545999212213,0.12999441612565185,0.44168439055015213,-0.0849125364636246,0.19956068202849317,-0.07609630120362884,-0.20305406497090253,0.20541547770716714,0.3582362289172963,-0.08256626040529899,0.005248810847785288,-0.2287304418199422,-0.3791523437033211,-0.1814114828762469,-0.10054704480985141,-0.12253574608928461,-0.2923223950989183,0.04072977844667434,0.11207797796052413,0.1376155755463677,-0.240071633092263,-0.40248228282828763,0.28025604990095704,0.4013459450692522,-0.07104362397482397,0.10067432984814376,0.2721246030073882,-0.22210349030275137,0.4898914147359629,0.2424352340115755,0.10876102517229283,0.28006308472265734,0.11907501966298709,-0.1435289829179627,-0.49326070166381814,0.4249129512763233,-0.008645390021503038,-0.10577783989357412,-0.0013858168512564319,0.011527170790006957,-0.3488787977516334,0.4280068038030969,0.4021153565766373,0.21105324668040568,0.19008035549004784,0.0979233430407174,0.00356069975777823,0.050641484554494555,0.12509721414317915,0.2564853098756504,0.19697435406492356,
0.24328406132267627
-0.4997298562003495,0.42224874875288465,0.4668941979758488,0.1702650307081511,0.23591414763451554,-0.37102464023580667,-0.3833969052758242,-0.059720051152740226,0.22453413431846023,0.4611589665853824,-0.3624322863233516,0.29122161389774437,0.03344514517067442,-0.10042833363049333,0.4900409230385011,0.07793652387094897,-0.022798344505661854,0.23936174072940292,-0.016592011948452084,-0.13448989981327547,0.06959741704497238,-0.4462719694824176,0.2096633091006594,-0.4994456190730769,0.1485644964029634,-0.30263618709237056,-0.22060157681812032,-0.44882255737093196,-0.4304679503298951,-0.08314746268697713,-0.27024697321189606,-0.386985299453386,0.26090220587497287,-0.2384860554729063,0.3866531258810691,-0.2535566694233469,-0.391461716247535,0.13746620084415181,-0.34842901692978406,-0.40369050384678024,-0.4152835630091662,0.02405818487516327,0.15083029142610446,0.07060068096945463,-0.2167444092929556,-0.40673498449111517,0.4422995348487008,-0.19457097134154525,-0.4729177602494085,0.20294184566910076,-0.0026931774936235025,0.024759288201068833,0.019499581454443596,0.020161151190891305,-0.0023169672213513037,-0.17684925569050983,-0.4117447486027011,-0.16919845051221774,0.07778406201945667,0.34270186449409284,0.4308331588745861,-0.06983039348504413,0.018799811348711074,-0.20589537072322242,-0.08834313806303282,-0.14261996356034182,0.059687182694983486,-0.21966503644430194,0.3846234781004156,0.13563446182355496,-0.07245952484259463,-0.07845497672555166,-0.28151116542532034,0.11120266573931717,-0.09006009807736223,0.35101201651903396,0.1879762644772057,0.44582413377364655,0.2927945509339351,0.25453733310205057,0.16008279537003664,-0.18958779534784623,0.2694238039614982,0.2594790066947545,0.052908511559536305,-0.14764300294433788,-0.009903491484382765,0.1446391935765746,0.37343545616661616,-0.43561293196970136,-0.23402486842851702,0.03851788240094429,0.25103541750737085,-0.23013582932198898,-0.4326125467730611,9.826767886055203E-4,-0.22491385388194032,-0.4424502593099851,-0.13642438785512137,-0.3578060395093587,-0.382072183308323,0.1482949735841492,-0.4604510551576652,0.222663483789683,-0.12150682874582205,-0.14322867115492435,0.0953931122809544,-0.50038636347369,-0.1827039905828252,-0.4767280560969917,-0.41563505989607846,0.43734369729322303,0.1700644821740975,0.03377839915168885,-0.22167103844679295,-0.21690148734039696,0.025156835168475736,0.3209014406900416,-0.1374318722882947,0.42497390283592534,-0.1710002271929413,-0.45603128531911513,-0.44327244685220607,0.39468231131965087,-0.055860368483103766,-0.016554164159510273,-0.06537281825119783,0.3555414134443546,0.32609973619696336,-0.4469581449891153,0.3729051142765301,0.4248368571316658,0.3080877527309243,-0.2677359473603724,-0.0030691626193828183,0.21975051701236722,0.18669875833559454,0.15285089017095407,-0.2878467683085318,0.08733321949767461,0.287111700009484,0.034426227663580895,0.4100252328342893,-0.4184587793363735,0.45287752850952384,0.1578817289286004,0.2198739730503769,0.38414438021738323,0.4532501872036538,0.08940897682404494,-0.2584392879301001,0.031352403854369944,-0.3698883390792523,-0.0762340688279379,0.03850262904423624,0.004295764450299814,0.21689535040829075,-0.09772242873836365,-0.20339560941133675,-0.03096398904710422,0.1535124856713582,-0.12076635786719866,0.46187404531825177,0.21056958961511793,-0.10586167156840917,-0.2402389208018018,0.35797464153686737,-0.40467155907995517,-0.3411834118399895,-0.2870874053377475,-0.24531070819618275,-0.282030398504491,-0.18480839121149642,0.17562680180450616,-0.39074611349303107,0.24078507192311202,-0.4067200653946725,0.4063796063393979,0.23473861614120303,-0.18214770629068225,0.1340441203570459,-0.37823960553026587,0.4631356619302602,0.4110846820046156,-0.048366859607470274,-0.4451291918039088,-0.034463055477468495,0.2516308147319403,0.24950568341009044,-0.38864224433991384,0.2677627552443786,0.17760954717598862,0.17225392012395455,-0.332943273636999,-0.3429717135830989,-0.41204200609308467,-0.00220328379469757,-0.04936511151154815,-0.38628808765656214,-0.20779222310785175,0.4787132984214815,0.3852885502805508,-0.37798477544919457,0.10729450437002755,0.026839652383796778,0.22546221206312542,0.2142820818575217,-0.34495598154585444,
0.3372221956996501
-0.1763790302513654,-0.1081228262325932,0.4536469697730794,0.018315134302239605,-0.15481597217166085,0.08764853969415379,0.02026407606581608,-0.12654834148613794,0.4291160473214962,-0.19672724373132655,-0.47837506629115667,-0.36831703383745623,0.17443646365812912,0.4775870350250711,0.03303243539844336,0.09066894718694407,0.14937339951681755,-0.254797520293539,0.4238386986919939,0.42204632923055924,-0.33998808256302454,0.32712659850894343,0.06675175048361666,-0.47173592305101836,-0.27792950796369004,-0.21184141729206396,0.4175748533995895,0.01598333700796728,-0.10506747842467822,0.151828818959154,0.3663902070636811,-0.4926227301704458,0.3766773018950757,0.39207050805036386,0.14279282151562211,0.30490223939314726,0.03368380438561434,-0.36560347962081463,0.47291347169528486,0.005721903884798644,0.34598626437737257,0.496831841528497,-0.36758315362959537,-0.4782541468404622,0.08218477306678915,0.3703148312566539,0.016505372542988672,0.10088991793627763,-0.10965424466985876,-0.3955601687548459,-0.14173457488658325,0.3725911114850622,-0.11119304601810323,0.4952339928436478,-0.2349451660658184,0.13996391106382922,-0.2291322434791344,-0.3045579606554041,-0.1850386744360667,-0.3708909193535884,-0.09961407420905369,0.1675519318789358,0.0575512451335667,0.17180355142783565,0.36795443219275703,0.08217959466970878,0.3969662506016137,-0.154227976032292,0.001829055593814432,0.12790810957678114,4.650096874280461E-4,0.4258417415652911,-0.11655760243950289,-0.4565976523421421,-0.4282040837919805,0.10963475123377694,0.004253142374032828,-0.1914023184435606,0.05632574562777727,-0.12694797112576017,0.3188444941835855,0.3389869998771464,-0.3963614890980862,-0.016343193913308324,-0.4014015492409986,-0.28449249178182034,-0.09664240942335015,0.15416469466093652,0.17093804783232114,-0.04774488630565864,0.33123342037762094,0.05360122988772188,-0.15895748716126923,0.05523047447316644,-0.30492200338226216,0.41028737436589213,0.03610537997231213,-0.3424521720774263,-0.24608340337430545,-0.2613335356710722,0.4866190016449038,-0.1699857761681005,0.0987660906032469,-0.19891301081752677,-0.43516701153203796,0.2607127381157577,0.42973846280208494,0.27600710943743256,-0.26255118354017304,-0.12679930129678985,-0.25829312699526474,-0.2543112551731912,0.45777580193004885,-0.3898400463772731,0.4395610385987674,0.03930031532345325,0.2219890337343814,-0.45218737083842886,-0.05588239335297761,0.17144883611145878,0.44479254332857876,-0.27385681505143933,-0.07895987477195601,-0.3984861851121426,0.2717062602875926,0.08094311616548941,-0.13233742842343355,0.3057567546427825,0.4383585402405249,-0.354077983280669,0.4263991528171135,0.20203169783732278,-0.1884195476513162,-0.2433951387333083,0.45846242564469186,-0.20397621385967968,0.30276220361822426,0.3324619872076623,-0.39209934401522384,-0.4717054483787183,0.4308456551580535,0.43969504723174313,-0.18649552628327504,0.19301376606149923,-0.06950845029900068,0.24432838384607913,-0.015078086658035932,-0.027890086823651378,0.45037376394078943,0.15373219064794696,-0.15063993726398262,0.0826722553468908,-0.43278318440758556,0.41443020432223476,-0.20345939507089195,-0.22921060367783108,0.053107604507021025,-0.3149787831956491,0.4021153235972028,0.40161068925706167,-0.4232245090284795,0.13527040874976815,0.19353722449751676,-0.3067313601399385,-0.20605036454153647,0.43590295125958023,0.13742155901422237,-0.2785986294564434,0.08756618153918458,-0.40164118434856877,0.2737200782963908,0.18136664238402267,0.05551227968264384,-2.5547574321817945E-4,-0.10042850911308768,-0.46316013262425104,0.21175727649050224,0.08544386410568125,-0.28552071310254523,0.10634024887598378,0.2661365968962903,0.1803264875165207,0.37850777811030234,-0.15666905196364767,-0.22128318673763725,-0.4407806510756821,0.006476240117042961,-0.4491095182454048,-0.053414955851078014,0.4282833258323022,0.22366965325192034,-0.4614457373700491,-0.22593007837044177,-0.2488372837093262,-0.4576257564351155,0.2767766975162872,-0.09818506080936554,-0.08274657622993112,-0.016415590583537726,0.43356597087272764,-0.07421018428485807,0.09416067654878743,0.06451721666117113,-0.21180513324270756,0.12423869399006957,-0.2676052845890733,0.5001096378769714,-0.09150710871389447,
0.20915634433693314
0.09813062211621101,0.22603249117236168,0.15156192159041826,0.2254698896181783,-0.10564135982027016,-0.363203509677307,0.49836175184308984,-0.35042258818336885,0.012521090239071815,0.26536106732574677,-0.021447441969781423,0.45890145912252384,0.1884169791601983,0.4664295337934423,-0.058396639194839235,0.2996830810402046,-0.11558602569546614,0.059586276676484744,0.2422221940497143,-0.33855854860155926,0.030023759224233053,0.30793528194943315,0.48398170511266625,0.028788120863551262,0.34184232205518794,0.04170891113624576,-0.17935862086141807,-0.3386113520546071,-0.17444319560852486,0.22316331693946423,0.46085274308543633,-0.38793193990515734,-0.2823883671216367,-0.245597494887977,-0.05645305552818739,-0.01213131313839713,-0.4358045750479,-0.1296034888536855,0.4547115344352201,0.3905179404158324,0.35093621327383456,0.03222757205975683,-0.05690777665407003,-0.06338923425161065,-0.39410673831574833,-0.16667008010004197,-0.443365926822842,0.2453540122713706,0.168188624539039,0.07261738651361509,-0.02773084829338508,0.3140969589041614,-0.10807563311992925,-0.19314963445237382,-0.48179996054841173,0.2506669633323409,-0.11092376154710666,-0.1055599156323342,-0.4004111530417746,0.42208581447563515,0.04641159155123038,0.2693484319808524,-0.17027801939432002,-0.30368749650389043,0.45712701671277906,-0.05732677406630653,0.4416325042544204,0.10321425984090875,0.09658159769540113,-0.4804537216147054,0.009263208500944836,0.421632881767612,-0.45877109915363085,-0.15973797453380417,0.24260513114086518,-0.0886735585087501,-0.21917308759750725,0.20709270352574832,-0.3621516687060156,-0.34826894099258626,0.20623162544185963,-0.45796425826814374,0.061432104443565574,-0.2760984256720647,-0.33144284582646083,-0.2642225640005556,-0.07401499326289014,-0.22234652879790878,0.10021106063773703,0.39444675659876777,0.47649498441567567,0.3628433131446959,-0.4357092553904029,0.16827153451371551,-0.15334719313197437,-0.2281121229111363,-0.2439473063463548,-0.14496122692138497,-0.03183736566322119,0.04003750706875349,-0.08135618602766488,-0.48870013790279804,0.11991569863079769,0.180582281052234,-0.14499021001448714,-0.12444987905438229,-0.11072587038237987,-0.3059159608318182,0.21887222308187854,-0.489848129899595,-0.4156857238336818,-0.11610858232614558,-0.45010664186337307,0.20255860881611049,-0.31627063695657226,-0.46539079778331754,-0.41837701462945004,0.33143716998471967,-0.25980592204887315,0.06585673669932743,0.19554928714453174,0.09957421628617673,0.2633440909790154,0.3605651994424303,0.02055158525267754,-0.23700826612507314,0.5001261468746041,0.08522659087005384,0.08427968391772593,0.2444857297352268,-0.2968749037992931,0.4689223346331119,0.11146112645179267,-0.19015847775062084,0.43157614408161277,0.18862234931695426,0.03386402551137005,-0.19373242185996592,-0.334877720766307,0.22016077099649928,0.02761978409381628,-0.18487073201595422,0.02697818212127002,0.2574571613159135,-0.07416315211790621,-0.0451468114261369,0.21101345071731664,-0.4230322713776738,0.16791263576846666,0.4849109245520414,-0.21363017021021485,0.03001327936633381,-0.4583220337693474,0.3080812741974906,-0.08642160919232196,0.18254660506423365,-0.14951563228081816,0.4457281259929858,0.1477442828448578,0.49008437581991254,0.2945715684930839,0.06962083052434002,0.42721832811979127,-0.2050559844527779,-0.20547119529594543,0.2138625927591234,-0.44972388427338267,0.36358905259380864,-0.2956096813500259,-0.1382183374516019,-0.07232299066215549,0.1438013192759064,0.36288173733622836,-0.29482092307832314,0.16557679472706627,-0.08543819316814301,-0.2864390768267053,-0.4928838634391364,0.08111969826022562,-0.4740634238050579,-0.21192681828916565,-0.3355371819026088,0.08213631558896832,0.48192762969620634,0.19146726002752118,0.262719016497066,0.45272646167257474,-0.2938366259830601,-0.14550456663189154,-0.35684206778481903,-0.021893084991797308,0.4484665980108164,0.22504724787291236,0.26113102648540826,-0.48504438857116167,-0.060247239558015815,-0.2406569868529997,0.4044128907474874,-0.4324143562964287,-0.41662535661051764,0.04324005407669869,0.16175275357090962,-0.3343659598869008,0.18294437020672033,0.12498088933058844,-0.11566050982543914,0.35555135564726664,-0.05017322338639833,
0.1308204744427818
0.26482164957323345,-0.08582301973526353,-0.19394127360801527,0.38354405555716187,0.08653484504536751,0.48476011536348623,-0.18290906815262162,-0.32774343584404864,-0.39704709301066726,0.1571876314936405,0.3867190412291633,0.017516677150536075,-0.45011153338025006,-0.27915434790950366,0.27972523177498343,-0.45015954729394436,-0.26349445634349467,0.17594954025341356,0.37192075024830457,0.3513105097058325,0.24087305486377808,-0.1668520960498272,0.4975249177776043,-0.3097227894391839,0.2933568786248946,-0.1973571868566998,-0.28792921668711385,-0.09683881873670867,0.0360058261146129,-0.056916470185856924,-0.21553900615688493,-0.08011520891123221,0.479716763807584,-0.11183622144134643,-0.24391475621497605,0.4927353345182898,0.14600353337037583,-0.4020504322300495,-0.03943214748761188,0.03327862976072164,0.0765826709895314,-0.007585441164058051,-0.015310153891365016,-0.4121868346012702,0.12132730618101105,-0.38394333497350747,-0.3309459365438074,-0.11084264417205915,-0.325844508338933,-0.04440557210163905,0.39668620697952867,-0.3889450780139488,0.31632302243918625,-0.01338936351055385,-0.4017670917421447,-0.07886667488283929,0.14790295709043771,-0.23951535690296993,-0.38555754650476165,0.1793900914864111,-0.05920583140985887,0.3595203951440287,-0.20025710263015112,0.1613837062155365,-0.36962334737807695,0.3460329680620529,0.025151283007034564,0.4987871753470838,0.07797328767683408,-0.08974212606707856,-0.4555883810600804,0.12468781245478998,0.48256622478421735,0.28229959077486094,-0.4758264765315046,0.3869943071138982,0.29775585579166625,-0.3850632697113115,0.40718709403119574,0.15053772852204134,0.018738536520110094,0.46695298964516124,-0.323095722107461,-0.35306943639076,-0.25588103530043244,0.22076478534125582,-0.47745967786755644,0.050974026051188434,-0.01133787303228205,0.2534677376394174,0.36556352231270434,-0.23661980918392683,-0.17437184640287623,0.4470260355151286,0.20174533942728895,0.16180287250265218,0.07112331036893436,-0.32882002772019076,0.23731704199587206,0.14564654982705788,-0.11206098298120294,0.20174877831181842,0.35344287759742926,0.14485066255051676,-0.11736029893692725,-0.3526427832675974,-0.47986555625538413,0.38882159356571616,0.49719966828361434,-0.15078390022592564,0.39889402758498554,0.13891261784590941,0.2552780877373753,0.39143848096926953,0.022790002376472718,0.27632753807778515,0.21326026081015853,-0.18652530826733776,-0.3766699815593037,0.10705131301232061,-0.21251762316274952,0.35160106745292,0.38541304196529164,0.4963865018466405,-0.018403988228352153,0.052998745521326926,0.15480455293606837,0.47790174510502487,-0.07818198578238468,0.40381037540624415,-0.10300633791376902,0.295074799282903,-0.477150300548789,0.19166456988545527,0.01195474301103551,0.42863882243397583,0.053539342545923005,0.18350864382859317,0.4462504872976845,-0.4613820922888429,0.3489001756264977,0.3411927617267079,-0.08792296541893853,0.40726377822352827,0.4238857298434166,-0.27990063309460095,0.42226630225578404,-0.09241761577809272,0.28436293139882834,-0.09978625122759179,-0.21907578307064163,-0.25813423501192684,-0.1979869019614851,-0.21561681958890339,-0.36870186106387043,0.19562101248208413,-0.37757092846819756,-0.13488681736543967,0.15563013717607538,0.4345146359080186,0.20946697749157223,-0.3908982633143689,-0.4538321204761034,-0.06457253667715625,0.2939489070777698,0.43781326211777044,-0.07783228413861644,0.4874414447566107,0.1911031724725723,-0.10725425323579486,0.45463965087458175,-0.17544339236311474,-0.32133356059935075,-0.03435342300033657,0.07874727901495947,0.35916272281617573,0.38636258823405084,0.24678335706310656,0.3231903199754546,-0.32623312283731726,-0.062489076978139844,0.498478216866628,0.4665608698040247,0.39820489297088485,0.4048062525066722,0.496465299971561,0.4425792843537322,-0.14945924046601838,-0.005148063140043715,0.49823286188881893,-0.34072098875985163,0.3520850507779842,0.25981670208024527,0.4953629037963066,0.1716239041144087,0.4404398753257566,-0.4503761094794912,0.4859828012826039,0.45270626103968165,0.29920425663775524,-0.13562756960075767,0.3637951555392647,0.34558655348687023,-0.40104934357996874,-0.2557734483310377,-0.3382467538328869,-0.3539984094661374,-0.39869024487133925,
-0.3288171759474917
0.30965683354507906,0.16392425505905456,-0.1851236229417086,0.36844414519520896,-0.21935032252047576,0.054226802681193724,-0.2773493151947372,0.16077662942782656,0.45211071593450464,-0.36580785238603825,0.0679320530061273,-0.26227024937481797,-0.16987516174733538,-0.04606499578159319,0.023001304536464116,0.33775695702485475,0.2809967284378393,-0.1390345271018032,0.07681068967513284,-0.4029371007049339,0.2681578770957699,0.3758906307002609,-0.15270308945888264,0.21852297306259866,-0.29838920593768714,-0.2138846917116869,0.14836519940103607,-0.28060163220725065,-0.10621226346464711,-0.024256497777459588,-0.45515158585012466,-0.4031316757560816,-0.20868658792294786,0.16263765763173765,0.3182674643799434,0.043541274545627125,-0.3950806748892594,0.39114607153648323,0.2370720516323985,0.16330461948002992,-0.30432205128884154,-0.15380676158676201,-0.22698124298877367,0.4972367690217549,-0.40683389357768746,0.29166548566286926,0.4439485255002274,-0.4562887474543988,0.3174657999306267,-0.2853394801426525,-0.23218630923005393,-0.12012670969115986,-0.24328473788500918,-0.43906774598460446,-0.08479452702424824,0.4336133222293867,-0.2873089667813877,-0.2157199452961455,-0.48041613218240015,0.4341408786896918,0.3678872679429061,0.3007320879915257,0.2628230412137433,-0.42220760911903404,0.35067971811591453,0.3377868556836687,-0.20798931391820244,-0.014236602949418307,0.27921976160116785,-0.400357293415701,0.24316661279836657,-0.3982549599244139,-0.34994395007748363,0.13125772981540182,0.14852255800607436,-0.22001659286296008,0.20408242618022174,0.25724738268911723,-0.21376859477638613,-0.05193003324299845,0.45026283718914545,-0.0039589678888943295,0.09485110099765519,0.3938096384885597,-0.14331510148537732,-0.09461769072892119,0.11967443595321563,0.42180271734146463,0.3288460269079884,0.4021730739481089,-0.4160469406527237,0.3529156589000571,-0.01332302085647633,0.217823727881807,-0.4147096563675475,0.09860465512885501,-0.07534028207204986,-0.20031226604419253,-0.39404585541792453,0.3320955166044017,-0.4065024260807591,0.14982148099570033,-0.0044125445587850426,-0.40028816377957427,-0.3228521215734221,-0.19577474325291103,-0.16422880644578733,0.06818275394419986,-0.14437188442800344,0.39888472948887205,-0.3718799974352555,-0.012449215830180027,-0.35814119181794485,-0.4566533095146352,-0.43893131033467775,0.3643390768172569,-0.4400927098520205,-0.4717733468070873,0.20523308983822683,-0.21407334769763056,0.2923489116547478,-0.27003979061258626,0.3632061433868941,-0.18538103209477533,0.066062824079318,0.4442738534950417,0.4568764183993666,-0.12130925842239056,0.468631844973412,0.2792653325688155,0.2738323402239418,0.12771631190304086,0.09161704504457473,0.1696471194544976,0.11414316623926561,0.2907928554793336,-0.11767067283597628,-0.4643783942930519,0.3797827660174424,0.1787994474184544,-0.14767799036884469,0.10301944777015008,0.4311901968492035,0.10562563117163785,-0.16132025422834675,0.42574776437900924,0.0989366871194111,0.16834088512263598,0.3432807842983216,0.2072579855197287,-0.41680417050973434,0.022566231547631467,0.08556115268708013,0.10465781889020724,-0.40031018464333606,-0.4831521092455889,-0.20408900697274082,-0.1827442810495086,-0.46198844264982536,0.3086222468365873,-0.050315525145241576,-0.08925998760570471,0.08669890865708989,0.3744001353060417,-0.4040931171192241,0.008859450581804705,0.2491636714429333,0.14808780879445058,0.17011340901404567,-0.30361466200924586,-0.07444524865532316,-0.12609917293989284,0.19735617732114605,-0.27969977682446606,0.2678614968904726,-0.3558838075511395,0.0892673541414583,-0.14942858986138455,-0.17096051500257928,-0.493052643558021,-0.18183200913944933,0.06753235285523966,0.12166798337511057,-0.023884830806299794,0.11156336645806979,-0.42019169098391723,-0.42237537788432383,0.2512279056102269,-0.048032036866111634,-0.45511249439852913,0.057489289346852206,0.4668713489516501,-0.4101463975713185,0.2638523645291055,-0.003133757513707307,0.32835016550843515,-0.018382927767195766,0.052449882546567066,-0.0034605778507646183,-0.4366901279427991,-0.45018566852569625,-0.04740565786393287,0.16435314569660595,-0.27899151435935193,0.42951000971947667,-0.058441044253052694,-0.20106379143072364,-0.015204497685951248,
0.3405145150664925
0.3234162392261528,0.07178145776647596,-0.16874077473816324,-0.36726859726774863,-0.47733488957953857,0.1885072505775479,-0.45432405420803434,0.12774061936464262,-0.3522673567999564,0.19692018353545848,-0.10870944485268179,-0.13970030995331692,-0.2902650000703163,-0.08247079856533791,0.3889375688185588,0.3618109313192826,-0.3713872382049762,-0.24578320190267136,0.05057279124365387,0.20385612812678433,-0.21333857986593435,0.06528281431130661,-0.32159237027818527,-0.3062634961381444,0.11272081118343562,-0.46747047626323696,0.20598260354794345,-0.2874041256306901,0.4263163665450787,-0.4963227609261964,-0.05645369751056922,-0.08193591328207724,0.04356797439249295,-0.4058206665235396,0.003470974136486216,-0.3906984001309777,0.45176373189671865,-0.07072329045579122,-0.3722852258683042,-0.085633820352698,0.19915298741952903,0.28436011942259515,-0.3822789978861931,-0.40089397901984153,0.009683985776676117,0.03622296539603905,-0.4261509895282994,-0.27806586808011596,-0.46256163126659505,0.2799064768680046,0.19464133524002136,-0.43808462261451436,0.1023742251338396,-0.31751904905391953,0.45459049163745563,-0.26726030162585396,0.21224149452991348,-0.3523044436540385,0.08323558984287345,0.16224118121686948,-0.33136039157981106,0.1471787572774229,0.4017043117209725,-0.3352472900905146,-0.4205136969773707,0.13740925152548933,0.2379228750653556,0.16272294378088892,-0.3441420796629547,-0.17359589592203128,0.3380042647099289,0.2243742535080515,-0.2419248185212064,0.18004720439006028,0.41886557442310096,0.4757820298043491,-0.22592693442844713,-0.03479255436940402,-0.2340873445349715,-0.38139354738317205,-0.4374929229819216,0.3152731760051682,0.06967120198654915,0.23881053341488034,-0.12628786987466345,0.2734554044352913,0.016530588707663312,0.3270489958241712,-0.12645497051643928,0.020189399279859164,0.0013075588063500053,0.44801443989700024,0.13830472280413653,-0.47680966986841006,0.21312454905291878,-0.20612142621640384,-0.23666086965878885,0.16219555516871786,0.261137429162754,-0.06393171442914884,-0.46638873421097465,0.4751526046786289,0.4529358786099628,-0.05003259703602584,-0.05858862277467395,-0.45141162326376244,-0.18402073143871178,-0.27126319666850823,0.2045659830630009,-0.26787826266964515,-0.0387808187484309,-0.2747027728531321,0.33790859944950563,0.2955583064631478,-0.07190006320886337,0.06562022230369176,-0.23855875183704967,0.36673257979059976,0.2214159993045366,-0.03817506200259794,-0.10947033666958465,-0.0107606770245699,0.35304595032025227,-0.3798207171554398,-0.3533606991989135,0.4214227870418595,0.33537005253319857,0.3869561534751907,-0.1484667257952249,-0.1385317342819753,-0.2617808640196834,-0.2958035360141393,0.023517584043923987,-0.37183189989828885,0.11749007969375465,-0.4422171120387826,0.18123256163527068,0.4529098408091689,-0.14889659391542764,0.49182917907442386,-0.12134577431701403,-0.05433874417428012,-0.32323310709327563,-0.06375828007757704,-0.1556172278637321,0.48620367385024893,-0.48395153012348163,-0.4515881237133114,0.2789595355056514,-0.23840893724214873,0.4905505137619927,-0.49465146116427555,0.07586826336562465,-0.07821045922691665,0.3885170300892186,0.19916264331379652,-0.024960054757137164,-0.1423220675649599,0.2239938747436221,-0.4133337749606221,-0.06790495784280275,0.41906704564196945,-0.05429840011197643,-0.47704909728422157,-0.2077792528103024,0.4851217420451665,-0.20093068003246484,-0.23083849930466538,-0.30550487770338924,-0.32445393724306454,0.3224171686015876,0.0062826093546448445,0.500633722999574,0.14811895114448725,0.46706400883965365,0.1096072533765969,-0.05845100343096713,0.36664413001907487,-0.12882402182616293,0.14265857527999715,0.10577592179043067,-0.05689562105273508,-0.11153932730570641,0.014686384198706102,0.35573238722265593,-0.34121289654613746,-0.42464924949953836,-0.4875369736189757,-0.24905404526485556,-0.44862535315013025,0.4741098056687569,0.464953623570371,-0.4182064529748624,-0.48153077739947764,-0.3056675139784654,0.12853784481501285,-0.3270360762863917,0.23274907268187084,0.4915996728187361,0.4908116272526896,-0.2972325982836062,0.28992893391607805,0.26958913648101773,0.08259925134908348,-0.09741873075789402,0.4179244178492702,-0.30926976091793207,0.06065722210719678,
-0.08358675356266639
0.25970338768561846,0.36617763158589045,-0.226715344773723,-0.35337132441167707,-0.2571321678447158,0.447626476598004,-0.21291538981782016,0.110144598739336,0.20793711490868405,0.20555838631564838,0.27803094929538114,-0.429719131200413,-0.3504437096900454,-0.2915415521427791,0.13765681822485143,-0.23017122069733054,0.09803328892872398,-0.5016183908389222,-0.4166172548440441,0.35050873938525323,-0.16866762105993646,0.16607510485492705,-0.008087895802789775,-0.10160332673162646,0.4781171512325496,-0.29444716394935405,-0.19112272222496252,0.2917512868519473,0.21857966348665395,-0.47651298144931653,-0.19871319383957237,-0.31951730073043627,0.2336384636184023,0.024748533680348878,-0.3727548824051072,-0.13688376510403302,0.27200514366300627,-0.23409615585628563,-0.31655063526332233,-0.21395756374729646,-0.2958728295490582,0.2700194675120284,0.45531821704287406,0.38756991632804755,-0.2814455231421838,-0.266847900004102,0.14681073118069865,0.02921704431060887,0.3739814719795725,0.0126756285772764,0.18979792097205128,0.31386474945147486,0.06898918909668196,0.4889114636338939,0.3490483149251859,0.1785000437733305,-0.3836505891422098,-0.38379548649132483,-0.4728248138895292,-0.23408220988438933,-0.4843192291073322,0.23928179010559958,0.04779512476496006,-0.27018891044786425,0.20701725442316932,0.04064679570644447,0.14910623884685725,0.3082420086630921,0.05751667491332657,-0.19394807363979627,-0.3445541674544092,-0.28760220218638294,-0.4154866389818554,-0.45236964748166925,0.3109890022179402,0.1207024474633598,-0.049653739438250355,-0.09194261648945411,0.0576008755398264,-0.1572326955573503,0.07786954038905637,-0.31584882916790064,-0.3820426348723181,0.02332797111614159,-0.16971974039655036,-0.24538913478107172,0.1053999432080135,-0.40677015092917584,-0.4251269957710256,0.17413003905775493,0.023592794389263084,0.04268784442982265,0.10755936639881726,-0.29508816968009194,-0.05809923757391877,-0.00853991684723233,0.3534653471451456,-0.4033484741493745,0.3365094961087079,0.4612397698423512,0.47864761257368255,-0.0026586837775963877,-0.4273403794693768,0.21748302619327442,0.04894471893514207,-0.02020889109816938,-0.23003078255497023,-0.4589449488979001,-0.34579258841900323,-0.19745191055407796,0.34066969672685204,0.31449039095939496,-0.020372513108484435,-0.3110628893905351,0.319682290146536,0.36332776074549905,-0.34938802976091327,0.10423275961516633,0.2158136933630156,-0.4201062229026749,0.3036256458765744,0.23851341571572537,0.004950820633668717,0.47507355583713035,0.2426516174233715,0.16153587111378997,0.05898671095718011,0.45302098297945365,-0.27060386667392117,-0.09399057344236349,0.2583104119611816,0.2844248779480479,0.42509029088936096,-0.4430639500720169,0.2710459851398462,-0.034138429877039966,-0.24728158131783873,0.2772232533683476,-0.001173193282240449,0.3959285767188005,-0.019271722081569697,0.0835649276858378,0.48674328783726123,0.07326796725823749,-0.35724345323398815,0.10162463252955069,0.17420336680931847,0.32725207458472666,-0.4973724076747961,-0.024155340347149955,0.22379675241993457,0.42901846445535424,-0.350138032662254,0.08674371177303543,-0.19314404945256824,0.2987047155070261,0.4681562399802464,0.2373544383145224,-0.35274218661749096,0.4241483024304494,0.1577731887929451,-0.4895080804395578,-0.17088854683358368,0.03698008001105113,0.21250750951773079,0.06983234829767883,-0.1406698381594812,-0.4460450831323632,-0.24713118078870333,-0.21967872629394058,0.24268578887956216,-0.21547409807525553,-0.10064936276067558,-0.342781326311208,0.3747962807503254,0.4300839526602381,0.4331299507504372,0.31812829431768047,0.3875982586008671,-0.044052489320309696,-0.16373084575266939,-0.19135307845546023,-0.3077916655221114,0.004101891840082827,0.42946836864403465,0.3998087494604797,0.35567801438754326,0.13285144201829924,-0.26735713006246625,0.21428894832439926,0.12099937150343544,-0.18103800794491065,0.36207668235824547,-0.1716304151165574,-0.16618090465692859,0.3385350143097085,-0.2523697456297768,0.3179602220724808,0.2746713243150411,0.35476919309934124,-0.295543385703574,-0.4304957263361085,-0.0878597398738644,-0.21607149413265236,0.425906808571384,0.06039173373827481,-0.109784301777042,-0.21474896146683176,
0.1445093720691503
-0.2676775643310507,-0.35401553216221043,-0.47003260151536924,-0.127400857769856,8.2500645653837E-4,-0.11229395043298605,-0.2849281166300249,-0.2479595838953054,0.50116711815732,0.3839843279941263,-0.2650789365164775,-0.2578881455291878,-0.45189516688311515,-0.19273659637935556,-0.3082044426684069,0.3536181046469534,-0.04420937086355912,0.20558391761565464,0.48617244394764714,-0.05317813952787843,0.3628103010947908,0.09185844403076705,-0.3838474591609736,0.31039009656880157,-0.17089731158635593,-0.07629530674434729,0.32861001153550806,0.1036976653809195,0.1058850965139889,-0.20349285753514315,0.2891933488839418,-0.32274066974072463,-0.3564543649661546,0.4996035947599101,-0.007256527760852338,0.12848114285574747,0.09844441651998925,-0.3039816625547379,-0.277126545018789,-0.4232495262438376,-0.1719818123740769,-0.12162769793237145,-0.01264682148610524,-0.4515493630623646,-0.3790746024466637,-0.07505771218339692,0.005335551381593834,0.05122064641875484,-0.2994814381472075,-0.46389438087642143,0.0037769759219068817,0.38701252304086986,-0.1395709205695041,-0.4351638838631373,-0.2086121146453807,0.0035731708577970847,0.44355405263244285,0.2725675418805864,0.3222479569960166,-0.2831427172410561,-0.24018657366299284,-0.1607305341156106,-0.2645872168589227,0.45011893873623376,0.45293597694487264,0.03572493287991901,-0.33746547967528806,0.23019116673806633,0.27284782852887624,-0.17364883997166985,0.43243296194477177,-0.44256115620839165,-0.3122240911482199,-0.1874942205529791,0.1697185345920253,0.42309730430971937,-0.2210318895928714,-0.15092716668283285,-0.316018507479662,0.18618511999222326,-0.09902936061124974,-0.12877574966834543,0.476726637258982,0.24190664373335985,-0.33830754034661203,-0.04639574278479059,0.15514634611631245,-0.08556418161776753,-0.1209744717969425,-0.10921459283996111,0.034989236459393495,0.2892000775767932,0.3045787612650762,0.13569669625372666,-0.2608046639854922,-0.23674118925744353,0.07012251632015325,-0.23817399181407634,0.15463313997237765,-0.06290158110475093,0.008629764198110984,0.22535010184686993,0.1961878487774616,0.09714157780902459,0.22933887943229764,0.09494754752938288,0.44561397727804675,-0.05450405607905002,-0.41494783067622953,-0.41009889926271925,-0.11802020615683646,0.4219428497999017,-0.04007667363151241,-0.2788020847635557,-0.39880492383373256,0.43289432338624856,-0.3727239559440926,0.06568735315353873,-0.36597228790649083,0.053022513456196844,0.2795352017642102,-0.2800422755094516,-0.28482140517362364,0.2974925464336654,-0.2838592954908109,-0.2215550080248168,0.13039856889310447,-0.12379393058622612,-0.40964634163953995,-0.2406122118334189,-0.42570470478362976,0.4361898604013893,0.06215334388471443,-0.2374049020329912,0.28839126908251345,-0.3257602811652548,-0.31803765811632756,-0.21540620149082662,-0.38284047395076937,0.35915717397537283,0.33872671930700216,-0.46042426388598945,-0.4808236923360871,-0.2586075847291559,-0.3540834641074728,0.33866461016940297,0.5011950933897054,0.047633850139188354,-0.2896979955546012,0.0653754559644945,-0.09514030947942538,-0.24113876364187808,-0.1691015637969689,0.05174018783238537,0.4689387287603385,0.15260561208411155,0.30926327660603925,-0.29257510722859914,-0.3856225132456631,0.1536361207428369,0.21736713719940776,0.08326579003306993,-0.044872682962393724,-0.1179797722596538,-0.3344504555382438,0.16100240959235218,0.12462709482822291,0.4134804216953919,-0.15939035215724567,-0.4474117805751048,0.12597481172625025,0.17419700156569334,-0.1571289392224247,0.4653102159727933,0.06324171075839369,0.08068333026290035,0.14109876717631337,0.2430508079559936,0.292045648093061,0.005086195360032559,0.2854356102323006,-0.4706229699674034,-0.26058607591972793,0.39724062686771744,0.37106448731660635,0.11474295976713937,0.38613038058237803,-0.07296490035384669,-0.3709084609543596,-0.17205615375973865,-0.3208248839024196,-0.17588019324806653,0.43618507410428975,0.4110609724202555,-0.052469920676662736,0.18671648250441514,-0.019206671729985466,0.17748871923303516,-0.2684635256194863,-0.09273395437416672,-0.19869608029078906,0.39423599652428487,0.30415572624102283,0.01987583192779341,0.4202963656978216,-0.24745307519862542,-0.4381018733417451,0.21300502856857068,
-0.21726685766624723
0.0018363863022859601,-0.0992247679649263,-0.022739593619795013,-0.2651074785938147,-0.2410219110898564,-0.39392455794592823,0.31180965044023135,0.25740229679015003,-0.08397811683310935,-0.07909417718580875,0.33701795315994565,-0.4026644732387087,0.3834483711262221,-0.24265696334314096,-0.0065043772837287996,0.4405560470144355,-0.05286900963524412,-0.23822814226017594,0.06461821202835907,-0.19158030321804315,0.03825608927177489,0.4711599667310919,0.29158313358751586,-0.0489101202004246,-0.40448622031043957,-0.12011691525220602,-0.2482012121301173,0.18496258886979286,-0.09718875718950638,-0.07015110748298561,-0.11282037106853211,0.39777108842731107,0.2258948197918258,0.09996360064454143,-0.47433126923190744,0.2478539637742139,0.30801231458123834,0.48443248719846543,-0.00610938135798409,0.44695847163272995,0.3096841089657938,0.4993771015501278,-0.04823722115825035,-0.1144631116749028,-0.4446255283357571,-0.385223823868566,-0.11468003441135982,-0.21256928326212957,-0.446404022801827,0.3380608171798819,0.3038865202464611,-0.47687072397034536,0.1009282936635188,-0.007836676589527075,-0.4513311069392357,0.1849107809110829,-0.07341847219808745,-0.29018448612935555,-0.2142739968303982,-0.45992011746083017,0.2580026172278852,0.4620660567617909,0.19200976860715976,-0.48314761194294664,-0.10890909283034395,-0.1299294700496371,-0.43673341711890346,-0.05100819143364698,-0.16585506504849704,0.01112209354226294,-0.42643377802608606,-0.09215835583286386,0.36126475389103174,0.4230552650850188,-0.3015484177896788,-0.4158139270357306,0.3587848669868131,0.03556839173853341,0.37717962795705207,0.3474112054124343,0.1774148111471817,-0.18732451691251675,0.3342494784635244,0.30572776123655676,-0.18688364673927418,0.4774114523724775,0.10639120198384949,0.41875514531479885,0.13134677412759752,-0.19192076029386787,-0.2715851424484451,-0.027443722564455292,0.022150416337839804,-0.3552591341345004,0.2197958804822708,0.017251051149831814,-0.17231822729715077,-0.07468057531199329,-0.016400355473086006,0.18862588128676847,0.11909438293642333,-0.2174080166167797,0.48032474296921435,0.1876954960300182,-0.08366734510564905,-0.023481578978230958,-0.4285294874934992,0.07596251729016706,-0.2577859481238759,-0.28923564213335484,-0.2588883065678902,0.45915905174314353,0.4812911957033654,0.187941550280692,-0.0015110729755220362,-0.42145621926144816,-0.12566475964414306,0.09500178361723838,-0.3593991028358402,0.30636732407070233,-0.37911731258736836,-0.4216143809162447,0.2110101226728672,0.05090739410404544,0.4851403842273404,0.16794061639545663,-0.07044875057896499,-0.38348595099843064,0.504643968867997,-0.46071171062850247,-0.41264294070792185,0.13539546341630657,0.3864171978573284,-0.03376773004511468,0.4025940218822355,0.2904124260915638,0.44198138710614154,-0.19203464507533555,-0.38547417406779105,0.1819397912254663,-0.039585161723765576,0.4002462803988922,-0.34300002926457507,0.35689142028827514,-0.2522353480219257,0.2753813115460776,-0.40282139309690435,-0.2857048195023779,-0.32853550275008947,-0.27723969633109635,0.15131220882926574,0.22934250066678438,0.4400130547831653,0.31986005746426227,-0.0034196273404400114,-0.3033732414554656,-0.47897957523479195,0.2130429979666235,0.28650101395437266,-0.016676057723694696,0.05483018292643905,-0.3918581808149264,0.247135938831306,-0.3956426014815144,-0.14372262375570224,0.1427364469921026,0.48229689804918197,-0.21587175850037246,0.11374343025054218,-0.44480767276384947,0.1481831761643337,-0.4468182332371544,0.19252122458547602,0.33994391933757817,0.4713581317428388,-0.15678081747022246,0.02860457661624531,-0.1158290147691759,0.17869875391290554,-0.009846859395529666,-0.040631486721661496,-0.08207037263019573,0.28392887766810093,-0.46755514212566585,0.47920759482182573,-0.02203633818399893,0.3325729817600416,-0.29925091470550014,0.3310516842409763,-0.015163562596887415,-0.35435538875601424,-0.4650671696857106,-0.4512199596083951,-0.036313128718075786,0.3221094995059727,0.1358225593663351,-0.4490943402307397,0.4008279337250994,-0.2388596658389788,0.16157353806265148,0.15250418977451316,-0.27843063272059143,0.24740646155921384,0.3123443955568347,0.4102125494987806,-0.10093890624870777,-0.29388134585058756,0.21199852543015427,
0.3496636103295199
0.251640393197642,0.07126108588807929,-0.21610647620997528,-0.2164569721201957,0.12898614914408651,-0.10748284838435511,0.0010833321832572807,-0.07152085363705343,0.13790789803411369,-0.45420850112104877,0.4828901055132046,0.42931125066988757,0.4861856105529615,0.37798409058290144,0.47745295827749284,-0.4884257032792702,-0.07071211728123873,0.3155040003439821,0.316895196305914,0.34270077971571006,-0.3255760542130942,-0.1306579716014297,0.4428672887703969,0.4038524309599832,-0.2055465331826072,0.4615358087001242,-0.06228423841861965,0.4883148961253263,0.47973329032906487,-0.1901615724114571,0.4135879537816529,0.3254645472669497,-0.2360544428908196,-0.2946291772875933,0.060117697489282126,-0.30674964200924654,0.19731325208895012,-0.10638618773766187,-0.3715186146263159,0.02182001167784389,0.30587815212033936,-0.07481840195393577,0.1380949859019423,-0.08389827419099452,-0.41949797303985387,-0.21544472875798987,0.133950956708696,-0.2725136719321875,0.1635881918181435,-0.18011358742121147,0.39082397643480987,0.29014624170340647,0.36761398453571376,0.0021696451099406998,0.06609718789331495,0.205250868636129,-0.34857906797634114,-0.17792895968382633,0.4350624346846695,-0.39678329591734623,-0.2954626715034771,0.19684372778213527,-0.4918894350768089,0.1435989045466724,-0.15434282492671464,-0.39559828238318956,0.025448117289563445,0.12252773566429162,0.02827502747816715,0.2876006506742776,-0.44748467541443043,-0.05080492954355151,0.36463992715116006,-0.22100027572191355,-0.3419303930698448,-0.07425242073702068,0.22860585900773006,0.18485612584773597,0.44693759722384124,0.21904485234106924,-0.32137971829339557,-0.36317014259213537,0.04072806508372753,0.1480923801057074,0.15400588576848945,0.07085310374907547,-0.04766301195336328,0.4275605776281471,0.14085580329067743,0.02484522477688014,-0.3161348391945246,-0.19434689881150996,-0.221724779476899,0.4604308313380017,0.292607702451916,-0.38631149096179845,0.18136760389479195,-0.2914552896109745,0.11606402047703887,0.10511184630001666,-0.40572303345483357,-0.4852152975436857,0.32445568218936766,0.10325330453153034,0.3547623076001542,-0.1824008441937534,0.47802898920621467,0.40000348989482487,0.051193853227624514,0.3308730426951583,-0.19354232843268177,-0.44832409913192955,0.18352522228134488,0.22220279622976885,-0.5010493013594807,0.20367891905502206,0.10170947606996358,0.17912697474358158,-0.10379116301038863,-0.15777876035924115,-0.011808944266175573,-0.0621941615877237,0.10916279067208931,-0.08087375879156092,0.17551996618611315,-0.08787990492803435,0.254465015490507,-0.37506793534682764,0.14579814479096814,-0.09411501982714413,0.19299608399108975,0.1958062553914966,0.1455824993463774,0.016853459732489775,0.38518565676003275,-0.4685951108734792,0.46803278066994564,-0.25159268099456505,0.23573710666044972,0.07365802663498142,0.10350684967486842,0.0333129752089443,0.09038412292345818,0.3505646074762719,-0.3595303785362493,0.3436447401248179,-0.13140349400269363,0.3244315988682121,0.010496330960329144,0.31195456543802086,0.16869122430267497,-0.29940608280134723,-0.08568536654245754,0.32099450711274796,-0.4344056293077538,-0.3494969622807204,-0.45975579595763766,0.33277418858251556,-0.26346159044575385,-0.017826428878369913,0.4920566192419605,-0.17753760700066729,-0.0037320608003751023,-0.34867081121562754,-0.3198079652084946,0.058618335449283215,-0.19913311670755945,-0.35180978584309147,0.29843384135656764,0.12846475294522847,-0.21189150163842335,-0.2823025902012423,-0.09244406041551914,0.04539164354779049,-0.03773120607913258,0.07506742992633406,0.0781216429742285,-0.004394295003599943,-0.2973664651051063,0.2639272972042382,0.0065272996505500265,0.28181765356288885,0.37746686163820714,-0.42912306233584857,0.01154767121690697,-0.19591445559450998,0.4790003253051585,-0.04181993957367311,-0.15694596234770258,-0.018590933433663446,0.36003850738534743,0.3053854381083924,0.2902407014712279,-0.1376031961391661,-0.15093259316272828,-0.13896781562360533,-0.3363914464107078,-0.20069628499472897,0.24829105386543965,0.1971940562333941,0.3431194820298156,0.4669643458872624,0.47780979465141543,-0.3675304375168405,-0.2656511023245048,0.19662249403310034,0.4191939476450514,0.043126170109658385,
-0.4648912421605875
-0.43442318611312014,-0.1658467883072633,0.21867569520528768,0.38823479559875884,-0.07377026999576476,-0.42155149041872675,0.4262681232788694,0.3707810010080933,0.11518132385117456,0.23928022332374493,-0.32849611362757025,-0.2103295410627766,-0.14476071745711833,-0.30136624151715696,0.1803378649681037,0.11716531894531765,0.4991710327602505,-0.3869136003640125,0.028805494480939806,-1.8880254008657918E-4,-0.38491660322647364,0.25147324949372973,0.4642114271976792,-0.2453688220548566,-0.4209606264102885,-0.3488731989301867,0.39212696386772294,0.13737985778676276,-0.22216757930751715,-0.40914474434961895,-0.29306450671024237,-0.025148856294129794,0.2443967575807334,0.45089169495613074,-0.37103165618446354,-0.28349983006711915,-0.4509019564699059,-0.36848432098563155,-0.023105453758689453,-0.047091154525089544,-0.4466737228227886,-0.1630308001839917,0.35391010668599987,0.4731378607746676,0.19344175042553208,0.19630001000370928,-0.44700810828203585,0.4898416955574749,-0.18929327649072242,-0.11231265364462624,0.09879106007996911,0.24600317410932354,-0.33461071593504366,-0.33794920011255036,-0.26584125873466236,0.33693395880023924,0.18331319559958276,0.4194949395447438,-0.16734675391364834,-0.2702030820186513,0.17007391614453565,-0.21748758024012,0.17234597827306036,-0.35620640028865,-0.3016640126686687,0.4311127851153439,0.24161072038956383,0.16604759972184552,-0.3754587723150554,-0.18241664149186104,0.26418265367750293,-0.2786216234189782,-0.27641646709586987,-0.2376227132998599,0.4286250334267747,0.2885740834870171,0.24348281482838502,0.3476635835563432,0.3864431175515345,-0.4385637156798138,0.2768171483349331,0.47136232343344997,-0.05656372572206796,0.08978298822640689,-0.27835148823690636,0.4020276772893142,0.010481114003235356,-0.19623873115077423,-0.23809531058611683,-0.3162696552076799,0.3027895401489815,0.22423401505586366,-0.2643445193748766,-0.2198698697023022,-0.01921226864437543,0.09266995063481102,-0.020550811720909345,-0.08178162721956168,0.4111131813905826,0.11587981521343764,-0.26214947702299474,-0.3052510621069964,0.4928288218052126,0.01410591826180839,-0.49045106316930687,0.14216578247185524,-0.45819537562248136,0.08538611943248002,0.26488194138510124,0.1158739033861083,-0.44468137393050455,0.054777515902979364,-0.18565483889537188,0.06098972237853623,-0.21071912530026654,0.06393894107624169,0.23363710452930014,0.44424584673210044,-0.027914268688825083,0.27473587183786097,-0.34198656554836915,0.39551454647029405,0.15194888459186467,-0.29005523986751225,-0.052798156798489364,0.3934528463632696,0.12868741984632487,-0.36520121359038005,-0.3081446761811629,0.15106157379643642,-0.3437470607936187,-0.004970088183441693,-0.21650168508594253,0.20948988417647435,0.11892885729927065,0.1702273532314072,0.3021463648258015,0.13220518245935114,0.18195487895647305,-0.42425425001674477,-0.2107428559003311,-0.39331176243624455,-0.003556621122885454,0.4520610288883745,0.0683964799525743,0.20710185936293507,-0.10119661878857307,-0.48261452618037826,-0.3480196659369206,0.04892059357130547,0.18649003185408913,0.027517883385748,0.4296794794238965,0.07529814543105788,0.47474875186963095,0.18631903155697044,-0.22744880274994644,0.25498831103243136,0.3431245509821612,-0.21913421615765843,0.4066874834358646,-0.45707619285367496,0.46585930853117974,0.3772524590608196,0.41114749452034605,0.05709721554126574,0.1869002750953273,0.40617122132792416,0.47716679355032976,-0.4408234012126938,-0.45190417185300735,-0.008182372547426493,0.1291140225394573,-0.00867216097709124,0.10825499535978549,0.43333174941057584,-0.04760877673325164,-0.48199529965456034,-0.49890016460763165,-0.16510110081696544,-5.491227710897879E-4,0.24900660052550977,-0.4282598683216491,0.4987984090366744,0.45232949755313123,-0.4211067672474055,0.10415274853449268,0.34510285297584364,0.3085738484566133,-0.13211580983286858,-0.39375158603398575,-0.1976057948331436,0.3271625748835727,0.010660927949994167,0.35446115985285476,0.32577727158704306,-0.27799717627035025,0.29202722817998683,-0.08360363205245454,-0.058364759241273205,0.12280733020076189,-0.18782653281181633,-0.3320743675395139,-0.007014246035113029,0.13663485723701957,-0.3206704421577733,0.40021789395250695,-0.43503961274485947,
-0.34391358111317216
0.1137141673015128,-0.027538876970381862,-0.09330915013841809,-0.30785093198408886,-0.4146187552256201,0.10824717582793539,-0.46491787554989966,-0.22876666008856536,0.11397880418498464,-0.145461474857316,-0.3974712115421082,-0.3351345028353842,-0.09631419542569353,-0.07039974304692671,-0.45487383668068804,0.20352337380270744,-0.44629934531988863,0.16784297984918123,-0.012077759360008622,0.21499770384446265,0.18814369924258753,-0.4608798900884319,0.37547880286636526,0.017105424438543636,-0.015808510129433167,-0.23410849042480672,-0.17703554399284321,0.2123425999177648,-0.25875663980140556,0.3920987860135231,0.23803669207592312,-0.4044118345044434,0.3308789714712713,0.26738614448328457,-0.15127253087953266,-0.38878147754981796,0.09283493323180958,-0.19900587193487754,-0.10546303818136148,0.20435950314073845,-0.4929131328514367,0.015246289305344446,0.3819269705628031,0.09791926128076513,-0.24944011244826494,0.37889023280228873,0.49287935791292736,0.49846695520889706,0.08356826772455973,-0.36084675892572304,0.4402924615408216,-0.016501248877355705,0.3495193779838568,0.38614260186065985,0.31202394621664487,-0.14409369234935723,0.26419178375892693,-0.11827656187792933,-0.2824928178243141,-0.43558079572909547,-0.41784203222027205,-0.23602286227757877,-0.1428331134141573,-0.11632352196401595,-0.32484256402525036,-0.40129333204300077,-0.028304396283642546,0.42353814384520216,-0.4653427227071836,-0.10894346034037582,-0.00358312753975003,-0.3055263685829619,-0.28037284109643135,0.09316622793429676,-0.3546249623956209,0.39434102642442215,0.31059412070579195,0.3478780411370752,0.08045552916792732,-0.1984027702620316,-0.4976678565039677,0.19387193863869698,-0.21724610329459873,0.1609560629852211,0.0700801875571281,0.2242006758329411,0.23657522906241643,-0.27026252453546507,-0.42202847078160677,-0.2619488779078635,-0.43913935409952143,-0.2833717309013265,-0.13660355080797273,-0.24534123691622847,0.27850057518056925,-0.3106997660509233,0.02730900745332689,0.36865354455180255,9.094497190258706E-4,0.15330944916171627,-0.11197161556778999,0.3177177112395072,-0.0766000868574722,-0.08807408979833496,-0.38512664959420273,-0.19371306166341964,-0.3236909798419222,-0.4949800411026122,0.04800848011222918,0.08312819643557302,0.2574929516182817,0.49485831242929945,0.032169166562202964,0.005979094996743367,0.48372059041345283,-0.38236116085787,-0.05552820469707494,-0.15696481965403355,-0.35833921597262564,-0.14817988042480948,0.4803042470806349,-0.14107705690062236,-0.20642837057374122,0.26777835141854367,-0.32366847084243844,-0.18810185520025693,0.4984647568745434,0.11805048603061898,0.09593957319267689,0.34936069980156803,-0.45356872487587563,0.003399247541416836,0.07998016513443919,0.43037828411831835,-0.32801984298726317,0.1071620489523445,-0.025531628653803633,0.3267634722312337,0.1116539447988605,0.4288230049213684,0.2869230346737657,0.4583495024424915,0.3018510514779199,-0.33252744901710607,-0.205669512664754,0.30346256921088965,-0.025302921852317733,-0.09320269234033894,-0.271750134367719,-0.10781090153229465,0.4029727662768213,-0.4645319318648181,0.2963681010681599,-0.062111361426131564,-0.43048043172244344,-0.09972898745089386,-0.03514858067644096,0.49150444096409684,-0.4077921912190031,0.034053837949925045,0.12212938849600376,0.11357498746593732,-0.17753290302980598,0.42653473851366397,-0.02771338989591075,-0.049547998212326985,-0.34645804892359877,0.21324883577150253,-0.23497400410974936,-0.22591865755723065,0.22405029620751357,0.346383579372037,-0.24079300471353174,-0.0011950172963400214,-0.11691374343004145,0.2809804891316736,-0.36174905955752146,-0.076005719903649,0.4950224514444437,0.46095793689659303,0.4482446030142053,-0.032074551756777384,0.40533190876343017,0.42163571533962274,-0.48663710076735134,0.45616050306444167,0.16316266117811526,-0.3610811824090209,0.19826927807455605,-0.3932020912803239,-0.09793669587883146,0.3500246350147336,-0.16655671552845333,-0.28469066628280115,-0.38282921167953377,0.44661394033494184,-0.40307800242857694,0.1832797962387351,0.4453364840087283,0.19841306470437467,-0.34526758275847524,-0.04177940707560064,0.45408058731040624,0.0038907375493656728,0.4023303736878654,0.15572574057605912,0.37592841978315206,-0.4157199257322297,
0.43761315481635704
0.11736874316925233,0.18338262098616587,0.03501691896200996,-0.24032227954333676,-0.052991464687474864,0.41544133270579087,-0.046629969472964744,0.41886556066954406,-0.45153945090858816,-0.3755524242765883,0.35741768743357616,0.29185906572861947,-0.3742940979762722,0.4737149060917106,-0.43501515377281097,-0.35429687004779453,-0.3818193943412793,-0.4899499203990368,0.2276617523832022,-0.3608893164343446,0.47774573280017013,-0.21086081982220836,-0.33373343325653443,-0.22236340837306326,0.3704845210380161,0.19017561515908535,0.3445536766628612,0.4048641366921502,-0.17162504436431142,0.4213663828074307,-0.22376800602722732,0.3321609204469064,-0.3852105249231373,0.43626354771577297,0.41606040896189095,-0.4296479858609155,-0.41303417045688373,0.22165984947035483,0.11646793284006754,0.006345191633243315,0.13045189161462417,-0.30469662233125727,-0.45359689815196613,-0.21103108426804046,0.32945086783370514,-0.24608549574116284,-0.43641733164675667,0.12641789992055114,-0.11461248479315986,0.3509794994373949,-0.09553279788131117,0.18187136210556515,-0.0526355504653926,-0.14849447288729817,-0.2824010817185616,-0.24050883724803057,0.4360236981961674,-0.18987408141951395,0.40169617452761497,-0.48622853248282716,0.14789607664090715,-0.25023671899672845,-0.06944984537571072,0.48648800266628733,-0.0875140087789594,0.47994370500432837,0.34761530248539385,-0.1219845156887853,0.3409402794282981,-0.012981164257840357,0.3954123228163121,0.09357137289298359,0.25300187526067686,-0.04703291623297924,0.30833832846150555,0.2699826674774978,-0.30194997780926747,-0.484890729238187,-0.3577939692905361,-0.31513823130247853,-0.40361934559503754,-0.03401226044908935,-0.3601903028501048,-0.322383389521542,0.4184822812454957,-0.2891774003839912,0.03904284795837808,-0.029491158002493734,-0.007086296330541691,-0.05062789148525805,0.41856874780119413,-0.43198628980939047,0.4874921767038696,0.22968905217571117,0.14577149485045887,-0.2659766946040848,-0.15614851859682682,0.23317817929652235,-0.2573078641849559,-0.10102495848024348,0.462031778844337,-0.10647523123185151,0.017880552713991093,-0.26722470370486584,-0.2703865635606242,0.22647756870498775,-0.37442924748999684,0.03442785146811776,0.06901017558692182,0.05313411324371174,-0.19168641329523567,-0.4644344308055398,-0.4631130263324844,0.13628977385083735,-0.044822703495467145,0.19262287125629157,-0.3487294282715242,0.11757702429648179,0.26485333545620104,0.051175575075822696,0.044771913650320724,0.04253410548496438,0.24148089228636888,0.3060138723450684,-0.25355897121059423,0.19140753006678496,-0.029269253364947612,-0.24819703265589316,0.3801267068218991,0.3954062713501789,0.12466488705215066,0.42172552339908587,0.3338151004190507,0.01128965908725154,0.4261156395471012,-0.154711622840298,0.002272308899834915,0.2515853154793781,-0.13319586056183524,0.021515847377380614,-0.46558172069361536,-0.37660291133260115,0.31814467697777815,-0.09995983100682712,0.12721038782846533,-0.18432251263424554,0.2996580280814819,-0.10986032893109751,-0.20058309457578177,0.493002741426532,-0.42285656513748693,-0.32343689880408155,-0.24848798524400156,0.10330306731304531,-0.048764543620223325,0.41101906078455586,-0.1279743770835174,-0.012335515194577214,0.06669842333495782,0.16949716283267208,-0.3139671835413932,-0.20776734516364576,0.3237879994323085,0.41812732278796616,0.05806935745439888,0.42541346464160523,0.005235467768620882,0.11407307036294026,0.2596110918911938,-0.42202112063405095,-0.45411238890823213,-0.017007624087908443,-0.4096432567135635,0.12935086256042422,0.46676077274638084,0.4608904346473066,-0.3970947199399514,-0.3997499822268794,-0.128754955440134,-0.2342737685937551,0.12202047261898621,0.18005985413539155,-0.44157933220839907,-0.4270750745966987,-0.3274734259080174,-0.24332835066622344,-0.25307482651186586,-0.19101347097831706,-0.3660186301071727,-0.1927614051766366,0.12253673777472356,0.14867070435682234,0.4256233443666586,-0.029817398319271927,0.42361561288666594,-0.09622359010531864,0.2916922372872054,-0.3880393693516603,0.06077194194855588,0.1253243424555614,-0.19492661834664288,-0.27348842086893077,0.3306048193508606,-0.09401095968616555,0.036317596013449624,0.06096922374089583,-0.3719154339128591,0.06591657434668877,
0.21562344094513236
0.4496828436816644,-0.3103529814996415,-0.3658373046087045,-0.05297291930487438,-0.05400228863300114,0.2956452418698043,-0.21409126491908537,0.2613679851566165,-0.4770503505110157,0.08151102796219079,0.2182243365743959,-0.34930048766162214,-0.25979357549580073,0.02152684383151215,0.21367332499014455,0.31973573346467715,0.043216776950539375,-0.040920621971314255,0.050144940929908476,0.33540427265790884,0.06572661259914696,0.04799692337239904,-0.23814228224071102,-0.3231343382268562,-0.40178557593448855,0.30324866563618996,-0.31233909754675127,0.12640250766767197,-0.3149935761755004,-0.4532840108889544,-0.3160229339354324,0.06460745213392753,-0.34904092046117463,-0.08828193014083838,0.3587574537674684,-0.12270370617452817,-0.2728277301363776,-0.2730376727908565,0.19089313780305253,-0.39688239405805764,0.34283381671376006,0.03845445649725572,-0.059913768840329215,-0.34351535593412336,0.08426573277634775,0.24925627867006284,0.32358724876840167,-0.05549223885483494,-0.219694390660615,0.3556232515149415,-0.46222381685890007,0.4635009548159687,0.16905405228439277,0.04231565890457696,-0.1624317778549745,-0.49102898505357734,0.12437964305788272,0.4622709111577921,0.05089732865390957,-0.038403976723942954,0.47634925394849376,-0.12912401196299347,-0.39792640844920873,-0.2777471779447614,0.046724353390097687,0.41101277668525943,0.3453146858232607,0.26072324435343747,-0.36118848963840106,0.25227629563319226,0.2685403980563072,0.41556115173758906,0.37036961213528224,-0.023758348642033945,-0.08244169511444266,0.03670317222145032,-0.0810597293142632,-0.4306171826394077,0.21205821671582506,-0.20224172582470454,-0.03911817707070002,-0.36377748643942115,0.177371099292892,-0.47848768724661067,0.32855160115359267,0.4775188774847992,-2.6145787010923774E-4,-0.33996443968771667,0.1844949727540496,0.49177182449389006,-0.2721235365584867,0.14988286366698692,-0.18283588949569715,-0.0469424367416436,-0.11009284553706089,-0.27677273484980863,-0.5003969489673102,-0.4058225055367846,0.27227177131947716,-0.10263018620970699,0.2206998647790455,-0.41866692917310694,0.1160252416982539,0.28791987912976896,-0.001979019793879264,0.4050157543282858,0.025953913697717844,-0.40495854104465784,-0.08809350899049873,-0.068472842654965,-0.04075401849051068,-0.4024869302855096,-0.03758049332130324,0.3605213165164652,-0.23701671146605693,-0.24405014231133113,0.343906687960346,0.1161871824244528,-0.1364874999078913,-0.42561144805658285,-0.24365910944602406,-0.23683296508799198,-0.12420760523681784,-0.3014628275526831,-0.07171851497977744,-0.11696862360599825,0.0971035909592376,-0.1606569334676263,-0.3867987620702132,0.4731092915607846,0.07704530258367015,0.00213441211765503,-0.0609066145542269,-0.16330172702024323,-0.2854664046671394,0.1744418713454632,0.14068609810656876,0.12215522264540779,-0.37744575273076214,-0.4202913518136054,0.38425580210823934,-0.3619039741582732,-0.17728773165877995,-0.16055121674515724,-0.39305485287353475,-0.17709166795428652,0.184159627067239,-0.096984980864942,0.035654735682742314,0.2790082411006049,0.4052713828310735,0.4019891985627548,0.3249926470521,-0.40425149191851023,-0.24852037013798386,0.1653097817318784,0.059429349299489134,-0.22038773864127123,0.20896396206023052,-0.008397699633024627,-0.2982804156407575,-0.013697269017963486,0.19143565740360616,0.4167806865195722,-0.062182588052214036,-0.0934336231138454,0.44604255780347396,0.13783851596532273,-0.2320760839180179,-0.403937178043652,0.34446001765114115,-0.04214922028962291,-0.3760281004256922,-0.24067783975382537,0.31652283021546285,-0.3974411426367293,0.2557651921627169,0.4988063351428446,-0.2137080875302517,-0.47448786024433226,0.12115506144256383,0.32231806475545616,-0.3957615190947727,-0.13340791867954813,-0.4599504122349632,-0.23452294492800616,-0.3657320397377411,0.057845479437031846,-0.07228379655796258,0.33071062461391026,-0.14940588405885288,0.18090581771293482,0.009751964179191597,-0.429818970442645,0.027013899172489884,0.07188223350576095,0.039259384155062096,0.04729970257332179,-0.1400780215181648,0.34244851906757084,-0.31381920908745303,-0.400045317395975,0.15644301753785153,-0.060035078843739195,0.4494072530183196,-0.20169654012177826,-0.4596509542042054,-0.3951823426605671,
0.44630844890549176
-0.2572373994016881,-0.017233373582678915,-0.3984424207794527,0.3423658846030788,0.3674236682084569,0.3358808622009067,0.38568457913747917,0.12466247684155482,0.265438957243821,5.015439350001403E-4,0.48476463533474873,0.40777547326292396,-0.4149602869814673,-0.2573249411443065,-0.32961387197440845,0.18368183012544256,-0.017945256875269048,-0.2878577554800894,-0.29959338446579226,-0.002985443330491146,-0.2623630096557437,-0.3087940810546144,0.2990739076588891,-0.4273143866107544,0.09731948252375315,-0.34953049479253173,-0.24401250878417077,0.02443185605534802,-0.39228056777299114,-0.23975241372818473,-0.4894709988230472,0.027967947020051218,-0.2725704875925236,0.10800638540108619,0.3542081738971171,-0.16549203566473725,0.2708988407282519,-0.49382295862627895,0.4314510732179733,0.025423597871871793,0.30796485801506573,-0.060279671152993465,0.04840700457722449,0.46357048004630447,-0.014518300357626692,0.39888836609650463,0.4093953640924552,-0.015272706760517698,0.3647299377453043,0.07064831925339826,-0.2070527603658514,-0.009815201199032344,-0.22544733435283182,0.12051196755738997,0.35145216458870226,0.25100069285207843,0.3690246197600204,-0.4131402024522642,-0.3269958883702117,-0.08478348109877692,-0.45184916827452865,0.23103897035024967,0.4792348055979138,-0.07881940146621619,-0.3489570344610409,-0.46093459869611514,0.34954578424862154,-0.23670340330127815,-0.13674679797576372,0.4545512851907931,0.16000193684979735,-0.16906874227148827,-0.40657597225769465,-0.16248318017974384,0.004251172555528102,0.3468790644702712,-0.330862614999261,0.09003494376334203,-0.27581367462739687,0.2686956238370615,-0.4221759189789837,-0.13280354678388118,-0.18033322220388326,0.38437554221555675,-0.3641796026669461,0.3006723718783059,0.4294690576602595,0.23326470661184373,0.4071359139854232,-0.29781106548296415,0.27973720658048135,0.4137609639594873,-0.0867775232827595,0.2855200659014339,-0.018444802534238382,0.3012711320494183,0.17601138791966398,0.04814127212556398,-0.17413472822985843,0.19305661751040715,0.4187122823649793,-0.4125224400045027,0.2718075956155133,0.42101342237673717,-0.18765666255569224,0.29171753933361594,-0.34634166392758975,0.02909713679227491,6.897614323577859E-4,0.041454454609300105,0.2418947174994377,0.19901692930653558,-0.2376366907125501,0.2859544733920824,-0.31448309257913215,-0.27401296838802375,0.07586271001591754,0.11664110318213289,0.03560893876207718,0.4957379237071701,-0.45798883778750515,-0.2495759327439062,0.004221498945472824,0.09465386336647913,-0.4121264173816119,-0.3432102203474558,-0.15198854947877027,0.3968170654352408,0.12723309131816818,0.4151097474894993,0.2826747088347142,0.2149034801875216,0.3849325712696197,0.2724123186203569,0.13206012778175658,-0.12371171291060329,0.40586383898861916,0.2869020500838792,-0.005045981196477874,-0.10861575133460383,0.36411326233579594,-0.11119959744979008,0.07287649492038745,-0.2818504088947031,0.16374984197377662,-0.3323798581938799,0.44383196099518724,-0.005134013777966025,-0.020032742718881415,0.20377504665921498,0.48980823876688045,-0.4872980942910366,0.32776936745031376,-0.1975343274752016,-0.1100801103612345,-0.3697598636058779,-0.03488625496005313,0.05907106099621153,-0.42355682781072074,-0.20593774672092813,0.4384056499360042,0.2878147175335593,0.3175914037930519,0.32264758400062415,0.3604604495165194,-0.02073669887454718,0.1387312849731186,-0.36474257121038506,-0.4254702847928244,-0.3827454439080343,-0.37715802212640376,-0.3368601000533619,0.20271234965220641,0.38214052417515304,0.24137086685873888,0.26730462814813166,0.2030489254436848,0.49477130597232327,0.2582406898316891,0.10528065850720886,0.46682397717908725,0.2144332369807015,0.42261509365746136,-0.4613150366696556,-0.32392273135040467,-0.20600535385707852,-0.37986935906541447,-0.14590707768318012,0.111052009875023,0.016801807568241154,-0.11234481202944052,0.2816164605887575,0.34828417908254333,0.292405818739597,-0.28676596102754953,0.03875918773087796,0.3222641219009705,-0.3280087956431617,0.3407366124869589,-0.09846749901215462,-0.4629224086350318,-0.4405844775643741,-0.12218155801641478,-0.38952000245636903,0.3091604886608555,0.34005832885107906,0.36616431052626724,-0.24382781221549543,
0.15660641328204739
-0.37275367696522016,-0.3854170238661961,-0.3430807365654718,0.24106298571351156,0.3346239344111112,-0.4816515124931304,0.14070557398146452,0.23993950098560868,0.3231603464231532,-0.20776209581560526,0.07432659706893842,0.17977568380492429,-0.05643075656208066,-0.4690783706514978,-0.05498012556189411,-0.1531853571081621,0.393538691022466,-0.22601199388891285,-0.20979956187750815,0.10312289343571089,0.4500590807719816,0.30594807696162,0.3009158492315671,0.0390668704476545,-0.2048344905146838,0.24541769495652618,-0.025452852946953604,0.36537076772190435,-0.14637683255295209,-0.4089017392949691,-0.21750686692840526,-0.06446235237647482,-0.21278927466727748,-0.2173258657825259,-0.06438246193713719,0.19566478238587207,0.050266794857153387,-0.4918765049609933,-0.01974895646041197,0.04731897495714599,-0.30091381803654876,0.44277982169542945,-0.3622726955406584,0.07902766251668338,0.47188427921782966,0.3402864945562933,-0.48788378108702973,0.3720381963659823,-0.49467989367224446,-0.08650059181699997,0.03496088496339189,0.11975134766971808,0.440630714342835,0.2399515092427755,-0.21080711834798763,0.11229771359344644,-0.4150485993741258,0.0063044924148945485,-0.3393446731139554,-0.2667860320308119,-0.25901429608481147,-0.23364849059574114,0.10239719309196639,0.49092539978568134,0.2953357287199802,-0.4712370648155308,0.16508925640840197,0.264996715729733,0.16464440075673023,0.4136199840880653,-0.15367312926126656,0.3855901490741302,0.2387401815013754,-0.17911841913096974,-0.2577514411451656,0.3842958531166309,0.03126435800358973,-0.4607183384617945,-0.05318677288133111,-0.2445234017021133,0.35079926222888397,0.49075639466861193,-0.3627568699937794,0.34949523933131527,-0.06069437230720598,0.3533509192697926,-0.19144594135853968,0.08266957018822875,0.18971574999416205,0.13465845465644508,0.1757572777729944,0.49352659031755725,0.2508187301406622,-0.12180540121628379,0.34923330275063885,0.3009039742162997,0.0551123865967722,0.07671244846944016,0.006940059443687409,-0.47332664938702546,0.06408659772069893,0.03931507940049994,-0.06346643582455234,-0.06566305188851661,-0.18455942574416398,0.41332349372744465,-0.49885814164897085,-0.49552511974032404,-0.3219731910097054,0.2972100952663595,0.2944482704742399,0.4189979837020194,-0.42714735216066974,-0.10249112014440485,0.49390334361023996,-0.4416132604588536,-0.19773979067663575,0.48046539587957854,-0.30470092660454956,-0.17042626187093382,-0.45555638153487005,0.44829085587224965,-0.18239678637091342,-0.2631460690786252,0.016752464966206193,-0.2697633924697143,0.0038653382026302167,0.4841833262397684,-0.2112311745049598,0.3203065179245192,0.31217072548334285,-0.4455473202123454,0.23493443060690697,-0.28372355184413195,0.3900315237541108,0.14980086226579123,-0.3434561815409842,0.21879152463085957,0.25626962692409944,0.09675735260274033,0.17420794443079599,-0.46533626503850506,-0.22364105469341847,-0.17901897575887096,0.09443246634654791,-0.1049066263622259,0.41035930684595673,-0.22141110872009587,0.08774301270861963,-0.05260983405541397,0.3369880730103076,0.29454413359416015,0.1808298467703889,0.007870751383302137,0.11303977353203211,0.10330068438376018,0.26147272221850154,-0.12603873748133868,-0.3857222536933497,0.012876933149723763,-0.4774541248132725,0.2851351886631754,0.1220865819786099,0.020758395531417007,0.03019237153959209,0.2951678939596885,0.06958728583226616,-0.1014944365733058,0.39129612981943945,0.2722914073325127,0.14158190983342098,-0.2683302335456402,0.31666851131788937,-0.020815817725546526,0.1346080693050898,0.15259631696990647,-0.2710939067572011,0.20133206174765592,0.22654798520677197,0.03592086294161834,-0.05233517587350611,-0.30985141180633485,0.07965059024946965,0.2400413635058186,0.4001349607965274,-0.23365601701264507,-0.4935105392297277,-0.42742509221560526,0.25079052657009593,-0.21061597095650678,0.26529339467213936,-0.4662152053072223,0.3220253485462509,-0.15951864621352865,-0.08074959158881344,-0.45081004712402956,-0.3139220663166233,0.38941337471269216,-0.40619997369486466,0.34104584597921167,0.3486851478207799,0.41956258694519616,-0.10340721037256294,-0.19188841325892317,-0.48380487095654107,0.4709266567568295,0.22671026376862632,0.2840954117503291,
-0.20130283491689413
0.3235380446711278,0.18893416818786782,0.32352221891600874,-0.23477609764366852,-0.38094314894085535,-0.11896380128136297,0.25449472324150835,-0.30793678824599774,0.4653807405477298,0.29546066356999123,-0.4989393085341105,-0.005220222435843668,0.3127532766416215,0.2953437771923637,0.43672177240323595,0.2745278373413465,-0.3417238775328791,0.1255010215463207,-0.1859045639804109,-0.4143445913589928,-0.13460093335762102,-0.3836302908514124,0.06293262189794263,0.10232210615954056,0.33852480809383473,-0.07310939474996617,-0.2845673591497831,-0.3763761689411453,-0.48462390465780464,-0.1326605881243897,-0.041949589003812376,0.4510562721009027,-0.3382838586053629,-0.4068033109295069,-0.15436610952537141,-0.4366647985840375,0.25288226823444326,-0.2652458808739786,0.02685999964342552,0.4245145380220652,-0.20334443249966688,-0.16910971634686195,-0.07627683056974519,0.21373122535904882,0.32906155469543164,0.27801161171021016,0.18764286306798644,-0.2637333757375915,0.4368392844780419,-0.13524656287428055,-0.09502543944978445,-0.2126899602853482,-0.4025190483401747,0.3701494158301616,0.47013644837140744,0.2801734077415794,-0.17443621145909266,-0.3705195954596755,0.26031385436780785,0.020865617291569733,0.10078506723145467,-0.06481562200795848,0.24792390593899297,-0.3859921959519348,-0.18028959894963453,-0.3667904148210208,0.4690840025476374,-0.38122749294279856,-0.4389397294444074,0.2996067554706554,-0.17019601353378927,-0.2614315374219831,-0.21653751029994445,-0.06217883969072023,0.0763485636677658,-0.47551757070035916,-0.3150515697846046,0.22405821365016626,-0.11780677318237862,-0.1999725444657931,0.34507372123008373,-0.05373881796517914,-0.08877700603996583,-0.22646259430155763,0.44339485934064893,0.4316533886296705,0.40530047294827,-0.40541472095562014,0.3021348311194977,-0.06153846025558744,0.3140560514782099,-0.06790696600774523,-0.26377701147801513,-0.3006497744366986,0.2357292898242505,0.00433899992325027,0.21049509069875633,-0.45273733692967677,0.4701176776062973,0.37485824181897065,0.10169183707622256,-0.17122383042555206,0.2981651531084404,-0.25672972060285204,0.4419950134772407,-0.3842552190899856,0.1974493063121791,-0.09364217177283327,0.3811927592652594,0.06291629143153746,0.07880312901032785,0.04225896575470674,-0.2538338690496206,0.1273740962326892,-0.21346690828107723,0.47942413488497426,-0.5007584863372918,-0.23493090882876994,0.043172661394451486,0.15202918840810237,-0.3989455979669486,0.1503702401174905,-0.26056373483080697,0.014823671197642269,-0.2310779943896008,0.42647703788242686,-0.028984432572881007,-0.20706652603501724,-0.11167654853762474,-0.01229894072905654,-0.49391325272341857,-0.42407442074788626,0.3829380713346019,0.3190373429677684,0.43087336166707646,-0.06951820555611363,-0.3222062382677259,-0.025888728166311863,-0.4346634683868591,0.4023176510412452,4.29139573313947E-4,0.3594998090292151,-0.1329594164255788,-0.4944787455023776,0.15657417036516813,-0.38840918524378387,0.44846868985549915,-0.44372362589589776,-0.41029339132882037,0.0015574975636029865,0.02153980875923552,-0.002027007498417345,-0.012058106059405016,-0.015310366379507764,-0.4471953732024895,0.18599726192720406,-0.06293326225879263,0.22223699055942409,-0.3362249736052034,-0.04696742393417201,-0.3648725171597357,-0.35291529906587404,-0.1569323339802003,-0.3405082708235002,0.48183642046219266,-0.08100604807205045,-0.1494804525953431,-0.15126013666885813,0.43516045874289344,0.4208059318178392,-0.21184081515775494,0.07305658184030542,0.3878081243995085,0.2839206670022647,0.1888944478453976,-0.06617523292995384,0.45793268702854184,-0.20047320943673513,0.13100364012009763,-0.11177726746973513,0.011220401670822977,-0.02852835398293822,-0.17500580361767243,-0.08526468236412629,0.4356349157510764,-0.10267363125945447,0.33911866625684195,-0.29891110935431464,0.175439814260047,0.12611341100912904,0.13081532871881946,-0.3792462311228272,0.29772334707392556,0.1343287208823582,-0.16643350986303534,0.39794703881398263,-0.08749907432945156,-0.41369497856198667,0.3121446912165894,0.02610774655743205,0.09657203790611082,0.10062587334521769,0.3439431051220394,0.20110542296067396,-0.41833953700911775,-0.1687847133965264,0.41006342204156887,0.2579819375281208,
0.03505747261644391
0.29353256195541944,-0.009286686183429285,0.36243408380547215,-0.4712225130782387,0.4901789643180902,0.42237423804313684,0.47291155801020623,0.15225780632824187,-0.35246929915749386,-0.07957423473339399,0.4866539969597368,-0.32547018295554586,0.4595703932644249,0.49549237788564954,-0.29111436336175606,0.3781694169842063,0.1041260155771173,-0.352494433724308,-0.2063952118136983,-0.25226660334678347,-0.001639599314311344,0.4654769858028224,0.1464719041766964,0.1355413360564224,-0.4127972560242373,0.37407483359444677,-0.25161878848748254,-0.002390671467289628,0.2945342069907731,0.14471163901374265,0.3344181646665224,0.1108955714372027,0.13394729835254235,-0.05546372220935037,-0.12888128620143152,-0.3956951329353739,0.37579388151028137,0.13573987567613038,0.31479652444058154,0.3408065967272816,0.09759888244339686,0.2571282573102735,-0.2943441081463091,0.1724197016766011,0.4070077387259167,0.12022359444371543,-0.24653411854162516,-0.1430956892571122,-0.3808631566947553,0.23596798985732576,0.20650559534807528,-0.02660464188420718,-0.3042938846003405,-0.15007556616894585,0.45861176136799425,0.002241551241543276,-0.19230822591975355,-0.2904399306536423,0.04648940611273207,-0.15456383939565893,-0.029003485785774153,0.3128688297313346,-0.08333096999991209,0.45535577790190424,0.3225090903236721,-0.20514172566300898,-0.3996750959387278,-0.08758665464641603,-0.24661904677009677,-0.20309827213349102,-0.27579315391406384,0.24633429736126106,0.29701091211327696,-0.3663165012296546,-0.39277150155850543,-0.468884882156929,-0.11885622498991112,-0.17655842046404074,0.04479292469625547,0.30032574246532145,-0.2033476350589541,-0.4205612279616215,-0.2332738602056344,0.12726922167230842,-0.4900136225056903,0.17406960457517245,0.46972766600062604,0.29361240283763873,0.2519363579718162,0.1817370863120184,-0.22846289403403136,-0.16954560553001624,0.1522737413315321,0.4826100412012823,-0.08844615868813833,-0.1426000328108123,-0.44200647278424837,-0.4334020594442131,-0.4685633918476481,0.06805731039829242,-0.4277009368966738,0.11535715247464405,0.40924875399783717,0.4144807944806866,-0.21786696349141593,0.05986893161369074,-0.40799631806202247,-0.4715688047185221,-0.3960272967151694,0.31210559729476844,-0.025995484928988833,0.183926939082998,-0.3292287557778644,0.1515289052897028,0.002160608496540463,0.1534123339164834,0.20734172111968546,-0.18935987807544724,-0.14549692463331182,0.13896917370668388,0.39714362312579204,0.14852846881734244,0.13441007014490242,0.07035079715604241,0.33034618290505574,0.4273411576088902,-0.14940789139443428,-0.04678160829075244,0.24120702327671212,0.11382448940031918,0.21167629286947182,-0.3761885481399431,0.3922184935121062,0.316562287732529,-0.44573203743113504,0.22038547608882247,0.14313783672337416,-0.06073534411035002,-0.4553434933247786,-0.08289821752883177,0.45493221330827277,-0.1185640757859149,-0.3531278175369951,0.48265594971697817,0.32183269941524056,-0.350021651699791,-0.2664111651839918,-0.4762174797454259,0.3991062452289604,-0.44123655284674185,-0.36859263078293886,-0.14712424510934946,0.3998179671052568,0.2879302424091989,0.33834299491030456,0.279317407793452,-0.3292290340761325,-0.04935383021905697,-0.3711208177363185,0.2657041265776729,-0.27402600285894246,-0.0277074709390852,-0.22926009935064479,0.31301853436336363,0.41540235708836065,0.025513226265782906,0.11757034640438434,-0.357109772188313,-0.1625193259022733,-0.01570754890813907,0.41300671846516307,-0.2695568251035882,0.06563055444334119,0.3612025283609189,-0.25584699707709463,-0.49217058524715834,0.25239045701673396,-0.025808940147357008,0.21627322199629878,-0.39360148399507916,-0.300971271087276,-0.3472484633550052,-0.41445420646061,-0.16544440129565025,0.034234946619902853,-0.36195029202437584,0.28301600616908124,0.19871074566721253,-0.2676108876568795,-0.04244667076126367,0.4904217714993094,0.16632583337210233,-0.17992839956009404,0.46194011330990997,0.18735666450304161,-0.4570856389457422,-0.2311081784559536,0.40053503412688546,0.3792734315326218,0.2889535872063948,0.25337643777432967,0.381254860849832,0.037120245588666625,-0.16198188105398165,-0.33542686346884215,0.3120142197255243,-0.36805890546165915,-0.005953446558228647,
0.36347110862514753
0.4505958986488777,-0.4706309651636558,0.2813410705043051,0.128305579376231,0.018746510678133807,-0.060681970922347526,-0.2848191941845693,-0.12127551289871806,-0.11480039358361444,-0.4832885509415462,0.27577101330390763,0.4351072345559844,-0.22612050290459976,0.2615445030240893,0.08509737513995237,-0.465737908834613,0.037482781512080614,-0.19605456868935467,0.135846275984742,0.03478607615438056,-0.48487608533957516,-0.2627881986460405,-0.33388073375499777,0.0213273410203357,0.20342650474673724,0.22646233662637766,-0.2506501568573529,0.169940087506339,0.46965336516187334,-0.27993654167490367,0.4341373857594918,0.07715871041245904,0.31906755610461135,0.22648576446004273,-0.18225029229172868,-0.2182014076245041,-0.2077464286497632,0.28428996270660534,-0.2340336712700233,-0.2368306373479351,-0.08828342391770166,0.44819479148500674,-0.39793449707867323,0.28740327200454674,-0.2747022684149726,-0.15597907974528427,-0.019730576913900025,0.09104596964781625,-0.10126669194545729,0.10099805885776075,0.33021952087344575,0.04025635381998919,-4.737740298849292E-4,-0.23742535265920864,-0.2852872133751342,-0.4146023111413206,0.0838871837283201,0.09679700216143611,-0.32260833711550607,-0.45788730953282897,0.44919116513723967,0.08026547156376135,-0.3260384455668256,-0.026640742113091323,0.44678325791315887,0.21341370265153167,-0.02167623857195479,-0.27873439086189267,0.06341659474183597,-0.2601054056713059,-0.46588656248352467,0.44332754586209144,-0.42566885983870095,-0.21085288278491623,0.08248360733020615,-0.15561560573806457,-0.05304089206448622,-0.06124388757171547,0.0385780181040473,0.1639749259778319,-0.16853100693864656,-0.297993108802587,0.011986664828555918,-0.12191252906830147,-0.08716274628024273,0.4860751601239873,-0.4294198902171239,0.004983933779101652,0.11886246537871265,-0.36241771933170397,-0.16753034749505816,0.36668997338327625,-0.3204857576866649,0.2947842585710575,-0.2625575609698151,-0.3490908090575926,0.3152350729666261,-0.10054727268053293,0.3970717775160081,0.14253179188972406,-0.10470996236286895,0.3865444995981465,-0.24819533322348122,-0.4504266918273263,-0.24801381353055033,0.26604603686431705,-0.12631969165996296,0.43529261239186745,0.4625592436694763,0.03891749422349126,-0.3550655091427928,0.3864023967812896,0.31775281836695624,-0.3521492586152337,0.2155965491353293,0.1966997367547588,-0.11540911777362789,-0.04640553295064572,-0.4027125319953295,0.026107984525915548,0.04057152484356034,-0.4511115003616122,-0.014221613161200861,-0.29296446675313514,-0.39251359813574793,-0.42541125270843305,-0.07852851749638051,0.11312133035486366,0.24529660758064206,-0.4136468618773659,0.19481574977135382,-0.22014977682479744,-0.4200276045605754,-0.0647021486785821,0.48277229899608554,-0.22781356555227808,-0.3660688827796099,-0.42767750761687773,0.06279535004449494,0.13128656270069125,-0.49631641628912493,-0.3366584211601048,-0.4076035977700656,0.10051793936073766,-0.1134736853918597,-0.08855087762856356,-0.13478924203799084,-0.26957738994536984,0.4965931609186319,0.02208193758226039,-0.34141265482929983,0.3929302857237529,-0.3696933049415029,0.3185362923074856,0.2730740093478856,0.19703884660802048,0.14224626089027734,0.11773183276269888,0.13077199453506658,0.29134422143990035,-0.12532401411659486,0.10990560922692921,-0.15261457270631687,-0.43678428464540764,0.14745279769195827,-0.34904189481084,-0.47810742520908855,0.3000771544944677,0.25976093185442073,-0.4275377587180854,-0.4018826846360265,-0.03483189397019678,0.08109610247833327,-0.1581144959190505,-0.4559187054371021,0.35832330676321145,-0.28385111766538496,0.1643642068334081,-0.2321318484007502,0.0817229323828535,-0.0832864117940409,0.40740793102750983,-0.35716675957826727,0.4112300471678968,0.38347548066228154,-0.4487980838264297,0.25034354385172786,0.38584583163521025,0.3515054987861499,-0.28028715178265196,0.46483426984201015,0.17097689056041662,-0.11448132931257343,-0.2684057293480814,0.30381997229653124,-0.4743762499591153,0.12442827981566,-0.4750745518543863,0.04459975967017286,-0.49073716712180193,0.3094553433951027,-0.24389258091252788,0.46974766161005366,0.40110894539286646,-0.1939714693964916,-0.1492212911026917,-0.2549192443771464,0.17260891873421078,
0.010359449296462344
-0.2093429137636071,-0.14613978351646598,-0.24927345925212985,-0.22011989449375524,-0.02041582103053309,0.23459362945742682,-0.24069299240894618,0.4218383395801982,-0.45443766907238087,0.1975124455663583,0.3306290408316203,0.4058820840991899,-0.3681268026785471,0.05287417059757257,0.1654907009253535,-0.02000803814096471,0.278240043970302,0.3525750651530587,-0.041665936373562924,-0.4588721389459513,-0.3039154119491186,-0.4956662604700559,-0.10062027518097309,0.14144246799727178,-0.05981696951547506,0.13827976520773153,0.05239146598719428,-0.040513961508204875,0.19599418118194004,-0.01762282757084048,0.01589584163144565,0.48160862317697467,0.16502248925828872,-0.31827796750776066,0.42888220603761257,0.3337644458176746,0.3217424690801012,-0.048890218335114484,-0.4376240967490745,-0.32940266134203716,0.1312227195012348,-0.3180653749376116,0.4491400882520082,-0.21698729131303893,-0.32042883763863667,0.14856817881712295,-0.24977720708968884,0.11564084101964028,-0.4585626803152046,0.24751473922467992,-0.17404454706455683,0.1979701997937733,0.13151962224775152,-0.21017032201682603,0.2900267055438221,0.0905580264398434,0.23091760920032037,0.22343175663310336,-0.340893120871209,-0.17850383865334638,-0.14345553081131632,-0.19521234533954154,-0.4203707250024538,-0.053662968002502205,0.15094910131299658,0.16213795463334083,-0.48738140708457384,-0.19695708308020762,-0.4901367161668891,0.39653534176991595,-0.3118799951311458,0.2532491325753003,-0.26392091064698503,0.3523175673628412,-0.39730270893123437,-0.29789205537802615,-0.38920011391852233,0.45523846930921935,0.32663185541276657,-0.028793585068940888,-0.09260185938358406,-0.4356668023386299,0.4118688378014575,0.1625284040698222,-0.4624483407093109,-0.38730593524285956,0.24742059675784844,-0.0038428897503992657,0.21601950995218058,0.4226860007881786,0.29585177124606815,0.23039124069921593,-0.24214249163532128,-0.02726853198905851,-0.23736586085853803,-0.3198253265839352,-0.11933755746723468,-0.4343534028894473,-0.10042608580391027,0.03821541200367622,0.17447314579691955,-0.19738806871147038,0.32417783108200265,0.17289711820937362,-0.27675419903328186,0.002212393154118638,0.4487382383498309,-0.17193775242766038,-0.28564040120638995,-0.2794170453651548,0.3560824800904167,-0.3180273852995848,0.2563981874163405,0.32654800740944173,0.2333443287400593,-0.4637696838469107,-0.4595085696218208,0.16474372001354623,-0.21921905472235,1.675525797117855E-4,0.4267907649109353,-0.29993525894450895,-0.15042835025388765,0.41219108728470427,-0.4848091269202545,0.17837766286490855,-0.0693003980252051,-0.10320626019900564,-0.2318008205134072,-0.2387045005780347,0.016430951920664825,0.3944213211395429,-0.20610601187358588,-0.20309113551421107,-0.21342894328619585,0.22111042617530266,-0.03179933931673272,-0.1262786348786356,0.03358983476337834,0.21578900311177254,-0.32174476498933297,-0.4283621205704424,-0.2661256096660484,-0.1846421116427943,0.10241259027129151,0.37170613181511075,0.1967790654440338,0.461148540725793,0.10749678041450567,0.015413882447576039,0.27880895738445804,-0.4149216223834061,0.04017898181661488,-0.28530514201618823,-0.26281445805261966,0.04980173392607739,0.41690850667859697,0.005398920533415954,0.4152081909518814,0.32438123389273116,-0.22438924882504205,-0.2901670342673531,0.10123849319173467,-0.13451926448795468,0.2424053095733111,0.4280808193152627,-0.41620044715857146,0.14380770675383328,-0.312113518705563,0.21316202595831893,-0.36280515815341413,-0.4934908224969901,-0.2999523618946494,-0.3983091800696637,0.4152170707901072,-0.4015475120755541,-0.015280565242983303,-0.030451699576678672,0.004930165938908514,0.378797926065872,0.21943178416147105,0.26118220505423445,-0.3018277028328051,-0.13600233263282321,-0.16710246020985706,-0.4984994826601225,-0.12465839034341203,-0.39566869448528347,-0.3401440284194179,0.14092628079152716,0.2641905406217903,-0.4416845604215521,-0.07019778506245383,0.20703313727395192,-0.2642313346513658,0.46780055948858795,-0.41183137420420585,0.4402819358477081,-0.2696820258350437,0.056296143802514846,-0.4801873834405,0.07673119109094734,-0.13216154719802595,0.3740403227614076,-0.15279502950474397,-0.2928051756862183,0.2912064189921522,0.3955575252392796,
0.48213886706462766
-0.31009294218982797,-0.1862126449100308,-0.4612671026091757,-0.2066438946931071,-0.07509923170316364,0.001624797012602609,0.12068632195150272,0.3851711763950295,0.402586864470116,-0.09913663400135019,-0.11290131899135745,-0.16456711802068388,-0.1618166840909448,0.24402496406981933,-0.3355751055368157,0.08985710537086662,-0.12241641303355483,-0.371533391319815,-0.12510908811321889,0.14181018788853672,-0.20169183132852153,0.31074501603322136,0.10905169200513998,-0.148109006541237,0.3869007839031892,0.007616198504631804,0.22181955925634944,-0.3318173296082841,-0.3246001396390026,0.3154743385578504,0.43635364167532514,0.24198985930507175,-0.4773533742291634,0.1421401841483033,-0.24117092647630273,-0.1421747945568699,-0.3937339724125347,-0.15101293790968018,-0.39965701077176136,-0.4626628545311879,0.2450255140827573,-0.36240229743194513,-0.12195607895112924,-0.3379404356677644,-0.3744803243581986,0.08751860177136785,0.028647777780643785,-0.03925750076152792,0.41535097820812145,-0.3562191949333466,0.2982372130097953,-0.24866375834002685,0.4590891782135234,0.29039573118218326,0.3997724673537602,0.3985851148465441,0.2351428409907712,-0.3958264749582025,0.12624250089477662,0.049853084364612534,0.01839942230857375,-0.1224803734758929,-0.20898840635212113,-0.15392927195488126,0.24165742479972585,0.023130749958043567,0.4302060207307424,-0.030349138478765785,0.377903369223539,-0.4708244524291109,-0.4532876922006153,0.0875082526081228,-0.22416353963497027,-0.17954076739270375,-0.1986646307694364,-0.025140808628085293,0.27264673372788867,-7.645163531396834E-4,0.4638909602245767,0.36426419116368186,0.0809027478066814,0.08874286194925908,-0.37451611580816196,0.35441787372991956,0.40050752951405083,-0.416792595898887,0.14294958974066752,0.034477388529335774,0.44203241927474174,0.3199669895487452,0.037413448802225614,0.332261521230033,0.06434017097212565,0.43253660128119814,-0.398851049902708,0.47844013430031745,0.027260171769607516,0.4178486798333411,-0.2196082794521398,-0.10612610708134272,-0.060819297113420843,0.15656592903735755,0.496494024323695,-0.24644771918259523,0.339773574215858,0.06227842991698109,0.4437799679606454,-0.04188196062067131,-3.3054974450132097E-4,0.4035609239496532,-0.4403115570419888,-0.24724598181383695,0.44175278010575575,0.24228016015776832,-0.1987319253053359,-0.22675135946444291,-0.10715307777781834,0.36220615782361837,0.08181385342140925,-0.12965573695328148,0.3599120701607957,0.023895505483259943,0.22241261849588478,-0.3339873323217007,0.29147971680512247,0.37497889060316997,-0.44460915713196897,0.4290902059082787,0.33289907203962915,-0.13060140974656076,0.3801344429943964,-0.47725530129398325,0.013072446680702173,0.10480663301672445,-0.18352262018291243,0.3725349364947162,-0.18929167259009272,0.07424763706947647,-0.27316796033463614,-0.3686368999190494,-0.06027814099015185,-0.0535855130603984,0.2854610267207543,-0.023591166523589807,0.36626509066529195,0.13817974876075856,0.46176676300704717,-0.23682655825757126,0.02396948993801476,-0.37623129857470333,0.154201313457351,-0.4169486823402771,-0.07066393314191131,0.13685490848447512,-0.03762360255215926,-0.37661497679518613,-0.08419074227228017,0.16502273707175408,-0.38282145374484716,-0.3872509203076186,0.002922652753746225,0.41045549991728664,-0.09782686371643433,0.04924736136857042,-0.003994119332420792,-0.30362807350199666,0.49430501735325055,0.35589707588235026,-0.2277062016403475,0.13564777245305815,-0.4721176653052929,-0.4152876679924267,-0.14911924531490428,-0.2537767752370333,-0.15694480462139093,0.2998885149471758,0.2668138367676018,-0.40268867758190957,-0.1815219401079602,0.3105284950861213,0.47372121405996154,0.0010859512371845135,0.40757103310905857,-0.005359893060378282,-0.015277637590511983,0.22644281405224753,-0.5012278642836326,0.05867385466242112,-0.2720302568899801,-0.29540987148190284,0.0023985777206746656,-0.28934121028396215,-0.35897827836757074,-0.2793595938518862,0.13021245887176747,0.3900331737500105,-0.14265090050051288,0.14103846146059928,0.17851208724442535,0.3935562861496202,-0.05137116938562638,-0.1864251228713817,-0.24845290214670768,-0.03577380824863332,0.07807974567819222,-0.10510174356029821,-0.23071779659099156,-0.33108243410598387,
0.1080990217837658
-0.4915543039053826,-0.20943933184318617,0.17912606392616556,-0.46309861052669576,-0.17366042029071893,0.16258722765739983,-0.09980446909065903,-0.19144204357129554,-0.1489764462654426,0.2290255273017081,0.21788104234334682,0.17950342897378352,-0.037337099748030476,0.40625650983121103,-0.4384866282755401,0.22772671955203308,-0.46691930328160425,0.217047316499498,-0.14239433611419844,0.2881600891249736,-0.2763017540464129,0.46789580646350454,0.40733407700982394,-0.11574420264647266,-0.06800023550700952,-0.34971432575707034,-0.2934095159474621,-0.23564593856413696,0.20813230726097393,0.28775986754908217,0.22614527514816718,-0.4262294785357076,0.366633208342995,0.3950787540042935,-0.28582180847242705,0.4041588818262426,0.44997024497964383,0.4347806772316439,0.15245623990292279,-0.05630526322504467,-0.34289848702393616,0.1554565123722086,0.10171347673389326,-0.2775808734098401,-0.1460899072416756,0.4834802343557995,-0.19428452456948786,-0.00875712881371437,0.29430569041528615,0.19601285001880986,0.0858426342021021,0.10326420209127114,0.24549152156875054,0.454240206974227,-0.2422325274999848,-0.12250595177644656,-0.20583292823324562,0.39838524062606,0.02715007753176546,0.31543959620543033,0.22910931067480567,-0.08572387766882687,0.08079249411649388,0.21435621514567427,0.045131078697376786,0.3695958986106001,-0.12037071835696193,-0.3249989099816594,-0.20596734757982704,-0.4123332769811055,-0.0187778957793594,0.23707339059370391,-0.2799225764995364,-0.42240201498717594,0.07196435019830168,0.3921272656810512,0.36068621136853146,-0.4281457822483394,-0.2270086412189246,-0.47840427694875226,0.0674585826625816,-0.2642248278263914,0.19883034619385487,-0.11333530065023227,-0.29170586836081397,-0.49169273464127566,-0.30588605897993376,0.1570886826974781,-0.3516995638401776,-0.0908181320616867,0.15121952675362293,0.10764021615455983,0.475338550245533,0.305002586522418,0.32048618046770366,-0.4662623416360074,-0.16452930353954898,0.06518045026193194,-0.43530016653557096,0.14189687565205733,0.17423959083092389,0.2583818912738171,-0.4191736238982396,0.15600420523037895,0.1416217980165635,0.041131822111214716,-0.2854884090136492,-0.35299038511598196,-0.08833725696227061,-0.3275600502833687,-0.3733444206647402,0.14149028202457847,-0.3077857487984756,0.15179527245898983,0.2364089366409151,-0.10636301347112413,0.2558598344943586,0.3226004716402174,0.06122620495494299,0.31556649239505524,0.41002698991497016,-0.09090584556780239,0.30215214977758004,0.4524652098407151,-0.057549955451522944,0.3620356448440471,0.28130455871720134,0.061920915090244694,-0.2724394396505298,-0.4230964473264945,0.12855702364185628,-0.18909939321545333,0.3600471145768525,-0.4819140990230127,-0.06428631304207337,0.33918444075416126,-0.1062602230013077,-0.4664838991993629,-0.050992365190471095,0.45466705084398823,0.007138898526780559,-0.3235640848240822,-0.24545729602232869,-0.47621083727853925,0.1913219094677282,-0.3355576480087749,-0.17366116082470828,0.1994642252389306,0.36162571399280613,0.20070334125182887,0.2529288460966617,-0.010784238027923833,-0.3685833538141406,0.2582017965222159,-0.06400547081477793,-0.19215664471787364,-0.14557642957124572,-0.41490374854505246,0.06331860930679607,-0.4182135738218546,-0.05847578104252646,0.1277608920387333,0.19836807815867674,0.17645633827211182,-0.11146137695999107,0.28779583472131026,-0.09988599665214885,0.40315945907066314,-0.0865022816157132,-0.06972565805773005,0.3892311181480886,-0.3711652506129233,0.0950190556158635,-0.1572797446231815,0.4106104952024871,-0.4403183642297876,0.427836051150242,-0.09221419859111328,0.10715702502803455,0.09885480343899607,0.2671906290883565,-0.40267376634814717,0.41613256307826924,-0.21124512990849553,-0.27928622963230515,-0.4784556865177156,0.2268452051078601,0.2400446838975775,-0.335417759361826,-0.32589551904916264,0.2972732625077312,0.12237325691666034,-0.28984617980590394,-0.29740727819226637,-0.2827474355899349,-0.2541096735060376,-0.37205242632794594,0.0034251563484753848,-0.47285589438527925,-0.002013309431590151,0.44774967178736497,-0.30871563009768005,-0.04656167803608399,0.41629610606665296,-0.30321073455142805,-0.474610247071173,-0.3934585161855028,0.4768475469612538,
-0.41049788740700355
-0.3068304623714722,-0.09417012840264212,-0.2398826100398964,-0.32440410798265185,-0.08693706413713531,-0.09025652651447227,0.48467862827551894,0.41687269047430175,-0.20529294818457275,-0.19349698978792382,0.13989136683111483,0.3108661296174359,0.3860157657602885,0.16548695599208615,0.20633996311237027,0.3154344117411857,-0.06382693434749166,0.24643294533191662,-0.1818723963367002,-0.40456249215058315,-0.4648730513556817,-0.34778674194524406,0.11720372545128448,-0.34782886991299483,-0.1886258045776236,-0.27097371213215765,0.338109718420216,-0.21219409802092776,0.155618055919134,0.25767424067380873,0.21196479124464732,0.4645693750116419,-0.001502758439287659,0.14097859909884414,0.10514725766460616,-0.3298545387254478,-0.4848175578866148,-0.010977389598877098,0.41880787943203734,0.4895366473537468,-0.24207729095449979,-0.267368807672005,0.16748423990787523,-0.3003790413208295,-0.3798290217978524,-0.3487396411439444,0.3259412088739426,0.3535787751009748,0.22979554444269482,0.49588772365841083,0.4908905527266282,0.0033581377831415392,0.3351090218391355,-0.2950983934898369,-0.36373057074055526,0.41874702318066614,-6.254544852590494E-4,0.06562386557769687,0.25925585967226694,0.4060088376751464,0.4518959269559625,-0.4427468016990964,0.01145355776658915,-0.3970025231675979,0.25705633255867155,-0.47386193358374773,-0.011139302060600466,-0.06660043943505697,0.05743908782584421,-0.20942205782668097,0.2145886286746829,-0.2603343296746624,0.0231416659280812,-0.2501097737125023,0.4898982413172034,0.48235650869495417,-0.20338029097072516,0.08126977158616791,-0.28802686634340313,0.2930436518457694,0.1608749446946375,0.14800614996569397,-0.03904985262892931,-0.40143088126639814,-0.12147288401733589,-0.18608587404334861,0.14408011234379617,0.4963814897819029,0.15028709219625982,-0.03862959498634595,-0.24850805744499407,-0.4461690372904892,-0.0764258588258093,-0.35586004187498677,0.3258862170295259,0.2287191945597226,-0.15450220063417083,0.4712138247410844,-0.4224152745310821,0.16406440128559222,-8.496588250835662E-4,-0.48583079949920716,-0.31328514441602373,0.19695565975784926,-0.3118664525049526,-0.24189807089808377,0.22590888441452808,0.039535170280163665,0.4414688793462527,-0.1250293571355737,0.30974972899577236,0.23956045509443072,0.09951759739455704,-0.11176957884499725,0.03129660201288534,0.20866315957398243,0.31126359834372663,0.11892368840746029,-0.01862479711018139,-0.18166493243680368,0.024288150537629116,-0.344065975253639,-0.3370810154010301,0.3068355727609988,-0.41900750268233156,0.47689887393006003,-0.08950065485163625,0.014629684082042758,-0.15189895948768725,0.2613150520050812,0.0042842240775968895,-0.22837113175724763,0.4012036536231768,-0.11633901414271905,0.02801629995306054,-0.40357820844352277,0.16207319762205366,-0.44810220505253906,0.16220317384816044,-0.2641543969310888,0.04372010941378894,-0.4344987368880934,0.02656403154067155,-0.027337215421260108,0.09662290968339962,-0.2927849819767274,-0.11012170800232632,-0.4402275613369201,0.3692998448873659,0.3540048537819763,-0.4492663166930233,0.10129901312696701,0.19736350184074694,0.4952329364711344,-0.040727465465096716,0.19406566070413747,-0.08257300651942542,-0.020140273952330312,0.19788686122329027,-0.33262677048248157,0.06570633178662391,0.4795206220406658,0.26791412951324023,-0.18532971396238215,-0.03410913963573976,-0.14938668793562457,0.23973716915614032,0.09761306814043871,0.23682965615232812,-0.19392942887413675,-0.28470625223975754,0.42117923554776726,0.15780857916148364,0.06628330133395757,0.22485196977876867,0.2279123011639105,0.017669316611472308,0.4486761011957382,0.1340101873256361,0.3400385490067327,-0.45625203921010926,-0.3232714879168491,-0.12776899586135168,-0.3098882652936573,0.25758774930717754,0.04177237762214363,-0.18917920320675338,-0.17599473760735626,0.13660668972493809,0.4346864136436378,-0.08388223838688233,0.33448545140871355,0.27437751201468374,-0.3203531067473996,0.3827529557344468,0.18926366292290334,0.3269041459143067,-0.45161676419679175,-0.18779981883640415,0.2543388988270925,0.4082552887575951,0.3109259122558119,0.14343287470126512,0.18160683286710613,-0.24385801471156518,0.18762327537550075,0.46535653836733515,0.22912514797668107,
0.01815336966651766
-0.3928235849244914,0.04474260389220996,-0.4869941171064146,0.495844775630275,-0.25285259633600665,0.3890609536208989,-0.3476580209173365,0.25137227571130527,0.4346089712327031,-0.07110863611020403,-0.23983124005804107,-0.3701344790826863,0.12159102000106056,-0.04348721856976667,0.2612323297601869,-0.26619529016454313,0.3087137407178578,-0.22256936287261467,0.06707521539813907,-0.41100876433478795,0.4958418916709757,-0.34491221951113504,0.23401403937166526,0.44709392068147974,0.4572528408259938,0.00814789369826567,0.33997810540658774,-0.16873859298601637,0.40293847082977463,0.4999265043726947,0.47024863272684997,-0.28119993673916405,0.3760195614029947,0.11117011556027753,-0.11882699265019582,-0.27813786923266237,0.05710575449062737,0.023023532554480856,0.12334479253715501,0.3795722152993724,0.0012513544239361925,0.1543344260556621,-0.35137338244735067,-0.2947698814608006,0.21248573414998279,0.4933576820203733,-0.3006134496067792,-0.05236251687377116,-0.11866384893854444,-0.05411311252906716,-0.41463291498672666,0.11952611363334008,0.05301141406874286,0.2796332773947376,0.28890608410657187,0.22178719278261033,-0.026806891463758926,-0.11233868612052957,-0.29160396633238733,0.24988439603340323,-0.13314993234813183,-0.483880204870978,-0.2510496233967981,0.00710723865293787,-0.054499470603969445,-0.19433608142188225,-0.10004414900390125,0.4690794215979623,-0.49034790427804303,0.4813159390323855,-0.09889609917667021,-0.05508567381374143,0.1156880870974497,0.29211315676347344,-0.4083418259791612,-0.4373640283804818,-0.08974178248434829,0.3497434914995862,0.06212927709376701,-0.33003951792459846,0.400270465664254,0.34447112939919716,-0.21680790651832832,-0.4137404976573454,0.1228702725998556,0.22700522758376168,0.4735946475653237,-0.23249644052751867,-0.09266816886261144,0.33656728403831676,0.08697231687040106,-0.1467895050108265,-0.3204240540349858,-0.37173650854900847,0.44689418145311727,0.25289946326557616,0.05006735204557087,-0.39302935107800147,-0.2598664356363148,-0.10072110174387329,0.24713380675011992,-0.1897048108869362,0.2900678752235903,-0.45362735626862444,0.3102883176768953,0.19976684040107534,-0.22472261398781906,-0.47698519631799513,-0.15807519853992152,-0.3827201657722514,0.3328268752019737,0.16562127649223674,0.03079661689463186,-0.4571038827455804,-0.20862248223648278,0.24887181092553684,0.10697651017454589,-0.24952329366269382,-0.38380922268360435,-0.39108707541625526,-0.1344646576559015,0.09920871450037348,0.01625050856998347,-0.1890807095927976,0.40496647797171187,-0.3780526067441981,0.06314273657158145,0.15132712291362432,-0.23357870975486422,0.2753937228241507,-0.3980027481297363,-0.4952204094234091,-0.26888934560535177,0.20248009735096079,0.19670914644219256,-0.4731984324637903,-0.36423391663636123,0.12393773876736912,0.34482205683850004,-0.49455325256731814,-0.3001564860458002,-0.4761283578449212,-0.27813030157286683,-0.2813626707054319,0.023191665004994692,-0.3767304556482696,0.2706353769779903,0.49864267650462984,0.10919579363841968,-0.25427603116740066,-0.46229564901323567,0.3311200499256645,0.4959469586781297,-0.42875287676050805,-0.22215338461412698,0.223367248458548,-0.16322375094080926,-0.05308936574415315,-0.003816616817382559,0.2649130542705361,-0.4384686257819809,0.37714308583831596,0.27875290819924464,-0.22670142128521514,0.07126376008679002,0.05187036098655993,0.474006697163412,-0.3311213413174808,0.2715318283551971,0.2872851010254735,-0.46906949328514697,-0.24530059674993315,0.13331591193154851,-0.44811676712830034,-0.426101298720783,0.39098400415576634,-0.11442049558750113,-0.1704928836731226,0.10003481615478747,-0.35151365964445064,0.3898001217529539,-0.06851383813248248,-0.47823496517536795,0.4009475080028812,0.2243322368069,-0.4884320134229538,-0.35458465350811713,-0.025882201233545572,0.015254129659653025,-0.03981628101069825,-0.4238826008620317,-0.09271752132933832,-0.4096107706758328,0.058693687776854665,-0.030048135724220167,0.1029570711639529,-0.39551851540405386,0.2596106495274257,-0.4838274451082714,0.14139368204890196,0.3860440598995641,-0.27460077791547804,0.025518008323041956,-0.18123323165408473,-0.10981140189034956,-0.19369763340752272,-0.4749678995216973,0.031383649730606714,
-0.07275798316533037
0.4655636752725693,0.3142953221133645,-0.028191678277763654,0.06838633918866954,0.27904772994645705,0.0331655249211091,0.23704365548595252,0.23824708376692452,0.0030221983424444333,0.3844539648598819,-0.16869239525863805,0.49257214074381817,0.4180799007571464,0.34571373462004695,0.27577937553277876,0.2426879043447973,0.07002677484680385,0.34379463987712927,-0.03385331385685872,-0.27721204840006514,-0.2115183064960121,0.10220546784704111,-0.30563531663131216,0.24598788426423782,0.372542681741054,-0.3934196075146593,-0.22476456172902512,0.2072817723948437,-0.36826876222021165,-0.09108146719627591,-0.46707921118466855,0.32799823575133386,0.04958616871904129,0.2970051583205009,-0.002717155770207144,0.08271972288391488,-0.30236231053172496,-0.30766798256712724,-0.4640964679449857,-0.2728664647405389,-0.33096899243536626,0.007969810749248912,-0.19512338953002412,-0.14588205342608013,0.22405021902802275,-0.4026732005207784,-0.16005342833215536,-0.054635465553184236,0.0437354072817616,-0.14470134785911387,0.32926033542911026,-0.042863407458710555,0.4732560953655649,0.4953091980936566,0.11001918597486686,-0.41868148153132356,0.40325593170641794,0.018863004394861403,-0.2864842011118941,0.45668332115624966,0.4852431125683072,0.4186574597542394,0.34652781232414,0.2703511502461109,-0.2937957555493508,0.21196485137693438,0.041764535851140684,0.3857000484200537,-0.042029845818099563,0.48790833439190706,-0.16396017789949463,0.3605285761434306,0.12846363774885822,-0.2295796124275567,-0.2579292904151501,0.4780599179903855,0.4148110492075935,0.14808613269684973,-0.03172176083586022,0.20341515298813534,0.012400984861761393,0.3027378261538284,0.31069291293499,0.2994733580955714,0.06932447289708969,-0.21941883641237397,-0.10795543026304173,0.1885745377325811,-0.18776626644165256,0.0927979072357316,0.4553421796936097,0.03031077501481968,0.04750675113787526,0.006983630305045953,0.23272622127055426,-0.0993096355629149,-0.1792922923894235,-0.3035570294246267,0.005102782270853758,0.40424780419300754,-0.12231604437524475,0.2512795292540969,0.34404458922334935,0.028212841287507305,-0.28775763387090125,0.42338096734096275,0.1846717101970748,-0.4433602707626939,0.40819923370325617,0.37681436928571244,-0.18329994168733527,-0.09756250022233799,0.18769939943346498,-0.35418932991347085,0.1005733386541016,-0.21346886857495811,-0.4369480536549424,0.46443136730024526,0.2165703026433045,-0.2040778021985205,0.25593137834039015,0.12517435869844057,-0.4629946172730459,0.48620698508938,-0.40435535990240956,0.048190228437151796,0.2751180791242466,0.35914895896264976,-0.06273385070107691,-0.201555855405464,0.40897247521164404,-0.25780844791507607,-0.24920584920356487,0.37507260793923325,0.004664697409293707,-0.17566358542948796,0.424083759311348,-0.28465166239915896,0.4703636499347664,0.36160117894099497,0.49516324486233243,-0.4949191825586642,0.46118541292739546,-0.14469027879746127,-0.01635821066672031,0.06794383152240373,0.12462982255132875,0.3277575957739298,-0.2737312691071162,0.3181356269026383,0.12728312740422548,0.17233350423543353,0.13830541070500996,-0.4960589009023503,0.4357176923376811,-0.0610326041169609,-0.3797773365623195,-0.2558201186053364,0.13799654658305643,0.3308146629721562,-0.0916613382940736,0.16518782450698716,-0.3130837909000165,0.13437457077301634,0.028362638722131704,-0.21710625328868244,-0.1779009322121307,0.2827809975489268,0.15241289370554117,0.14271736924411732,0.08527187225284076,-0.23920825772535942,-0.41707257577090173,0.1294280869461087,0.28154453958622394,-0.39995803574173827,0.29098871263960613,0.28976867321557387,0.45922916265073366,-0.21558301114184014,-0.07806565341321643,0.4725621381802436,-0.018283602837296166,0.48793772063777474,-0.052272195130879905,-0.4158166974107088,0.047152336974191945,-0.29865811454047164,-0.30658540228455544,-0.21830817503547745,-0.42486384080167194,-0.03141707657700601,0.29409078688608237,0.4815864325220699,-0.27561522650574743,-0.3492425472517191,0.24916260801007067,0.14905483158467175,0.4312877377127343,-0.13748858163784877,0.13227719225259166,-0.04924236725093991,0.2665021362703627,-0.015235925258667732,0.18815593708412487,0.0035986481331713406,-0.40478644588500645,0.44762791991284656,
-0.19443704860587355
0.13270889413787748,0.49652753861291615,0.2988017506417253,0.15991354773113745,-0.23699298937709756,0.14765070332607988,-0.07551874016482221,-0.1559883343368252,-0.18580231281973902,0.4130810033835701,0.17593495671083736,-0.41273538536190607,0.23962707092949778,0.18868046459636434,0.06610715907167788,0.0119071451877033,0.15882070398705989,-0.3511252882162882,0.15061838659241122,0.22044119348999192,0.36839866462135945,-0.08070053010463668,-0.31697446650855143,-0.3426407238079027,0.38468851459969666,-0.14522200573009417,-0.35652383563589074,-0.31978442175549077,0.07086024428583886,-0.45885700562247345,-0.2200038693254988,-0.2167293193707961,0.3320036527855669,-0.14094829888769317,-0.1271152609217833,0.4021807618098553,0.32347633291540356,-0.05105635014854676,-0.46476292283253273,0.4948658821329496,0.11107459523466401,-0.30148152968027675,-0.0035871902856663175,-0.3585428860486203,-0.2541196068585516,0.43753679265582,0.48025589081117204,0.2354112861770088,0.2724215001430026,-0.13042719495577093,-0.013739974254691091,0.4481894161296016,0.2756310072395337,-0.10377324943460942,-0.4906870614185782,0.04149653189809438,0.19026136632552126,0.39658668632833005,-0.0075009423586474755,-0.22605516980179297,-0.254163157031416,0.21318811848947705,-0.402538597714029,0.10309747062073338,-0.39911533723254067,-0.43455005903805866,0.1981150232322495,0.11920286512348921,0.4321002906853688,-0.13745981668481788,0.35604317162792476,0.16353061306182037,0.4872663378778611,0.41985344654448586,0.41969669288893485,0.38207218892386285,-0.11484123653179079,-0.10324342948985632,-0.1954442322151121,-0.4555290798546323,-0.2486616109249261,0.3679872311645429,-0.04229696270701139,-0.18160275273269777,-0.3843610843400569,-0.18293428536892842,-0.01220504813637491,-0.16881320212700723,0.36532768017370765,0.49730724599356824,0.4502086483241533,0.27341071232145664,0.44732913959583265,0.0444982810944739,0.3171795036803686,-0.49685133331839393,-0.05643544954407881,0.4450274541029102,-0.2659655615775016,0.09508726243310772,-0.39462364435178443,-0.035762285005156935,-0.2348355038709018,0.04516727082936828,-0.07383082135479169,-0.07800686251948219,-0.03283012150525083,0.3893554933391634,-0.14418666203700647,-0.23406956079251362,0.2916490364977643,0.32421810569163867,-0.18397843395907132,0.23759177498381445,-0.483606991642058,-0.4726760691273284,0.26282276238316327,-0.4473883981102227,0.13128501606201315,0.26710806145290344,0.16042131972075835,0.42335783278949557,0.3639943233281283,0.06467731256670195,0.3801444648035931,0.4409028583652055,-0.1794071830358287,0.1241406685270412,0.2188438227753815,-0.19707227678086348,0.03751106151946232,0.4833997861221706,-0.056968000405375696,-0.3748615325165706,0.09379068907066446,-0.146064068567047,-0.4918013180897821,0.10600084881808292,0.31637797310986515,0.4159808121633142,0.3771646808649104,-0.37192434155036236,0.026243425440719826,0.4145615611414061,-0.33300296807217533,0.4739636506685466,0.21940070125803957,0.26226024788300917,-0.30907851322599933,0.2108459728995391,0.05443719066028502,-0.0038689214702609122,0.3298335948762765,-0.04516796607818824,0.02695838491878193,0.35906900249896234,-0.4325769828847992,-0.3351966331502746,-0.24861378736933337,0.48002584482941646,-0.04640988936981599,0.33516930559706604,0.3418413375702791,0.1128211525271644,-0.277252152873401,0.4579256059366853,0.48637815481278435,-0.3401034710437044,-0.2132339409586429,0.4066351838967919,0.442630330143858,-0.24478593574444463,-0.15327071851367546,0.45842519305932616,0.3479638571648993,0.009600821739170649,0.42334317866702575,0.014822589402741391,0.4335235631376496,-0.36780726820047316,-0.30726090268117445,0.20822593715533033,-0.04090187878649937,0.033233421026482246,-0.3674101413250884,0.4880381424809017,-0.055482300257200634,0.18633431932856448,0.1328642578168293,-0.031038471113860554,0.06333750316684172,0.48240446438768225,0.4062117673718305,0.29368281648948047,0.385849141820951,0.04280968954017755,0.2448829245350903,-0.48684762647818036,0.01100160424636598,-0.024077171730324597,0.41425492061523217,0.019888931888215767,0.010601734297315922,-0.14092250281113528,-0.25255384025722394,-0.11678319906852064,-0.47579609589831917,-0.19295964143390498,
0.0018147752985768317
0.029399284653702125,0.2887235043196745,-0.15219192295930992,0.3492060097661728,-0.4096749467730339,0.36899407131068085,-0.027227286560748767,-0.41723864179124814,0.38752481348742535,0.35049186802850135,0.13729669017588841,-0.1675604589481036,-0.020225331334919983,-0.18234525598527346,-0.28557534041815846,-0.1203810785255514,-0.0991663818263063,0.49247097484616276,0.3687476701569212,-0.07331535957158943,-0.2749870335579781,0.019187888763722263,0.09409819440651405,0.01748027739084067,0.38000874507956534,0.015414937496544889,0.2059904773075484,0.3043817144095435,-0.3120472446789344,-0.3275483346887909,0.407073881177452,0.10153931337817218,0.4612818183288,-0.11498932742601911,-0.34508735586344075,0.2519000033487977,-0.39417613362337295,-0.38210878660996866,0.45309155151723174,0.45325182128303226,-0.40932595149826906,-0.024241397859011866,0.35907223158067886,-0.1613254197817353,0.3331199585702282,0.23288549045453788,-0.04274679801205187,0.2867637247874573,0.01652905648928287,-0.10007365629503578,0.2796815405451036,-0.3509153235896442,-0.39029133165153257,-0.24165717134900322,-0.32529205234711006,0.3257388961945366,-0.11088153939836548,-0.32367641089540417,0.4210358389607202,0.3940513334020305,-0.42167784169174677,-0.06474326324936736,-0.03606657152083063,-0.19882972133711374,-0.18603691018578072,-0.25792214711668954,-0.48930030826369525,-0.03173376404666078,-0.4765008395314861,-0.41964313488695176,-0.1359232207031087,-0.47781903882189497,0.45715926606040186,0.06177451878982162,-0.20484685852254159,-0.23020874016317905,-0.44493995608177134,-0.020320033198809657,-0.03859686833376733,-0.0389833774208728,0.05014813824559746,0.33770859271962467,0.36086037201378945,0.34831381534521383,0.20860980976459065,0.22897914892790894,-0.41997623409989265,-0.4563346909359079,-0.10838363934456291,-0.42482191313265877,-0.3590534970079177,-0.30151721809538795,0.18575044432758459,-0.10012221207497146,0.08206032092665955,-0.4124889945205829,0.19418436418601226,-0.49327496933546805,0.017638291783664432,-0.2352688393161445,-0.29334082855548343,-0.3393256926620984,0.312401354192453,-0.4225728634033095,-0.12646155725207997,-0.37076946006410555,-0.31937453854804426,-0.026008021852485137,0.19768858222947705,-0.2692959348233858,0.47320730911316417,-0.2782837871879427,0.12766301503100008,-0.14222979938130542,0.15149861729258685,-0.137286693327076,0.28664493728233514,0.29716476549352894,-0.03667961656145372,-0.020698027460816122,-0.0961708426786832,0.050135833400250705,0.13441997150378315,0.11457898733294763,0.32840101457251,0.2733112314364177,-0.032264562005070364,-4.1984622548801203E-4,-0.3990042249919213,-0.09406991811752946,-0.39681657290520794,-0.42465881826491364,-0.06650028396383573,0.026926259920616306,-0.16771197061036203,-0.33366568583922457,-0.3947203946705404,-0.005859967810480544,0.28481987551163596,0.061170779224919945,0.22240454534174803,-0.04202632915885288,-0.491283794669981,0.18712266066426864,-0.49384966296120875,-0.08690398394505122,-0.050095703658751524,0.02693246434771073,-0.22194665877455244,0.05433939925004346,-0.39474806992566164,-0.08045749064230207,0.09100704699050893,-0.16327800843123008,0.16972069983737892,0.4107900312914972,-0.4806284497846471,-0.19543241466440575,-0.17210140759721593,0.3757783736766212,0.4657922616791343,-0.049016398533165785,0.45044119515559117,0.2215486533481026,-0.0315988525258842,0.09649741377120885,-0.15244924580147268,0.09683990676072335,-0.10070011901649373,-0.46555968940644116,-0.09552439497949688,-0.3148596576837815,-0.3662984731680468,-0.019293065435816832,-0.12188744522602685,0.33789616563482355,0.23883311568757082,-0.3131922850302508,-0.13085242556345755,0.01665838946092895,0.48267871460872197,0.4276704588877643,-0.499229257232049,-0.2438877485231451,-0.005131122804625083,-0.04056353865045518,0.13285370592368395,0.13434777546306265,-0.27450113678130933,0.4575355608610718,-0.48042110769021024,-0.4576054223385437,0.44238471885750424,0.39161378774182404,-0.32113820445037794,-0.11804296450130375,0.3832427442351986,0.27142583917611146,-0.11649124707564978,-0.3115487107872858,0.336504625765849,-0.2934057495602704,0.10690451597533374,-0.4241415299754889,0.36295686163240787,0.26317589421940374,-0.03987468777424844,0.33057358616579163,
0.31019237456162196
-0.3289119992368212,0.1425487304863148,-0.05683177708967979,0.01208244355116756,0.04023691804855807,-0.30413638518727315,0.3613844012676617,-0.4890375344168076,-0.12671553454593532,-0.10434224432566098,-0.2315783485749855,0.37607686252879474,-0.1662377540602486,0.4492368687233921,-0.24798855423370755,0.44696664463326263,0.42001519297889656,-0.225168365114176,-0.18802604922665486,-0.3713812793911392,-0.07631811780590168,-0.47117332478569773,0.27314729077981337,-0.06574830113509375,0.31211691846227374,0.2230787077199508,-0.17842143362042728,0.4021440992203669,-0.037519999353201064,-0.2736347039208287,-0.4390379582349603,-0.2994443227470875,0.4970699340139212,-0.319866053272454,-0.30115528944177095,-0.013372753446507889,0.32214295009892446,0.37528406216781324,-0.28491261171087906,0.11702645720203274,-0.1443378477049012,0.4342533720011022,0.13962903567442153,-0.37806962450263265,-0.15441025073941117,-0.27753302370334937,-0.12773314983582484,-0.05155600766833114,-0.37475626172661974,0.27262657236119,0.31383373211576865,0.35542157107180167,-0.36918725259112056,-0.35227267697874304,0.44665915980815,0.4991930778179578,0.014480735612958406,0.09110627810784876,0.40138607512638075,0.18793364558455328,-0.2732832385491916,0.0160609851698958,-0.0220410894603738,0.002229727835746683,0.012590009217022058,-0.12708960400210556,0.05050079188032118,0.4803587842506874,-0.1304961404953423,0.19797203694981402,-0.22103801952225954,0.3490257962491115,-0.3524679288648173,-0.3032191200700645,0.07483591406790689,-0.1562234096902776,-0.36142122844288366,-0.457023155590292,-0.1760974085965572,-0.4919652657485148,0.19687324473213386,-0.3153605165937567,-0.0441258865780564,-0.014315377658735773,-0.3391501369031655,-0.1585496782380309,-0.4310196469781096,0.22935100625144833,0.10525180092744556,0.04891379486241153,-0.03305286501502415,0.23500075641607898,-0.2576628678427982,0.059970937513601816,-0.35351634392713177,-0.1167802969946158,-0.38764566224746616,-0.3503100345877755,-0.014690597145614126,-0.28150594449318694,0.0559935401300362,-0.11467963227402468,-0.37608475498069155,-0.46994768642190804,0.3453088123060079,-0.2781515173244887,0.3086673835067742,0.4112998190298292,-0.23535390525528865,-0.13770590022058093,0.2695267286415937,-0.430394573899824,0.37940008657149277,-0.317661128755158,0.04257066967971389,-0.46582448270575355,-0.2920372949984677,0.16047956196553315,0.01566785181714609,-0.4330221355819723,-0.47898528344563923,0.1777499640317386,-0.12492892066038976,0.02015366370913891,0.03235123390472626,0.25515752349005044,-0.43864295905634393,0.10308335098034326,-0.18327919105167456,-0.21766821848960205,0.30505617229814236,0.023247919743199903,-0.10730311945773986,0.05748352647335507,-0.19452058863582233,-0.25274586399847115,-0.45761049657500336,0.0066253427246313785,-0.359336707258547,-0.3081313729512915,-0.3951557645982415,0.27910513178434443,-0.44798161582631507,-0.5003675328207322,0.17626416552789193,-0.4731433686594813,0.33418041357456435,-0.3203958413982316,-0.12226982227742335,0.06637162853632993,-0.3212726384640667,0.3010058689976867,0.10988351298751463,-0.20474904134595673,0.46984003240642974,0.11602408210482905,0.0040738768166709745,0.1892921604437744,-0.2893525485721546,0.45774238318721333,0.10076515532008133,0.44142396918800325,0.4709124919355245,0.01016075847162704,0.13853029712666765,0.32039867299938424,-0.010122242004548887,0.07948235777068345,-0.27924452104621894,0.1250055978428355,0.3425046988898977,0.30932516747483546,0.042213178380911195,0.1886699252432924,-0.11699568960477981,-0.12275736920708792,0.3039524397013647,-0.25034681301758843,0.016470755842673164,0.08591372493753478,-0.07750598272617727,-0.3563272310823154,-0.28240609956458024,-0.08041019207779555,0.14810714266916947,0.19860996066098857,-0.385159288975152,-0.4251381537041499,0.24698305928425013,-0.08492306867146616,0.3891592073652695,0.1945383384597722,-0.026589101919044893,0.0019652357357448935,-0.301826514028901,0.03440081974837693,-0.3394012250939828,-0.39730038353381353,-0.1699987508415689,0.07483018580314059,-0.10742628493665075,-0.404227529786703,-0.1847594637024429,-0.3472258165961882,0.38463191085996234,0.18223616815708676,-0.21866442410840525,0.034251998065326514,
0.08951629522216328
0.08672574500019901,-0.0759845139511493,-0.02291338498017545,-0.26969549688429284,0.06528871803320947,-0.43630425523801003,0.21606263680297627,0.11026773218387302,-0.3393967805034526,0.47825281948006054,-0.43481418192733895,-0.41656886232401885,0.4775184255947838,-0.23523777389430128,-0.3198713207585731,0.3093883326752159,0.10188729004260451,0.3038421984884547,-0.1100821133574065,0.047410138673371016,-0.2545073610488997,0.09425650369009271,0.4810334669620234,0.4946815926032876,0.00365495952882388,0.49940577391950625,-0.3617324202207372,-0.4594299779463613,-0.30066130700507104,-0.23553450283653077,-0.15187388560372045,0.460563545316339,-0.3554169348740719,-0.004940989168940487,-0.056176741739742866,0.04528461146958285,0.2900481078410657,0.15635646392330785,0.12725378678399926,-0.32923944389952237,-0.3386937651865766,-0.4463720739690516,0.24412524527262705,0.355060777914542,-0.32309510214645837,-0.31953446403514046,0.30410258380089966,-0.083088808314069,-0.06371103281211503,0.28992957974206207,-0.2557289343698585,0.457775540292692,0.32782399220176234,0.031046858322504478,0.21156441243249138,-0.48136525452501183,0.35589073038822555,0.020651579632983752,-0.2940221282246069,0.4303010540188495,-0.08435142996609195,0.2752810495012082,-0.22972418058689822,-0.42846796196443454,0.3540548295582984,0.014875623948834482,0.03799176347304725,0.4768690394580883,0.04739481488372224,0.4681964162000463,-0.1412541807994034,-0.005085041277777269,0.39842968728909883,-0.04071231477366563,-0.09161951858121468,-0.012196346929353652,0.11037019786295739,-0.26502415576083277,-0.33885730171045353,0.3839039640050626,-0.16976379252041682,0.2053103837061249,0.3521165346529453,-0.25166088628393296,-0.22923690164498975,0.012016118193615167,-0.4096627017385251,-0.08030788775256396,-0.2821315171619127,-0.385559124285134,0.09649467900280413,-0.3236933328501162,-0.09020674446133096,-0.11185418288590514,0.13385887698914703,-0.1581182502837327,-0.365616645948918,-0.43179948198172396,0.07704024271369576,-0.28240227193437156,0.03257967076795371,0.23740836957338143,0.22041982995077605,0.2368003984673224,-0.4809645202387796,-0.040897427128140235,0.3665642329102395,-0.22169113443193608,0.43488192890855254,-0.4151838751541765,-0.04533462147848652,0.1457017001188409,0.033014103384151165,0.22904435633139222,0.4900218010043667,-0.17752461052599797,-0.33712858290431286,0.39648185209518744,-0.18219514262438938,0.24675795870551312,0.069537721420542,-0.22847019602284188,0.34783020185716135,-0.48570055080417635,0.051088416464501046,-0.2644658274211022,-0.3182196274095455,-0.38524948339433757,0.3284627722377261,0.26412893857060477,0.2203023852267844,0.033779022624394264,0.37374170178009586,-0.024777385962407472,0.23462933592575944,0.31236385853308096,0.11556295975924531,-0.2524195403335768,-0.42414739982120314,-0.0553559579571857,-0.10549354684526606,-0.48938094695171735,-0.3353027347323458,-0.18300962950947494,-0.22336488503002436,-0.48205657439123534,-0.3443697670526083,0.2435059823333097,0.3499771222302103,-0.3396784302137677,-0.2986432318852133,-0.4630487909080225,0.4265879340034728,0.1482048067280273,0.05723810246184216,-0.030873087360241712,-0.3480688014262942,0.19956692218033492,0.3598891204480709,-0.07895979930006984,-0.11633006469649303,0.20574857469319155,-0.20980849891816808,7.145826173147226E-4,0.3435603771041686,0.2161580736890464,-0.011815157850992053,-0.08470339423520894,-0.031007166934396667,0.48209309938555006,-0.4742258622994138,-0.07585052262367147,0.09482519895747928,0.23061281031807315,0.46291918211907973,-0.22908680157420866,-0.4184934572095686,-0.1986973401902161,0.013947427221861064,0.09505050910961395,-0.2279105196572032,-0.2280601859480381,-0.3671409143713234,0.4571858469378061,0.20858208321008878,-0.27652037565837045,-0.11003090269476472,0.27758498893758005,-0.13280918213470347,-0.1495514066008967,0.3569577284113999,0.18341072460860355,-0.217641297821862,-0.2902565429950508,0.34337771284773216,0.4879298375329724,0.32110325389961275,0.01899901982403268,-0.2651071601451123,-0.2163642236047921,0.0420113045195353,-0.43489723019831245,0.3719989326341207,-0.07871038899552178,0.02734868106187366,-0.03590261514329282,0.3777052052777164,-0.03182782403700854,
0.4012917844526523
0.2237734295245099,-0.40822097670244006,0.08952164547882606,-0.45153716632685686,-0.18361839500638744,-0.18565639568778944,-0.30609298902693455,-0.14472925202320466,0.20442009953430937,-0.16384169645718452,-0.44063203379390986,-0.15827905390821617,-0.36695771869601107,0.3928195021015469,0.16847983932167548,0.2206221364749827,0.27421856849481313,-0.009825238131606495,-0.10737613892533597,0.0018377042575049923,-0.2841305670960605,0.2461926743352549,0.21446350394262753,0.22027171471930423,0.17448704012641494,-0.1817737040568813,-0.29639578250507964,0.342030067831683,-0.2569792992299106,0.20726250359661869,0.03423270211583163,0.4806974684284185,0.44746719823006426,-0.2686206346098265,-0.06413282069312855,0.3218623818453893,-0.1212750274454799,-0.2571054409497862,-0.39788153282592426,-0.2978960324048509,-0.3090227683239824,-0.2727793136771481,-0.25247359127455843,0.11738055014204299,0.3129527893752449,0.26601621380813206,0.19853143044970087,0.04656381844358173,-0.1939654950913651,-0.02656180143833571,-0.3673719467695518,-0.1328449693779216,-0.07918131713989326,0.4213050150482092,-0.161881115130491,0.3131689642215341,0.05337243790002102,-0.24242120518218083,-0.34283952488926944,-0.12071972774436987,-0.01694327293686533,0.1922650799677845,-0.4039921391639894,0.3106643128179844,-0.014306327634812209,-0.22419078501046066,-0.061085054534852336,0.3345686418975696,0.15902265733408702,-0.07270459962346829,0.08593548609041493,0.08750299553908672,-0.42819591506616045,-0.016769327131313475,-0.25009080150528,0.2710376509957639,0.15359323749865858,-0.36757690840987417,-0.40579312475470314,-0.07044924109793746,0.07912109530473568,0.47843951707446225,-0.12965356775526451,-0.11513233571387568,-0.23061698750989515,0.1283553296050217,-0.3766179692632258,0.2855860753888207,-0.4690499592909349,0.1449846947033779,0.07300661797390276,0.43298313128665505,0.28568189410901595,-0.08049340993905915,-0.15040215237183743,0.030751518439136635,-0.1950652787782359,0.02237864051556475,-0.13302398872088741,0.27241352103228494,0.3555203792168084,-0.12734293883486583,-0.25256811533359697,-0.27188655919533283,-0.3109111946694813,-0.3706825268554012,-0.12037852291392012,-0.1784095726603239,-0.1377316161697905,0.052898717425694096,0.3862136289444957,-0.20151456551162952,0.46181370111241576,-0.2882330502121944,-0.494284545421033,0.47873688348288995,0.42717402303573565,0.3145253659517793,0.1516898793186102,-0.2413274407633438,-0.18769023130731946,0.13857044084371692,-0.2973817140619524,-0.21749484759676144,-0.4907513594338024,0.4945225188688161,0.3969505198254281,-0.06170808533376546,0.16778669540224464,-0.08276486991560225,0.060423816915032756,0.35001942621527177,0.28890420189176574,0.3063138878944562,0.2765204961348044,0.33532640143201314,-0.2561204557700962,-0.447447409929352,-0.4740254464694184,0.37747947016393807,-0.2232505782773965,0.28142030246896005,0.267524795275011,-0.47943262682198123,-0.11532348694704561,0.22071022897056855,0.40965288642090697,-0.2615183477544291,-0.16104914846570587,0.35668752711109525,0.13183229381941206,-0.24889708708124772,-0.49123521141785514,0.4815495573237681,-0.44614575756521807,-0.03478665850620664,0.08056508194635062,-0.0452607810226495,0.3230849991003502,-0.29699225893307685,-0.27229917692270117,-0.49837220673684074,-0.207951243035732,-0.35232275719741585,-0.22175149836823974,-0.3446888339805398,0.09251858589205844,0.483390810752,-0.046688962210063,0.010738866495809131,0.07733752777616568,0.0361017183430792,0.3037505813235833,-0.19487687132561785,-0.20251909040937258,-0.16804254553752276,0.06022939294805176,0.46455024269696793,-0.09059029144872874,-0.11830662712639459,-0.2704026742381959,-0.3360553584513221,0.1665543461787755,-0.3277584658407891,0.4200780443060587,0.1360115019587453,-0.06119320652872049,-0.19911183093366783,-0.44162929431537173,-0.06548929684953383,-0.4748114866566678,0.4226645259476633,-0.1263026899917025,0.10819150272986724,-0.12259973089605922,-0.3017425678934879,-0.2330093543478601,-0.22605599929625866,0.23574940929800323,-0.2724225093542086,-0.04216883966138827,0.3911996104021788,0.09398884336510785,0.03322467441141865,-0.3925943445221817,-0.36566030504422026,-0.14410866258518532,-0.48155801038280593,
-0.1893790679752953
-0.3647358061651961,-0.47666100532001915,-0.03483371834586584,-0.14548306414807508,-0.4704152297973127,-0.23142464095024262,-0.43527583037674283,-0.4338933173308042,0.16613798533177834,-0.22891925724266762,-0.33443496053811284,0.4462399081303737,-0.42041483089671156,0.29114489193551146,-0.07183745741502166,0.3245190061139109,0.30666239628201863,-0.46543502099814693,0.32355035077227295,-0.30166633114969726,-0.07927720905775229,-0.4914295816001168,-0.028231125623309948,-0.022145790662483882,0.21899504894007735,-0.26960558328825424,-0.3581732938140397,-0.4528283437035972,0.3420644787826016,0.3465624051498384,-0.1544770028929001,0.49704812314994806,-0.2688412943412572,-0.051414821967875494,-0.15084349783206052,-0.4970571327530985,0.23596742955969294,-0.37046953435512375,-0.4000381357834447,0.47136729400181454,-0.12571726979386091,0.11593547428280403,-0.481761127383067,0.2583504111067414,-0.28556602482611704,0.13092899136906397,0.3414920137605828,-0.024350022118036923,0.10246124269389666,0.49681193807187574,-0.27652419499938163,0.14351931758403844,-0.011791694010978524,-0.13073087156531785,0.08892196728871081,0.22328114552734732,0.4180013495225421,0.4103535620792321,0.32380706042410445,-0.1314025801410276,0.35629156009800933,0.15369401731961305,0.24137818993745871,-0.42875141081517865,-0.1253763810899068,0.29291384703874057,0.4057541270566457,0.24539779279825077,0.4035171185031745,0.13303756902296102,-0.18222922314346782,-0.30626975675123624,0.18132452527671025,-0.015299298236825918,0.17184233779297728,-0.17047839420796343,0.25385622011201203,-0.14773221205624956,-0.122040142663853,-0.009396675986316725,0.37953937850426067,0.3695022851498516,-0.19044844550729748,-0.32564301082742486,-0.022896198067786738,0.07022135763250802,-0.21421999619373636,-0.4527158384193387,-0.1837348218478946,-0.2535927817233864,0.1259532309001747,-0.3616386366688694,0.4966018878512335,0.34253625985041236,0.22407866037421206,0.2123049104130786,-0.1142013033035766,-0.437574128169531,-0.01681059861245014,-0.06296612662314506,-0.40434311753796504,0.12368814311353125,0.12192511593184428,-0.3909667904467068,0.2627469473293954,0.38491857356875714,-0.18004955721033436,-0.11901596053555731,-0.129693018889289,-0.10796294530523677,-0.09585406035885126,0.14794115035865782,-0.4010343988438352,0.24273740380215533,-0.20589237414006892,-0.008497382566408371,-0.27390417834035086,-0.44820921874796904,-0.27665642480712815,0.355829943143795,-0.09291803456635674,-0.2850124944440009,0.3316565213049737,-0.06495846760401681,-0.23349113518686163,-0.38420931065088926,-0.4154460703094277,0.08841632021240341,0.10325879549393478,0.3963142421228151,0.11712792512766688,-0.03199169378200708,0.1707285167408514,-0.07697315997096534,-0.4773006072155265,0.4426868953022125,0.4318548590925647,-0.3823774019505952,-0.18937793723730525,-0.16671795729957253,-0.09163560111065673,-0.10521185795366896,0.24299357639285876,0.4354271204234138,-0.25536109419603437,-0.4488651492025545,0.026622848492694935,0.299856726679799,-0.11118502011729316,-0.4166458087417787,-0.1155461544430443,-0.23566949867948098,-0.14278697274035715,0.07869294637371381,0.359747922376353,-0.21298189635987577,0.3929167732371315,0.01713465763868551,-0.18332179356148962,0.21809479449462962,0.4553017851798926,0.05221171792790567,0.4925912337260431,-0.23553933653021955,0.38453738284535266,-0.4038370655292103,-0.3699575791596077,-0.44808872830124336,0.2735632643577647,-0.17481079074949427,-0.32918612898552824,-0.13024923601579289,-0.45023134788990726,-0.45815020057779965,-0.27052615379586,-0.1052466945430749,-0.4804216842122597,0.1841804433345776,0.0806399445008553,-0.06545784292130753,0.1613761912317558,-0.3450963096991668,0.19195819083976526,0.004870354069137994,-0.2343255772309281,0.0591407861751214,-0.08608668168630763,0.3609502288037144,0.11616145657312758,-0.11467624502254027,-0.20206453272503025,-0.060105975664275245,-0.2187598502975763,-0.35845488069006026,0.15587175241144366,-0.46050882102612656,-0.25710729123961085,0.4683718833913175,0.3967412366213179,-0.04203791070230769,0.02818655425581375,-0.21081066364573856,0.380794482126232,0.24999250375720938,0.22846100109145182,-0.36957011142380025,0.016249672713920433,-0.2837333748633689,
-0.04804290830512244
-0.14983761768198117,0.09429359499752732,0.24042197878455904,-0.2364660046024862,0.12212945123964578,0.3804936852473665,0.08685792930501285,0.17614892172731772,0.2627378573046718,0.38502690947772344,0.403171871915042,-0.2670306037276637,0.06121329785994489,-0.27699359601466184,0.13505602086688884,0.40561150756515124,-0.38218743805491345,-0.02062791878268276,0.29706446148968363,-0.3929238478140966,-0.105372820028766,0.11451606245790527,0.1312884049229723,0.2281607197313224,-0.018829059028595625,-0.09850561710556614,-0.12370734511035948,0.2985569927190773,0.40566935853577535,-0.3676963192719717,-0.4133142466304681,0.29570181592189587,-0.32828516590895784,0.34220417226749617,-0.3166079555762817,0.15115239996467333,0.0836025573916524,0.09947383632200416,-0.3099526701123255,-0.1794197550146352,-0.15814515795067546,0.48888785540969304,-0.08350886503457342,-0.12518405029390584,0.3301800081169116,0.27273745140333616,-0.3144434285670483,-0.05222079426781118,0.5002263815936968,0.3618124735246373,0.07126927414531095,0.03465229151271304,0.26446955922678184,-0.3545503882734732,0.012023664249526667,-0.42991435245178355,-0.15122498614087604,-0.06284013347067427,0.09531923810189238,-0.062365796879672246,0.12790074020551606,0.27670219799057927,0.27179603475050484,-0.4380263179788926,0.06939161281161468,0.09620259956733748,0.24957666241808768,0.017765183182390138,-0.4548264990207682,0.3057684248700808,0.34433583758394937,-0.3474869650396759,-0.06480620670522194,0.1831504585853994,0.11618269218520241,0.06548738859118977,0.1437445221786186,0.0623562120739351,0.2113552112699439,0.41075979835240084,-0.12335689254983924,0.20771929568310693,0.4448899708232331,-0.1003737459397823,0.2862347364488296,-0.0672180495035439,0.3098446581212889,0.06616905232059125,0.3812195667610053,-0.0225513231089385,-0.22068517452210862,0.3294351604074237,-0.08040278352407501,0.3922209239961716,0.4794004741728536,0.1366856520834136,-0.14444061715164186,-0.3050758001049243,0.054441837352654454,-0.49560341004253305,-0.20504847411162125,-0.13680946814583045,-0.17974185795272873,0.08716967234679443,0.32896240501931784,-0.19493922981843032,-0.39321281722626755,-5.642954327959326E-4,-0.43800930748041644,0.3104228332180238,0.02843717289721757,0.4908123794414949,-0.3728246064354185,0.12760339602593296,0.28862692589608974,0.23320288154991958,0.4918674142791979,-0.26771756807767877,0.024404258197359235,0.4161993204980905,-0.10464251985413184,-0.439998782896178,-0.37230361192158146,0.06708132926685298,-0.16753466325454375,-0.04111397817297596,-0.058339417394340065,0.012676481927486105,-0.40086599357550023,-0.1141883971811368,0.2237669909012439,-0.31742394310839783,0.04996191586784787,0.4170797824279773,-0.20834019151067967,-0.4833238860501312,0.38264490600629,0.47379008728139294,-0.1764930115706877,0.08474038717096757,0.46058896566261,-0.22756889865792845,0.37146285900640164,0.15165809148335846,0.4124939922185974,-0.0971773433444578,-0.23496817740950776,-0.17070363135567052,0.006497337235729038,-0.39160952185336206,0.23053567506244105,-0.35567659931451356,0.08650556266312462,-0.2021434046054454,-0.26644910274791545,-0.17889470150343273,0.17963171725714638,-0.44721969775874526,-0.23690354698697963,0.3297557183154062,0.2361940497609833,0.41198610160755955,0.019516750735881532,0.2816444964400069,0.3475220145719867,-0.4882335588315384,-0.25758173724044753,0.06814753164940071,0.20185355291695245,-0.2601510697687358,-0.27931719604521454,0.23314690587892645,-0.015102535366088595,-0.07853106281905783,-0.1365063202307843,0.4457670566905151,0.4091731677838103,0.19749026680018528,-0.42052373259098963,0.09705913376089029,-0.4349702658175355,0.17736818807534765,0.1104672487107429,-0.01717808188389038,0.3262844788671482,0.1538502767526087,0.3970919595419292,0.25447509396393353,0.11471132721173663,-0.3483371718754975,0.015242509093225942,0.32087628828977666,-0.06985268278390086,-0.15096869790212158,0.21571389536514857,-0.33379941004737856,-0.31322459671025005,-0.04126454584028255,0.12366942295222785,-0.3875227076818325,0.06118032080370289,0.4845011727345431,-0.2897297735108819,-0.09989433372367038,0.2540634806389165,0.3788824647896837,0.2357186742001171,-0.4143526458721697,
-0.2020941708777116
-0.48222560979003876,0.47851451984795124,0.16080493738646684,-0.22386631872700705,-0.402153786017636,0.2334354672928323,0.0032785687088693716,0.20785698697002866,0.4623875208092474,0.1864957882090441,0.18499277038644457,0.4582686242711051,0.18799234696141412,-0.4212666353769891,-0.49421685768325946,0.1794420515717884,-0.31073330227056656,-0.27822436864865496,0.06099927191938681,0.4176529390071521,0.45214994254848134,-0.2416062400241166,0.02048547883256388,0.07440807046087038,0.06653811010891958,-0.15232384201553975,0.37217115268007356,0.3124853388472928,-0.40769925018014525,0.29454198924768166,0.2624959709515216,0.48190042246676695,0.4342490839276352,0.011292755293178266,0.222991069826152,-0.3507278754773453,0.3244404342852564,0.09833885718855377,0.010827101623482115,0.3542056253858826,0.21441963072396697,0.26193998576293953,0.010895560799487069,-0.2125186823381382,0.3651533646667898,0.24859315105293078,0.14786449618846265,0.18847991035439704,-0.3107764711839439,0.4690518885925854,0.03905264039230256,-0.10696298224552454,0.447577639643718,-0.49079559145575,-0.31772966155864646,0.12792295740403958,-0.26774817922046434,0.28079572726880286,0.317600423978481,0.34447225304288753,-0.22314398884697273,0.15186409002683354,0.22803815738044764,-0.38858906784382075,0.02819899260507747,-0.48506990728149635,0.151139711705516,0.3457198270414322,0.08528491898853179,-0.09960893325961835,-0.3376943943117293,0.4504131269202303,0.06601478494866446,-0.07676315023505094,0.36005174301204257,-0.2506014755277337,-0.3027226022253606,0.06311775506678678,-0.06540251393358372,0.4621257697376323,0.44071640005869384,-0.4790407281342982,0.23332663587716884,0.3445186996822027,0.26431127407646815,0.16973189661758337,0.2501535910007213,0.03772553343726399,0.24901168155982845,-0.07735087879318465,-0.43944566981632116,0.11251035657021417,0.08001644661109779,-0.3210198442637362,0.09999694314601208,0.2746489731072871,-0.3861104258046191,0.3758283037178879,0.34073458537188683,0.2054803004704976,0.1355576404806914,-0.42636021575915817,-0.1396007210572543,-0.448195980194493,-0.3766657809413846,0.433872028698725,0.015561796524919413,-0.3493953816642906,0.3254687618526244,-0.09083543774612209,-0.06560039147604009,-0.3233800846245648,0.218318700842152,0.45951925908445845,0.32484129082095803,0.03456265788335373,0.46409523655679685,-0.36758857859249594,-0.34196775996061024,-0.017158335963924517,-0.18476507070424575,0.40041680834518734,0.13169333787969528,-0.3280813646098988,0.02280045157469574,0.2368536835991385,0.44392064534761444,0.007975601679444454,-0.30208418701737605,-0.47189645195024554,-0.18479920166881925,0.011357363171906398,-0.251907384164885,0.07068759725701305,-0.11510682477656604,-0.37070823633689876,0.46440579774264135,0.08184067230785978,0.07815696450918312,0.28368021898418194,-0.4291716991478586,0.36423796273008247,-0.20972297661689754,-0.21271013190149868,0.06363648674620241,0.008694356460225216,0.26756980816991704,-0.3545324570939228,0.46664889566396706,0.293069551113188,0.3775267231460717,0.17553497540210838,0.20716300476512506,0.2412773448268597,-0.44442128024829286,0.322313934120397,0.17780613975054638,-0.3567898546249755,0.09184328546325919,-0.4742313051137098,0.19111783099485802,0.20455517158382985,-0.4215598298567562,-0.49445761271592703,-0.04346677084099786,-0.10510827816483122,-0.22355958140729304,0.3672029751830026,0.4135380536271527,0.4931238401512069,0.3812383869265952,0.006303748351263981,-0.259882571453226,-0.20878392975564386,0.1661138263938663,0.3889018202861224,0.12222255444055201,-0.08963522307872447,-0.23402251648680095,-0.07903225008099142,0.41783064711854256,-0.2918492627851029,-0.07322992232451826,-0.2158419649394261,0.17827503935498412,0.3108835047301465,0.3907111852931031,-0.1882883187256187,0.09987420173956445,0.3922618967292121,-0.2864287850683078,0.2057705878733198,-0.1295104799246748,-0.06236163400818678,0.21736621123599464,0.15621315437875738,-0.45150605047006276,-0.11740952794232491,-0.029648740374871915,0.2111291354008038,0.06573425962778527,0.1951652417089743,0.1559160138579212,0.07035299861640824,0.18142212498114696,-0.31692275890423094,0.4429609686162018,0.32601207957888245,
0.29253560040349336
0.05003630861582521,0.002289929658037848,-0.4424320549748489,0.3075311259129158,-0.4983196488860895,-0.37107428853775615,0.10574288062487953,0.10843064099289744,-0.49839917297493175,0.01933160098405331,-0.20961073584472792,-0.4934861900982014,0.12419669514485678,-0.3622658976357738,-0.1757986338016798,0.09085442483499478,-0.18979734520863528,-0.24579506463920106,0.17389728374074798,0.3084859899794702,0.23509136227374772,0.18014368707688455,-0.33446045676272346,-0.43913226557944934,0.4301088320564282,-0.05419122795341144,0.20076760229336257,-0.41042181298158825,0.2573877804486396,-0.33491422141314675,-0.4469221827698335,-0.24761498857593636,-0.16608744865433575,-0.3848574754634708,0.34723627406351787,0.3389494705517522,-0.47643151811432843,-0.3779050472727078,-0.01007973183909489,-0.09559774425798527,-0.32806332806951877,-0.3115870797745819,-0.48405969941827753,-0.2904806379998901,0.3458570197792744,-0.07597340718615041,-0.4579368526353431,-0.25226769564566287,-0.04257882210343971,-0.25001348000515955,-0.2209732282533229,-0.4879646468132355,-0.19814828626159012,-0.4677133052166087,-0.15741262171979234,-0.3909486507073653,0.219231309606947,-0.2269593698113265,0.4256079881735869,-0.4372083280202864,0.30198458629144753,-0.26277919102237823,0.2457751086400661,-0.3327245254675819,-0.18681592571323438,-0.07460815267905128,-0.4326859178671848,-0.45497807575332316,0.25516372483681327,0.11634534337342807,-0.4898880000017475,0.1475289455199403,-0.16641211778464263,-0.20172995233553828,-0.194052782465877,0.2942055204331758,0.3990372723564115,-0.31693167073992246,0.1390627138921253,0.48782447150453834,0.3163380297116769,-0.34434435825661647,-0.2828901147382069,-0.3325847715725574,-0.38872640606724895,-0.05144278638436011,0.2585286363164431,-0.23638280769896705,-0.3250166899887027,-0.44815821164750314,0.15371839595898515,0.4068663264066804,0.2682659386800582,-0.1305903397468652,0.15989377834150206,-0.09461177280211484,-0.43882992549622113,0.4148780810273496,-0.376692065360154,-0.34217611185354435,0.4676675116385337,-0.09621587960827659,-0.11243459461869797,0.494414417212411,-0.4091300188830097,0.44355177657946676,0.24303539622035705,0.05102394723873511,-0.3188366194542138,-0.3513541805526911,-0.500084361582891,0.1718802995743691,-0.37220225513345984,0.41556286255400354,0.02628604597184072,-0.4902346367269428,-0.34611438367756575,-0.21921504204892375,-0.11747003871605509,-0.0535114045374832,-0.43457501420393163,-0.24545069110431497,-0.4952092917241806,0.19182803956860703,-0.3831224815088108,0.27426295965471825,0.24266930200914746,-0.06427442975040785,-0.20100344361842007,0.45361851010766274,-0.05984083739457751,0.22637426335795394,0.12901354043323307,0.1169433486637559,-0.33614831063505024,0.3259372567082538,-0.17104438501091537,0.20304146435461276,-0.3712633636228433,0.1559892128906811,0.11478105627393233,-0.001236754879642491,0.34945971304035073,-0.4136268238952031,-0.3128164482129433,0.31976573304806033,0.053688902234091014,0.24401670945372653,-0.08566994468972276,-0.30559816969116893,0.4342802728822416,0.2223534358743212,0.12746119016526222,0.3264036007049326,-0.11177701883637357,0.05734683247163303,0.41219733045541074,0.11300209107994798,0.49288245072976156,-0.3972843027566144,-0.22844269699348732,0.2773513072541588,0.10384914527515189,-0.015188770186029104,-0.43888895455313615,0.23760200820336705,0.12374037027167407,-0.35330190734094,-0.34764897667546446,0.17969627177139133,-0.31240927754825,-0.3986571914713245,-0.1327176856509588,0.4269314761918813,0.23800652827364163,0.40541459384158074,-0.15460602745203725,0.10656785944133108,-0.277952014702613,0.03805564557893144,-0.34641031445268966,-0.19776881373771318,-0.06815736603178367,-0.17692135045117033,0.13031873811806968,-0.14941167984465045,-0.16777788749648795,-0.23159827815384817,0.16706303710397716,-0.3082502921771312,0.07121353681216482,0.21313191424477204,-0.12650027515479748,0.21508018815132554,0.25300588503621513,0.4705604307352348,-0.15292703806134825,0.3555751119102961,-0.03194907077329295,0.2344337601003755,-0.42662727888064655,0.29068615270524034,0.021246963706521703,-0.12378273652111325,0.3206320975487047,0.4634572304054384,-0.22330700687904473,0.4026682221557284,
0.23014801635570906
0.31407891119492864,0.04530039743557812,-0.2350781872951975,-0.05977738502068464,0.047325045993808074,0.48851550045342534,0.42118767305321336,0.18803230219485778,-0.037543181048928835,0.06209258694653123,-0.47986782339795486,-0.06331411903431224,-0.09299349807471004,-0.3402183800300665,-0.1278057933885006,-0.47561123659834914,0.1658007813688324,-0.28030744832081717,-0.10831371794414454,0.4876301523252866,-0.3233102569228027,0.2356922875782122,0.03862008567191647,-0.05018826617789328,-0.19337978516359514,0.31175407098015917,-0.10351372177617255,0.2902815408888553,0.0459138561555053,0.12201260976605542,-0.08756179772242768,0.3944796381889334,-0.1132075119857975,-0.10070311207168184,-4.057694191248302E-5,0.43671317462907916,-0.15932209569562614,0.3648235049342824,-0.3418545427473101,0.32706147838431876,0.017821768771244,-0.16741130432881746,-0.0032473979220951957,-0.3333722933042216,-0.054810667904902625,0.07574526924326296,0.07373334203806924,0.2979336176835786,0.32929043226623034,-0.0757382979959881,0.24830738367370353,0.3116075773633732,0.28482681086489003,0.4797623895819313,-0.16687081864463693,-0.32334137922726636,0.14483664210819258,-0.22109257118779235,0.18868585215570366,0.4981482498644154,0.343709001907875,-0.2855439170411378,-0.45510073836894105,0.27438261447575296,0.021802750747949157,0.03191551470597332,0.25772666474530614,0.4251398406830922,-0.06114157296021349,0.25971575969911787,-0.08734428176003008,-0.20688837693575735,0.0031183540736863147,-0.4978597651086495,-0.3276592350232508,-0.2173481819478782,0.22404723441139907,0.12678107240411784,-0.4677700058948172,0.29308937830265513,0.17877108850205414,-0.4879233203235408,-0.3041168285909842,-0.37172329492454326,0.145829872017474,0.18552874152421084,0.11078240177284258,0.11970854422876996,-0.09543469505505088,-0.12051540205284163,0.31578933023417355,0.28746071784537497,-0.17555836855531126,0.25890998361761475,0.14300393215053597,-0.018637881277863116,0.2758245290789163,0.334366277440866,0.4896315584355123,0.09422727545487651,-0.41778101940114365,-0.13655459972529305,0.3295665760330052,0.1196408686678677,-0.29630606600609943,0.3652046883608502,0.36975225526358946,0.03869997818281735,-0.4078016619662225,-0.275317032483257,0.2729785027696433,-0.23671675960652305,-0.30830079596521154,-0.25163186450034736,0.16663011648874104,-0.3621689421920019,0.36954920017133386,0.44652585698822733,0.23600028024098885,0.3072840268692023,0.1602180680665667,0.2645876230623406,-0.43886467860701595,-0.4042582154291494,-0.4215020314385538,-0.036664010477755686,-0.002221780271498471,-0.0914321168276946,-0.08347945429955562,0.3564133040181461,-0.17416972286279775,0.07008067827672569,-0.12260120174657331,-0.34628013386655754,0.09285148433017264,0.43963412816786973,0.11803446038318609,-0.269443938291107,0.06547198732401692,-0.3891935821585698,-0.22539232713373458,0.24490250996290486,-0.03181123116521999,-0.00842109844500438,-0.17350786377281546,0.1590207073015577,0.23687233881964254,0.08780085718879858,-0.2821840098234336,-0.11340354088984185,-0.15658875813860718,0.3679010322743609,6.147654282587736E-4,-0.017063092131448493,-0.14172760399309925,0.173719317472252,-0.11050032245291132,0.023271204292429154,0.30935750602291345,0.26049793329532855,-0.4750093462786489,0.07299405301161409,-0.43161259368548155,0.1984835709808872,0.43114059040115127,-0.056269936579494854,-0.04985263622221891,0.049257573304735354,0.12280349544504364,0.2503864653855339,-0.0547217439822899,0.4418243812281929,0.06887584798757239,0.1369002372084388,-0.47609986272200033,0.4166529222718359,0.2500670868306303,0.422175051278881,0.24520580448360252,0.1802795137727714,0.3632317925859687,-0.16725738677648838,0.4872642032178859,0.21874510767627386,0.31902247262459005,-0.06502830024959862,-0.028375486140582468,0.05505355327802742,0.0555986361791645,0.3571874573743795,-0.10108633764511189,0.3040015815157322,-0.15164580456954369,-0.09914722765256657,0.4344714223972843,-0.42285416375908325,0.23410210076286186,0.1800020908572767,-0.012831292150631427,0.22133527411000276,0.3878813523062352,-0.50059225396408,-0.2900932482462456,-0.1638473513677211,0.2915282280780399,-0.21550283905524037,-0.08310442515807172,0.00877144460002229,
-0.24191009348562934
-0.4865520745076426,-0.33571188722670664,-0.2672405067695917,-0.09841586995929759,-0.25844143838308814,-0.4555253635133367,-0.4922914216640867,-0.14317118186620764,-0.4197006343548632,-0.06949722687038143,0.2794111161489314,0.4641136678046439,-0.4048087215456893,0.17391788144522163,-0.1273964794007679,-0.09436128740610529,-0.03150729422388887,0.05286774892205796,-0.1587166831862032,-0.20200210081592374,0.4936005578551276,-0.3445225584792297,0.27218420130932286,-0.4552369384980261,-0.19268654593841378,0.13408060671094757,0.3078268196347768,-0.022331741631767623,-0.380410416043139,0.2849867680282373,-0.10085070511528386,0.292365836556637,0.08286588837082026,-0.2957334828102338,-0.4293100451781763,-0.40411782867364454,-0.14246773581264505,0.34922654915496215,-0.21258827983743572,0.47875699674298516,-0.12159356391466283,-0.3036211320617472,-0.15119880859257856,-0.10057133428182766,0.3009809561580125,0.32665887674283284,0.10408997782622795,0.32691803725815644,-0.3806279649481768,-0.30625454707294236,-0.31757278563934516,-0.47402824648806624,0.4845684609150331,0.03346537309569489,-0.13835392803443108,-0.4118498657263627,0.3244255165539542,-0.14130766731095928,-0.338229918353722,-0.18620740884939352,0.46903222594703226,0.250420093344536,0.2423610279436726,-0.16817717489830258,0.11887584314278751,0.20358505006073174,0.20725474940254734,-0.0921363966951392,0.15827545992907538,-0.38468466844246013,-0.024105281927127,-0.2641422866485131,-0.48715408452664494,0.11363499093965965,-0.03261215371056599,0.13436831831896506,0.4772919228540487,-0.1837466878377631,0.4615708732240777,-0.02404185307822624,0.1986214973104507,0.2819209296853941,-0.34921029423514455,0.3665240003845161,0.28990693209931856,0.3709363191831749,-0.42324192086302975,-0.4388108909274014,0.37101052634351,0.46673692514036696,0.35877607095876723,0.3543327750045457,0.18523139772134883,-0.4728881986345263,0.3627532885158014,-0.28643658173186154,-0.17538125694437684,-0.26857657242227323,-0.2651049858344486,0.24091703982771268,-0.4882642177893369,0.06932829462388043,0.029574175104726173,-0.3607093657699267,0.3319482888712056,0.07683731321951046,0.4978259876070425,-0.26190426848101306,0.28784972137379256,0.0671587371405635,-0.028933936384820776,-0.21065539056875132,0.05622509406899948,-0.37338249453336486,0.1740467039485269,-0.3161425282848023,-0.13200613370244912,-0.14995267597434542,-0.2682695006932057,0.4570063293384475,0.0028617290365545874,-0.22459791425132652,0.09667439814155196,-0.045613038434689855,0.49295016735046565,-0.25606384351193284,0.11668085581827112,-0.18996205661889226,-0.2365384382955466,-0.0398465139205851,-0.013112197624401708,-0.046699061523089745,0.10347667588942985,0.354827899486381,-0.11386802200579085,-0.29485539239730313,0.05627078297811342,-0.03525223691592646,-0.3156643369942846,0.15074965478709795,0.04607321128530276,0.43444065065292076,-0.2741705852330784,-0.11762011549011123,-0.18301552171889063,-0.08201584929682396,-0.15706138447386425,0.3950405570570737,-0.4501956510841936,-0.38688848986757135,0.43482521648729583,0.38715153714280887,-0.15618719216078675,0.3951715842428352,-0.3415098951041154,-0.03055997114839281,0.10308551794598317,-0.46489517683937814,-0.4779941556870774,0.3174833958262077,0.250713809095151,0.2834478490845009,-0.055536869966357615,-0.3831903105622165,0.10933895511654487,0.18148147326499126,-0.3472209755130888,0.24419005266878274,0.23269892113628726,0.3209879647670139,0.12242856684280654,0.004733327331373391,0.4504253853174726,0.41568542888129373,-0.36267461431193043,-0.09837970676206378,-0.10288253114656401,0.4702581208560544,-0.0565082631745469,0.3537909536744464,-0.16324207070223645,0.03700395852123398,-0.09817871239727641,-0.0033744042051489743,0.1648264972860996,-0.46452897719490677,0.007153191713212159,0.20163589791040287,0.07300431045404496,-0.12294257328836307,-0.36596079210987015,0.233410076903041,-0.004847977491408195,-0.31560059619290354,0.3940001502052514,-0.47446845750123695,-0.381716206005623,-0.27552468319105233,0.04473177531691978,-0.09808203207362634,0.4385480522596587,-0.21529652111516323,-0.02136542040633447,-0.3039963436111162,0.06976487826543529,0.11291443016248634,0.4362056150665499,-0.37258508072638036,
0.32115865165039403
-0.28706287243533946,0.23726217209141426,-0.01773200524843972,0.44658873625104484,0.2555723268475752,0.017509562810744176,0.12691004192606178,0.21111413305545487,0.05829000835054611,-0.37181671717945075,-0.40597513355186643,0.4148529310236861,-0.3266659771088635,-0.3305246556167404,0.08209868470670613,-0.011420970589085021,-0.14835725649668102,-0.16778902184301753,0.4525943163164919,-0.19679876810984878,0.27188615214711825,0.07164603344472492,0.44653621058702864,-0.26637686517592546,0.2691865043052395,0.45818639925659516,0.20331781976364374,0.07665529888964555,-0.05754395528192773,-0.07875588076676829,-0.17559251440919266,0.48503047061695365,0.44187679638541166,0.001447492887004781,0.16281125083629322,-0.38092806245634225,-0.05796764520402622,0.15703759314036805,-0.26098852366945324,-0.21089452418595953,-0.20798641651143576,0.1325835945112667,0.18501985841707738,-0.035923373844987214,-0.4003449658584579,0.39053697607037585,-0.09969220111753929,-0.3444054963944867,-0.44431006831175945,-0.368461441153321,-0.33287051515172583,0.3519345911454237,0.1322662716604386,-0.015734944990486596,-0.18281903770335103,0.3724873414084069,0.4007041358985878,-0.4670856855889578,0.16769245189822782,0.2408862429920379,-0.3949720800277643,0.4684787397564706,0.35222047247310884,-0.06623022475744667,0.30062427836065764,0.2993837455345211,0.3598913410393638,-0.3478188285531164,0.3214836390842709,0.23773308782646466,0.06657373685196888,0.08389737129506114,0.0748352705059282,0.08931645689282064,0.29243465915235456,0.4775191695071471,0.17858733837558918,-0.28130136945244566,0.45255961888367713,0.2329423981840866,0.25483470731323576,0.43512449372876905,0.18079471551382412,0.12787005233594687,-0.22820086693025773,0.450636940899091,0.4016944970787014,-0.2536866805699821,0.18691785738652414,-0.10128018337554012,0.20143618299146518,0.15256955780212703,0.2853983203614301,-0.23005840742486813,-0.49421254668055337,0.36295342167789224,-0.4685920140408637,-0.479510189548218,0.01169161981460048,-0.29240281175973815,0.4531702373669212,0.0401499498476794,0.03876022046451745,-0.2540753586996165,-0.43141149022119807,0.12819720026112205,-0.0320598275911249,0.0019426316177246412,0.12462262999712692,-0.3811673379587429,-0.2831513147085387,0.419282938858454,-0.028507198900734873,-0.1777894133191392,0.2647458921253393,0.10096656955597405,0.22188816395539004,0.0027666374695345572,-0.41515802831107573,-0.40484869359915987,-0.04429151008985409,0.20347150420098173,0.46761158087888266,-0.2843374076505889,0.12246926575224926,-0.1572018752234586,-0.373984673550381,-0.3551030268538662,-0.03364822384281772,0.16060498232304246,0.16200474008728497,-0.1432738598124423,-0.24701861895297292,-0.23019809249883014,-0.05658692155579691,0.21831875296771178,0.3123688171511657,0.28257898395871006,-0.30868824600740585,0.4823367213373494,-0.07094888612022687,0.22314291943247191,-0.389861979812672,0.2647507937514052,0.4083196795660703,0.2133197681143674,0.206376471974311,-0.4814399359011269,-0.27347461374233173,-0.27695339305053734,-0.4636966142815824,0.45998929044444503,-0.46619833954565093,-0.4853111432823436,0.499279522101605,-0.1187242396128455,-0.08085210460517234,0.27828423415420156,-0.04969647206071835,-0.20705191341067306,0.2706679360664537,-0.14577187636757113,0.34401461739172734,0.3785372738203341,-0.23214107388683788,-0.12942069947030885,0.34205993871770246,0.3159495696989696,0.028197918219468446,-0.4159208150932945,0.31671816467005054,-0.3777295859408375,-0.3031246753054141,0.20714146809700854,-0.03410163527822306,0.3125569417291586,0.31637544836528075,0.02748345183801222,0.31810816182735013,0.3282161146474315,-0.35829388200256373,0.1827342348585296,0.25071372934943836,0.38685447117006966,-0.3225688132485821,0.03926888433966326,0.2707889690413966,-0.36697558668956176,0.10426065118264427,-0.25731767318157406,-0.28492118511643727,0.22808150253921947,0.4358054832871766,-0.34327020125830743,-0.2859219782852995,0.3074053751034792,0.2002051525455694,0.08822566376557606,0.2349529160482117,0.05452701606215139,-0.3233122328667928,-0.0926938823125677,0.2690107354194464,-0.00575655241437322,0.23372418901719064,0.4156252527118739,-0.2383528283949595,-0.009409702743658549,
0.2692067423918418
0.08855829116309295,0.19527040265238124,-0.15032351386189916,-0.41606391326188025,-0.370473508436209,-0.16320682470632464,-0.11997591066811325,-0.2479062551792512,0.09243824990834094,-0.4817086863402675,0.22160606585386733,-0.056307527559105015,-0.2724753775344677,-0.49244126778761854,0.2947265651183632,-0.4781599448374323,-0.4241991421959658,0.4347343781587068,0.23018016230555047,0.1815133464919543,-0.2169664924978412,0.4753267580526098,-0.27107709219977794,0.26192248831606835,0.0638089056732873,-0.010767239855868672,0.39926072623429587,0.38198924958757513,-0.262129568925469,-0.40429682879765205,0.25223131332115195,-0.24937353715708935,0.28618519406883175,0.22862827137075026,-0.2985530786580696,-0.1666122970753633,0.4297579194328997,0.06115601994304317,0.1098060794905066,-0.33301448639669334,0.320577924654257,0.3141277764024433,-0.34675003830080536,0.005400989650801005,-0.4463382110541921,-0.12860643335424515,0.03046455524037325,-0.34626579544153496,0.35679463247417537,0.31161571544992334,0.3371732555433801,-0.20007577927313347,0.49645009785085753,0.43756832515689964,0.2453961072806803,-0.10974142803794694,0.14991249374106974,-0.3659679665900349,0.48029554364503385,-0.389146813588737,0.2367450128291212,0.417874002555882,0.47111843435389206,-0.16474122496192234,0.47722556548111233,0.3573459536721058,-0.032231762260152154,-0.022566956966335514,-0.24897663690782368,0.13235899967522236,0.3608316294217671,0.04967011014401753,0.16630257921993186,-0.11652893642309346,0.42042146379952955,-0.13332067254096347,-0.3823957068456079,0.154548882328166,0.17798784330637507,0.2598581584839296,-0.48972876889546596,-0.327456650162605,-0.28471174996067855,-0.1300955504757959,-0.24015524645901287,-0.07245626197712572,-0.30400386492973935,0.07126573543423532,0.13677654694689145,0.017252138887472537,-0.4220331494425554,-0.15147587293483156,-0.48003745709515394,-0.4977529497034649,-0.42203100727692294,-0.0073323475766429586,-0.3529800182032942,0.08188073261552377,-0.3742722130860778,-0.1857004099256433,-0.49510710007973163,-0.25461795892548783,-0.25958343546742474,-0.3188102916370769,-0.40871473827534327,-0.3212872858973555,0.49027173174566213,0.07917233792671165,-0.10441484631314855,-0.3850480730766444,0.4547947045475776,-0.43175195176839803,-0.40264269295134364,-0.4955398449698028,-0.10095539934152274,-0.04015280574250971,0.16114552786922443,0.35080027057079805,0.1908135506136297,0.27656511954482904,-0.28175952434751345,-0.19062986103955337,-0.1559840160565299,-0.42771965342688995,0.3692323763377264,-0.3220723276041269,0.4554124330152583,0.4884187591921621,0.3155823538705221,-0.2783342796038329,0.2168270831927741,-0.4987717134587491,-0.4658899278042738,0.3702210205152125,0.1313076010574049,0.1752801421866652,0.04520938574208585,-0.30002245244151965,-0.4607852164490009,0.38001413687590485,-0.30623206028262634,-0.22774835897382872,0.0690188711938934,0.34899743028191205,-0.23881943934149308,-0.16357742573730483,-0.33238236820340533,-0.3343326223788931,-0.3424896755784444,0.1267986191869357,-0.06371832343517113,-0.25531918525199565,0.4047654278546838,-0.017014067630831717,-0.39912977567038016,0.1445935248042538,-0.38457601035980943,-0.19424679158887737,-0.4212495200102348,0.09544567950358786,0.19475265031763833,-0.07613773647098108,-0.23010757653938052,-0.04607029279242728,0.051129478699053564,-0.20793885825054748,0.3959000228280202,-0.09083020503793147,-0.31450461108431954,0.06641273816402084,0.43827910886499016,0.1537425675686941,-0.35077785321850014,0.010358591372650213,0.48603052821509957,-0.09257899198138729,-0.49090020362424064,0.3733941870603394,0.09269741158873658,0.13522475433393155,0.13880950904382972,0.3539583448589579,-0.435716810474386,-0.4632884602980663,-0.1318372743517916,-0.49088370215609695,-0.04800291468400623,0.40004618440603995,0.26455100393351433,-0.4941577954292446,-0.09242784057083185,0.21223516965285205,0.09546514835331367,0.4221834283770139,-0.026059402794292783,0.49601618654781204,0.32660652770629134,-0.09868390303268691,-0.1696606966655665,0.2042436797239957,-0.15297281331689783,-0.16252304790895022,-0.01154093760557701,0.14421320507227942,-0.019100302467631534,0.42998400989685764,0.4450379251372429,0.3272186048945836,
0.11212885951871236
0.3927813788682654,-0.15076630350398876,-0.14466001434931233,0.25399333336128943,-0.26293015283456544,-0.2758264541054388,-0.14585215158720527,-0.45076070553962827,0.31349150415077126,-0.3477367159597549,0.49225306359560334,-0.11624369329438927,0.14513840182694046,0.03736754338926111,0.24099504563068697,0.09497756382721502,0.055700076561040604,-0.3889556065546892,-0.2315558257113599,-0.36208171662462185,-0.2562909952584158,-0.12134037506215423,-0.2332514820425241,-0.22806434565049105,0.09426850607630154,-0.08386028549593585,0.42658415120855303,6.725863331656475E-4,-0.038733273682271634,0.23582878559683484,-0.026100439504895108,0.06162896935475071,-0.17472043214282618,-0.29059983755606367,-0.3763968583667732,0.42050457623641807,-0.299288804421672,-0.14271913040514025,-0.4562221392706242,0.4479380139476688,0.4328142789310557,0.17825636845807305,-0.059254705220506534,0.18725374544572795,0.024932240035869004,-0.4489242738645724,0.1658064500736475,-0.09590705903691131,-0.01244798662245032,0.18912261672194622,-0.16120553305597038,0.4174262065497217,-0.22989089672067528,0.04670793842622989,0.32825952550905363,-0.4609514389456097,0.22062593404990818,0.06809035558820617,-0.4211155602376285,-0.17598798540214552,-0.32411945803124415,0.17467997293210127,0.19665291317946978,0.23125335260843485,-0.2778151641883652,0.4264906531325586,-0.09320919514540758,0.22472140981382085,-0.11318740239659784,0.36519578627099364,-0.015147005756947142,0.30722147847299613,-0.4789060331785699,0.1486812507827128,0.02792948933228212,-0.027640730764927523,-0.08157984272813833,-0.2792215041080421,0.4807964134638501,-0.4156196210779362,0.2738779124907607,-0.07510039623845875,-0.33906116434555283,-0.24863462010630202,0.4369606334092611,0.16658549639619316,-0.36327616192448214,0.34415520694912266,-0.46522082866787934,-0.042483099063605256,0.20460417448203863,0.43154457260126117,0.4504216240379149,0.4323278403645598,0.38408415783781674,0.05169640041691215,-0.17041109231757232,-0.28040083790534126,0.30328078412555276,-0.07960677120400393,-0.24164153335631378,-0.13030020269057394,0.08326541662369914,-0.11134350439705763,0.5059056100519796,-0.10531817268516795,0.34597170014937956,0.2054280060837981,-0.24176160767293858,0.3592248359199078,0.2683085162806121,0.4154224543177429,-0.41752150973974206,-0.12333614550328303,-0.31578345560074933,0.027923436492205522,-0.04405288857513279,-0.1895755277908102,-0.4032397263236626,-0.07079001088542967,0.07029150857194087,0.4587277173681879,-0.39605236414930917,-0.12053564517231452,-0.22188570862736587,0.009216072271011497,0.16482164070513652,0.33442579368936837,0.4880442862989843,-0.4098083744939725,0.3364696643033341,0.26271959508862147,-0.4660858918193283,-0.18355413401052198,-0.40205219027446487,-0.4082959040659256,-0.4553135756184757,0.33019996380765987,-0.35628089263710666,0.40784300918163013,-0.3760027794648811,-0.028536463919385836,-0.4229439038383958,0.06202391012895769,0.211661124335805,0.3771585337212883,-0.23704029101163068,-0.11409159764394304,0.34421023613851914,0.004644571754852348,-0.28950194003077195,0.31231298105402144,-0.3424853475672596,-0.1971794584826044,-0.25392974779953387,-0.18921589567195415,-0.11824083913798596,0.012766550212939237,-0.08804804113540486,0.1989447741530115,-0.2324723298445824,-0.13007025545419668,0.4785808324699177,-0.4291459687207733,0.3514727438615978,0.3011457066279802,-0.3056080869399797,0.2955349590160386,0.22102488984311422,0.06232711054300222,-0.08638605366169992,0.2819909204487148,-0.030177619406155865,0.14643999307887293,0.04029000106424403,-0.01855677377616216,0.34901913072382723,-0.293573202562928,0.30588656453707747,0.4031884956459136,-0.2856454609622621,0.18402496473630794,-0.24179257957671413,-0.24261291401441035,0.2448461373853428,-0.18703158778810933,0.48092964571819846,0.20625846146945173,0.06619193147357413,0.17384859690879298,0.48593122353146284,-0.39542629531987933,-0.14955366725521965,0.01795102100184256,0.42468090988517754,0.04099860027218205,-0.3167400738830785,0.14867136379942272,-0.2496874983816955,0.45375594344453446,-0.009050154785614904,-0.24834418317544252,-0.27139232218502235,-0.4127615268454597,0.10189427939751773,0.19859779433966443,-0.25603736120001636,0.08061918391159652,
-0.23543907860399912
-0.0019438925482164538,-0.34114559901781594,-0.4813362820057949,-0.20219589050290956,0.37944724906893407,-0.287713172375215,-0.022327531863994533,0.4533266536227154,0.3749195637662787,-0.013652116637823576,0.370508741045494,0.3059708342654971,-0.40147330821336447,0.21289471485156658,0.11782486374962038,-0.34943166540688303,0.15385343640582239,-0.3977729164414616,0.29500408096572034,-0.014098026251515228,0.22728091078193946,0.3964255754924268,0.4242635374440064,-0.13567717179674413,-0.29227360559983656,-0.18582642417984024,0.25099812998402715,-0.10892906176850516,0.04451887149170684,0.32991118805241804,-0.3916278086623302,-0.36734276498720725,0.47977393641613336,-0.17760204425416784,-0.2118436803452186,-0.19684450878760598,-0.2612728403067572,-0.013540400982267343,-0.3282373384285589,0.4665359563665031,0.2317559077022104,-0.46066746027607214,0.24240643192447195,0.15732189302082863,-0.15592066616570058,0.187241468315926,0.004035469976728009,-0.24374587068511636,0.4150290490045379,0.0049625702587623305,0.25337651790709564,-0.3250334885625617,0.08724742588055287,-0.1183099234016887,0.1234842863827203,0.41075893457509655,-0.19094845519108775,-0.055123808773698005,-0.19559201056313827,-0.18984463356243944,0.4044805274655667,0.4240742807587165,0.37290560329518446,0.44508820654657094,-0.20816507431162704,0.24558744996745913,0.21854130630285137,0.3500301306217017,0.12759365602013226,-0.24092372941624232,0.14041532118848352,-0.005628335663925571,-0.11986578532099959,0.38888029618752956,-0.1930606775978271,-0.22843093197558897,0.0964695055080482,-0.3243393412893348,0.42048500310656195,0.47506393040020306,0.4152552273792945,0.12807146459998106,0.10939720099668002,0.2007019877872452,-0.29939075664060805,-0.46047984736141295,-0.21822290175218065,-0.13364429978313488,-0.47617487101377104,-0.05832191194794774,-0.08139508299847223,0.07168156667294343,0.10384946573566475,0.16425423696684546,0.0581860921642355,0.33441930210088394,-0.2675672588315095,0.04964649352052623,-0.4704317298319944,-0.16563260684282435,0.1561522305731403,-0.2685630896709765,0.3294912336286016,-0.32785482687364026,-0.134955485742464,0.02729802614312053,-0.09440488839116681,0.3070788213388425,-0.25362607071449383,-0.08027010225404865,0.008027460524064488,0.27702512519234596,0.10210296313077324,0.30214853993821794,-0.29774756814316833,-0.4773271988590478,-0.40008067202379033,-0.3468024457704367,0.09778058459168745,-0.3601610653549116,0.3302131171890665,0.06875781016052293,0.34070113956512743,0.16550318282484464,-0.2248125892406673,0.12897953018361172,-0.05768702258923504,-0.43319962463738054,0.16132387966042114,0.4067647534365341,-0.4281855601899623,-0.05308241966655332,0.36271461843221225,0.03447780931389004,0.02792627193291982,-0.39218101715432213,0.2503100925011252,-0.36273498389862063,0.222486127014735,-0.48305190967925865,0.1409223907700545,0.11421398842829275,-0.3415331325407109,0.41353373627605233,-0.21013813314974064,0.20268718195924704,0.065535141039162,-0.2401478772536715,0.1923747025430443,-0.5034867317216825,-0.4318190166501121,-0.006224912352677676,0.3115871615731716,-0.39467636910226084,0.004612544992047091,-0.4288404867675429,-0.26554759533101363,0.4401713749997405,-0.2109748239856897,0.10011132376342011,0.17223404319007715,0.18967254544768428,0.015517087045994794,0.4638822848212349,-0.33165005115685425,0.41126066523689936,0.33883862488853583,0.20513574236405482,0.35393890029798075,-0.19625289583091413,-0.4646741152089315,-0.39845673341790905,-0.39969846197379516,-0.3497684474476241,-0.45321639886395765,-0.19884921536537806,0.4574066360001558,-0.37549170810030935,0.2407461783410982,0.10567982494860725,0.3389420650653499,-0.36053433533144735,0.08246008950170478,-0.009094670311861501,0.01692940202404396,-0.3174225373955996,0.4070945044635093,-0.2645211816227348,0.1227100531926743,0.1314368914942103,0.005101267629389836,-0.4069584459528333,-0.48385018391466267,-0.1286151014026562,0.2893097222347442,0.28719938138446327,0.08119787871950643,-0.35236340807782635,0.39925537368756986,0.23490744995454446,-0.2665248408759617,0.47591074774412584,0.21640575820424532,0.3110392387724103,-0.3156436518901689,-0.3915807539892759,0.4133610763956263,0.15539133848564676,
-0.4398605373178304
-0.491788965362464,0.3427509440639794,-0.004821661651441192,0.18542544647418915,-0.4939274328731204,-0.23041016905879036,-0.30736748984626433,-0.4268508199648233,0.37345120743979304,0.23654089850659132,0.30293982560801586,0.3005599846752122,-0.2309463366352185,0.05041243795828301,-0.33329495014860955,0.2769983569131026,-0.3225584814697992,-0.22847428387901664,-0.26259086060328557,-0.3466056274285892,0.255732651456726,0.35265966780434393,0.15913629237520868,0.4241557833695371,0.18183493453810737,-0.013627546410415694,0.3007653009787462,-0.2880126229798994,-0.49509571069253694,0.09898644327843452,0.37726283937176813,-0.489916978567849,0.20699535628699955,-0.13400500338143562,-0.4876963223632696,0.23443666915409497,0.17204369527703597,0.08574127190318215,-0.4028567969572567,0.038431496918842144,0.01823122131196874,0.23767092830392922,-0.4180789361500978,0.47843547733500685,0.3088540063093825,0.08383976201526144,0.40212161553169107,-0.2168191397747644,-0.025987244904936542,0.21736131064339248,0.08238012930032168,-0.3261259024871907,0.39332631028003057,-0.4425638415786472,-0.30903370082887777,0.41306030748409645,0.4792581547124413,-0.09597804273550758,-0.2774675048631164,-0.48340345221393627,0.27324815504256855,0.3160286037804115,0.1761298708991087,0.353985025784926,0.021306657246083043,0.25740556722218627,0.06509493742306771,-0.31651642639399663,0.4310061722403887,0.1674013842630253,0.346385863351879,0.020949798934953183,-0.1715931392054023,0.35444032291438804,0.2891745197189384,-0.3748360196590303,0.23130376773914962,-0.11252548087340952,0.11597676200866713,-0.20258457690728693,-0.0657147770584785,0.46433457523870575,0.3443298311471556,0.1394256016212494,0.06144379549408131,0.07351514628493638,-0.3669973027925117,0.39122074627546694,-0.3158181151828539,-0.3660034707157163,0.09395120517549715,0.4793553033179328,-0.4755933085307255,-0.3028829717963544,-0.030292887897128813,0.44592715991735093,-0.03249000253000641,-0.27482491461059416,0.29561593657589874,1.1424969792497452E-4,0.09488010462716157,0.42335428266000624,-0.33268428353813345,-0.4634987432069631,-0.2877051348993194,0.09472811332983455,-0.4839250501206163,-0.40174539758156996,-0.10160357664031139,0.012515789358809239,0.3580848015000397,-0.07175785179257699,0.4265491042259068,0.3594244262271576,0.32852697404048864,0.4474840800683754,-0.47626525153096483,0.37082635459117136,-0.06278458808172284,-0.2721402715388774,-0.17825994863090366,-0.06331427550863085,0.3898365648714602,-0.21521551813492978,0.0287428840550834,0.06656088376167357,0.007289308781372883,0.3056100442159165,-0.19649422519228132,0.30267472423329017,0.24535233543354884,-0.2492096724578038,-0.45026369280019124,0.37795800904998916,-0.4321165794356893,0.11739394501144651,0.3647758708192996,0.15913562870190368,-0.041018584428948825,-0.4616657688729397,0.17462981446495152,0.1893391612614278,0.17301847013860383,0.3057255525368931,0.1664531987909481,-0.049606522442544966,-0.08382349177429493,0.3530649445768114,-0.010041469577746959,0.30183949587993836,0.02909854207976138,-0.2915235954664355,-0.15918700359536908,0.42191827176511526,0.39749192879565703,-0.059955720810519954,0.46194419229928557,-0.02484304704937646,-0.2440024909641233,0.15430186308681648,0.30277550691103533,0.16186031206205131,-0.2296354444076355,-0.31977057064464237,-0.43823690951395294,-0.23327444466858038,-0.21605123883629362,0.17365590395322394,-0.3957915967577759,0.31696314797237773,0.3967763086277211,-0.48925322009545696,0.29517203347136506,-0.015280797410660373,-0.39110567126426704,-0.4956995927053382,0.11641520803131644,-0.07574005797727545,-0.39554595246840923,0.17286341614279088,-0.4533516481246847,0.32129247486276896,0.3789497897701756,0.02021549114866327,0.07596600173971269,-0.45003997388704947,0.31926351328289543,-0.4584373512007431,0.39820039210323205,0.482464368689218,-0.46535892486057157,-0.03718313355435813,-0.22097332988582763,0.17693149194748825,0.20645313749920002,0.04062981023086883,0.33300459624405027,-0.11894860283650133,0.47556964496519877,-0.39661346116478297,-0.04065694977032389,-0.4678136831895842,0.418404440825294,0.3971546117558516,-0.01597443341569101,-0.29094380750724697,0.47616188798544606,-0.28437666467870265,
0.2964636891153314
0.2992858817409225,0.30006314003156986,0.24286127994212894,0.34129426138240476,-0.040588118563413926,0.3266792818377599,0.490703636476746,-0.03711641673549816,-0.11410564929272614,-0.37151683224234044,0.2950404970223063,-0.4432286085474709,0.19243491749317973,0.40091069963231407,-0.24722943626315808,-0.13598924469529308,-0.2587874353833822,0.28760175911615,0.1741764291910452,-0.1895707528591937,0.16634236155540955,0.17669586598554024,-0.3434869974285406,-0.4903583044781041,0.3428381886859068,0.4038180078703282,0.04054624852081099,-0.17440236799482212,-0.42299009118930925,0.3598024547936661,0.17483901901661203,-0.1200640076670974,0.3493284086976186,0.3451048648095234,-0.3916762024610374,-0.0011713383495889197,-0.472418611896442,0.13890367969659576,0.05938147810867622,-0.013913696803859793,-0.4130162779064511,0.15839266725441412,0.2684384886816844,0.2815364869547933,-0.4779754536744487,0.27155204675746913,0.1308166680595044,-0.4816787742713373,-0.18298864461106937,0.29740031968613756,0.32852350721956725,0.22797571223631538,0.053126548198301426,-0.02216146688793919,0.03152189427165237,-0.0414310979751924,0.4733626950822417,-0.2621102341296073,-0.3767886828891519,-0.13076340339813633,0.10109336787346969,-0.13552726034874188,-0.18023803313184075,-0.05654044609868869,-0.186330256365039,-0.1714062451276677,-7.491905861272595E-4,0.3238025671219348,0.10935439603767906,0.3518176985150947,0.03408657079516786,-0.0875680972531696,0.17406858730707495,0.475104929021407,0.4290008662611241,0.3045806186479141,0.2538427214373816,0.326578006272747,0.10692060816393269,0.32623236507310915,0.2695236959153876,-0.49549141963471754,-0.2436732635271112,-0.06735417507579321,0.0722076795973652,-0.007209003394229547,0.2562430678459602,-0.0090559057352867,-0.268970154753012,0.3083964930760794,0.32878784727034793,-0.48215616591688126,-0.23064234402813835,0.14377744492923136,0.23426042348324402,0.2727019185845969,0.32109764559483456,0.11191859707367315,0.020023435091366722,0.2164074227934468,-0.2342600441282239,0.3277081222970736,-0.43801897326233485,0.23824966135027278,-0.48107084465411853,0.4665283124913331,0.3962420842169432,-0.27425642550995233,0.30476355886040185,-0.37055789756914237,0.12859644478681007,0.006495945492512029,0.41668952583629193,-0.18592196542282638,0.030721653068969564,0.4265471485037161,0.1857713091910049,0.04129341488970739,0.284576335550896,-0.15377518805119408,0.118281089349084,0.219921018636532,0.22022559493081614,-0.3676025509430332,-0.061032394152281455,-0.3546177463059279,-0.19261704878143018,-0.19488264903913202,0.08202633565746832,-0.37732423556896255,-0.3927578992023901,-0.14300596338328667,0.008707912794803728,0.08022670112160026,0.36871137926873865,-0.0947593317215286,0.09866555568973591,0.19830937570619098,0.4619521679645894,0.25918785960087964,-0.2384435862336726,0.014231555968259086,0.38216211074507866,0.190160318282917,-0.15392408190583043,-0.3138040876921233,-0.3721669853890739,-0.3240359436191549,0.3855178714312928,-0.40126957284217657,0.36025178420990145,0.1588325632859103,0.21211779453276355,-0.2251938713983034,0.3848029067334605,-0.09646723365277453,-0.0031498878770066592,0.12323718280394137,0.15966870258506868,0.3714326431708995,-0.17298507188145598,-0.10531519807867205,-0.26618613015782167,0.1366839349023927,-0.4791366922726483,0.34556316147804955,-0.2563208275283414,0.26227536247857086,0.49667446199129983,0.016371888297095585,-0.1432017450854586,-0.27343733278650684,0.16311239396163943,0.21945642205046975,0.3405910023861044,0.44498418655449434,0.4783531765770994,0.30092391035640187,-0.24412442113375568,-0.3329787577500244,-0.46261133002076193,-0.007580851713589727,0.12718032126335607,0.045065206014235804,-0.20992389101113154,-0.2993085951341101,0.32572606352076894,0.4697038874538828,-0.23308288030291904,-0.10364049308449484,-0.18401189418117173,-0.15495811452736566,-0.004785970226860397,-0.14199066600466706,0.36303661533263776,0.33802089495305554,0.12516534331941334,-0.09626569367559744,-0.2246074591338957,0.2773074996850101,0.15362570459072342,-0.10054401770027775,0.26692612433248064,-0.19983199169767032,0.03267087042255956,0.2718385534260487,-0.4386365552790302,-0.4501493410432911,
0.1394359565566872
-0.012645392847106437,0.4484081719333408,0.22515808424502437,0.4904744751098414,-0.1386338891218697,0.004006471663684171,0.4532052485245648,-0.2795729690507453,-0.3617309391552836,-0.3860524155348927,-0.20443546515543135,0.17750946775255816,0.36784190290144597,0.13861299783735578,-0.4483588176772434,0.1830780254425724,0.3892314488560132,-0.33707243709391344,0.07587961704680027,0.014880685822706116,0.16010117700199683,-0.1529308946953399,0.009543268812050051,0.37868671839628704,0.07193220744403767,-0.3891505969989575,0.006436906424224888,-0.3296432376402043,0.1304712982865343,-0.2552458291281559,0.02979516606059061,-0.15846760842748125,-0.17024257170306795,-0.16651563095683303,0.012546738032693301,0.3614483179350255,-0.2042976943114784,-0.26632946783790096,-0.30532040267400823,0.027252563364382813,-0.17204417800848806,-0.26109942396361624,-0.25073511851879754,0.12775351279334168,-0.25723674488186093,0.45919179833424023,-0.12224291685143138,-0.20812040321572414,0.0605307744998946,0.41940653422498514,0.43712372656514914,0.182393094957342,-0.07426573748300162,0.33094774773660746,0.28029765970252235,-0.4405240648607623,-0.1848179136356122,0.014829969038555898,-0.07227461863400812,0.1440705770856092,-0.4710277485244156,-0.010278480055444255,-0.11243287405833728,0.13900533281133817,-0.3229594277900319,-0.1895620517960677,-0.07195343581720041,0.22824724115693548,0.3754419068710046,0.3449053210078898,0.3720486998991021,0.3677893973956902,0.14873278741528925,0.31140115147850317,0.03191646575606648,-0.29390592388404174,0.09830049196681374,-0.4370798406731771,0.23149800747986501,0.027676765995266753,0.2412099558043331,-0.1981994384349586,0.4728482906411334,0.2003302375851523,-0.44988327169216297,-0.3647138521072046,-0.3034098897675103,-0.27534771212811876,-0.3679793452304057,0.14148812570082245,-0.24220890132104753,-0.36604568665164944,0.17211140592083982,0.4052500371579057,-0.3066847892482559,-0.3267077956292949,0.23868367761871054,-0.19529222162405926,-0.4080417332954512,-0.10172483030312955,0.2960764956529898,0.18187621438858656,0.3952790969453825,-0.42252803848846926,0.30481728804532443,0.414382772326567,-0.2451109417287708,-0.44335175151565204,-0.3983714591731095,0.3205071557646239,0.15106464344226775,0.04873266851601817,0.34668084693147533,0.27597601373188235,-0.16210090746008313,0.1503236354957673,0.2014528690762257,0.3984999023550669,-0.17818941216322884,0.25371238317856376,-0.4422143701203926,-0.33517079280067735,0.003076445980715577,-0.07718767122956487,0.07719469211361003,-0.13485532710781936,-0.18583619681063882,-0.2679512336586633,-0.4807695642981559,-0.12911267979761512,0.17397927489345563,0.029176662405954682,-0.16134646256316468,0.2946716256814052,0.34376144094044686,-0.4238410041915122,0.3134187223080737,0.2547145674363978,0.3181914316243259,-0.4533485737585459,0.02893708717593108,-0.37874735002192156,-0.28560099080479523,0.4143035937187855,0.3888132502003007,-0.18129191051963947,-0.2681078363492458,-0.14699829599733474,0.4482306967238259,-0.015096374525506766,-0.35195914260600597,-0.11166005404712202,-0.2266153503602827,0.04741577209948774,0.4865962864554038,0.18902393305400964,0.21883900362905803,0.06719409728310946,-0.04917094963030225,-0.43242783985597194,0.48440995874925236,0.020864149608490198,0.44822100131777426,0.4715960518780559,-0.4358443613768694,0.045670185038989196,0.050247125158332816,0.49010339104558714,0.2322777199812853,0.05480290568543563,-0.4713644224191072,-0.32631659020905385,-0.4757825134862768,-0.4541028703848667,0.18859491472995857,-0.22690326406810193,-0.2340445785568507,0.37177210132085287,0.07985028658850697,0.3377064018717912,0.08049968017982552,0.2200278399659997,0.30793050732313126,-0.01664880613573055,0.457776012070993,-0.44310154297275045,-0.4089993198096347,0.03867612363481465,0.4126074401239254,-0.16919655128780378,-0.08836407956931384,0.20959872444328606,-0.02480067070134987,-0.1976732033578851,0.0982834892521572,-0.13649543278407775,0.2595213525989519,-0.030107783370186665,0.4377624016579769,0.027928817923036534,0.137205041552478,0.1941930767070493,-0.03199941475474403,0.22289505010543118,-0.39194815141179734,-0.21052681046181745,-0.07068802724592531,-0.1982533504387706,
-0.09779871337856556
-0.4636318244011454,-0.046815720587490325,-0.44747079128810563,0.17147151103264818,0.36626186950854134,0.02692511205784838,-0.0020559393718730685,-0.11918061050336222,-0.4773854888418776,-0.2582641007760167,-0.222212839548903,0.43879630596094,-0.3651578273368911,-0.3730689009788556,-0.48122199158184736,-0.13713909488442877,0.11786787701297835,0.26292126580110503,0.46493317241128584,0.12394112800102043,-0.12464182809149572,-0.40347500401122727,0.0966110791616943,0.3396234425837849,-0.4088286430692078,-0.3987994569576583,0.16424445289504738,0.42640637525903813,0.32417277223751156,-0.4797871767783988,0.3833150834171055,-0.46865517630081477,-0.43431542889108926,0.2888134052700905,0.372543265950079,0.43726797348476787,0.3967733777975986,0.3736064206923927,0.28530843154828267,-0.20574611618950053,-0.1077987520437178,0.19022041944796855,-0.015455046345856394,0.46623149668677955,0.45551051855972635,0.46349964012548994,-0.4598414810031005,-0.49601283448855127,0.34407451201519823,0.3816960207292702,0.29266405299139664,0.2551090792479088,0.2434034489221504,0.1608420458558393,-0.28257242193563836,-0.09590953369886268,0.3843602335964632,-0.31557279018828077,-0.15032849966158687,0.299395898043049,0.36211765153645437,0.21225854255292567,0.08564846830913697,0.2689163740288637,-0.48815859685451324,-0.23721573361690748,-0.23764247047926199,-0.24876320337403698,0.423648397358768,-0.33523977432926755,0.03634122877249056,-0.022635002224515373,-0.06182014759640215,-0.05300882140724951,0.2315159558206308,-0.37395115902651666,-0.24583272876737236,-0.3110200979866832,0.0066519308082875865,0.3455341219632063,-0.3993417121350328,0.19066910967980835,0.4050334733407811,0.28559258179334956,-0.2208908350153765,-0.16393757679561735,0.09199405508021574,0.3158758191793273,-0.23566117051675625,-0.176637415278693,-0.1395653477945927,0.4201279309591607,0.46837902454823,-0.48663404337661176,-0.20990148969582553,0.3505154721187449,-0.2824556666760625,0.008205008213355125,0.28328852407077276,0.002310671395709607,0.4705841920905426,-0.2858693351772804,-0.432121421048571,0.12638984422932556,0.314568720979995,0.06487948617343597,0.15788340810212356,-0.06451409341507164,-0.18480082868138378,0.2862707764272061,0.19251609375457415,-0.12013991759005394,0.36952243798435525,0.06803134740990047,-0.4634239031430991,0.3690348191928715,0.31156864948963603,0.27544661638823,0.018175048275525678,0.4984561795864709,0.15521962911524415,0.38128856861492766,0.20422136132736227,-0.09656915617754758,0.02365513491508791,0.1275725264396981,-0.33025118128207476,-0.29259100341758515,-0.48898709304095367,0.03704634146478457,-0.1959114423158975,0.15766158613917294,0.44943748306715503,-0.2140828830319522,-0.1849524644808692,-0.05137385985863997,0.31348213026304905,0.12217211304336872,-0.25832883168630894,0.42167273493595203,0.28386660302254096,-0.03204789848126201,-0.03316865768017675,-0.2002321513278684,0.3138835825329176,-0.4202128633925699,-0.06720443949680122,0.3664901131196132,-0.10571553911030851,0.1571058198751372,-0.49390356897600607,0.03107941354183002,-0.40373457648514477,0.08728121418671853,-0.2875644372257429,0.034676300449465555,-0.1127872609903251,0.09457791699910167,0.3680194042826199,-0.3523639434804797,0.16015613929353748,-0.07928378644830414,0.4706385834263722,-0.416222078143203,0.39541748364383833,-0.1936288577917997,0.08196696587243868,-0.48534338016754175,0.38173176678800336,-0.03422462368134539,-0.16803000204837756,-0.4945800477807837,-0.03584435454714986,0.45069692214335355,0.10697649775387175,0.41354256313235294,0.3573686109262655,0.2854139773729296,0.44488177574966203,0.29270313886909316,0.16551028506442636,-0.4790895441650045,-0.3458857811942907,-0.3737020243669771,0.38348717812653776,-0.095631863686924,-0.30258839658107983,-0.22143890612414027,0.3197201617701453,0.18913200777322894,0.437117013011712,0.395987567103527,0.07659420082813695,-0.27932236833048707,-0.07438096615400203,-0.3822671182900511,-0.047589723517192054,-0.17428948763138172,0.04272418251244246,-0.1391117806817723,-0.11257167976220095,-0.29562080177437566,-0.06883561062184562,-0.3649922637155194,-0.1333702946072661,-0.020314497392578464,-0.13789460043781607,0.3099907263717424,
0.2941802602715942
-0.19689317545233762,-0.11583456372229883,0.021822110493621687,-0.03167837788233873,0.3645853596596,-0.2154523397493944,-0.13353372735379948,-0.0289946268620722,0.1546794366964793,-0.13337246741329792,-0.4551169762645265,0.16308866192226873,-0.4225611467735062,0.033512942617525854,-0.10896427230253408,0.27675714915207406,-0.32388525248854766,-0.21476467203772895,0.3954780457050064,0.11534903728263932,-0.2629449316292,-6.220244618352612E-4,-0.1508626909213384,0.1436162779555351,-0.041354556852977585,0.23421854052088206,0.17704360530557897,-0.48667714686486385,0.11011420770876895,-0.22625658301677465,0.2807244165725671,-0.02968716350537508,0.07526820972772381,-0.4242632430259893,0.1939152037280629,0.16969021603634532,0.4419123865459077,-0.22213993237532062,0.14347500329475635,0.07083979200296951,-0.1403356799830542,0.4519843226315049,0.16938255455418158,0.235361350008473,-0.3113918142818566,-0.17159947261396916,-0.20279170606849975,0.057987132208061766,-0.39342617979552663,0.33093638081532284,-0.10490285276098966,0.18745944816959123,0.21021858799151302,0.35478944903423437,0.2409240734162222,-0.35330405295282774,0.32623745313481556,-0.11740820615266544,-0.4781045900204335,0.45736909233834167,-0.2968776006975078,-0.2893485153583433,0.4559617620292441,-0.1068894814776863,-0.011676801533061752,0.26977691502630574,0.47574728281440104,-0.16157834890993408,0.41247077676500343,-0.2317469635702412,-0.052073951258248395,0.11416084522413959,0.4001763680462066,-0.34104653564751863,0.21445298299480905,0.045516520913346716,0.4060207331104002,0.23823603316697836,-0.1632165687669738,-0.005335043834730646,-0.3653002413298002,-0.4788162905892964,0.30019195075558625,0.05784980014880751,-0.054106366404347815,0.4059164058189887,0.09252749867098241,-0.36458952694520574,0.16727940693324558,-0.4608860578665115,-0.48978134771559734,0.1233249274311614,0.24320711373065915,0.225553864316644,-0.23593065275454464,-0.4538788441820544,0.13191201297018504,0.18638214736684774,-0.041638345906387784,-0.44644806227743317,0.13073695589438689,-0.03600089580494988,0.2990094029596637,-0.16278496584241167,0.3566900589416584,0.29585620992177974,0.4499821632061911,-0.3116588715166825,0.4387648407860991,-0.16487534991168798,0.301946676590789,0.11426038895272793,0.08880136708423224,0.1831090701242982,-0.4569517985095649,-0.3414022928885414,0.10926847452844667,0.3164457256036938,0.3289820755024313,-0.17096432779939422,-0.43080113760265504,0.14153674986381634,0.03798100343590357,-0.1734764376253161,0.33361020853435985,0.0893372746033858,-0.4339283145388225,0.09109957714356375,-0.13290285677060734,0.3755259497254041,-0.13107069348367098,0.03203239569000925,0.2488804964923664,-0.20574663304460397,0.4888864012708457,0.19377780177260281,-0.36554820380177333,-0.31192300235529413,-0.38087169030351453,0.024284466733228045,-0.021947686967220707,0.04235541925558498,-0.14816578574255726,0.35847248638087426,-0.3094219636433193,0.4892886634065131,0.13299943861533436,-0.292752713908773,0.049102900781169335,0.37495524751551335,-0.3960987104507738,0.45120051818171913,-0.40293533880752286,-0.057888896286469746,-0.05235317871551367,0.07818835297697467,0.47825908212030177,0.11217930036171474,-0.4210318066610208,-0.3247326383326965,-0.3668603166937511,0.3117731317713489,-0.4835928283721259,-0.011993677125700217,0.05252224159654898,0.28226051442420785,0.05825739562230129,0.4939821681382651,-0.16835607907029274,-0.1647101101483274,0.447109156064987,0.1023067701875394,-0.4033704196295157,0.0728636114686123,-0.4474315094445809,0.2873207262228201,-0.014231394346132763,-0.3225424565371219,0.22769839657121313,-0.3078710766874502,0.25960729416221995,0.49585052481879854,0.40195710346411384,0.4964424016965425,-0.21328636329334263,-0.21025905106990075,0.1618844312867965,0.13322929133502823,0.10607265607079984,0.20689193108670587,0.040514038405993914,0.25996735274977734,0.5024222505771815,-0.26153939245988,0.48746606177940865,0.242829073862695,-0.4525593666335186,-0.32866879032223417,0.02390073217525935,-0.20407977883203401,-0.14245124232228148,-0.1813147470659812,-0.10000904645353705,-0.16726927069512046,0.398191684359095,0.11770712646351687,0.1672972035736989,0.03324663772590409,
0.028300218391080198
0.012501162241385413,-0.05333987200694973,0.09998012807369781,-0.4153862365391817,-0.037393120356876905,0.383677124986702,0.23907429960641235,-0.11982672888124035,-0.3456464337072377,0.05949912430507383,-0.21976150928792873,-0.16248090900162523,-0.30545873229868253,0.11640145634864714,-0.3080920177499516,-0.0217439182574036,-0.2454314042061261,0.08492324678796237,0.07756808041432546,-0.21136579716455603,0.2929656722767504,0.3483594657500776,-0.4606090938334897,-0.20713608716359444,0.45034858327747634,-0.3143692309220524,-0.09775200624764918,0.4089517746219159,-0.22330423470876723,-0.3116097956937508,0.4973704391750461,0.2856955990540371,0.037021522852261915,-0.026561997409490473,-0.06788455598335566,-0.28963618041839706,0.45956413408163427,0.01883711379722804,0.030601699623500418,-0.1503234890597447,0.4405508269602372,0.14064675976570326,0.4207662757739644,0.040456164040949164,-0.1006475531290203,-0.40326829639092876,0.06369465604769253,0.08197336867879024,0.19086806066353776,0.0554570582431035,-0.1252439616296596,0.49863749491170306,-0.27576036369377754,-0.301113675190927,0.4689149326501263,0.03925423731426876,0.21186940094500192,0.043843300272809985,-0.021860190696310105,0.25842201052650016,-0.22175130449337901,0.1588336604150211,-0.1650389379809958,-0.11410696834437672,-0.004965288309838501,0.33081183710692996,0.3937907375105618,-0.16865792897098555,0.27697562355882077,0.39300548507558386,0.2704058672710069,0.09483667904249293,-0.027301169456555068,-0.13651403934097064,0.32003590937046567,-0.44259520052845414,-0.08495824658762163,-0.23609954753931453,0.24578409840338164,-0.3885527295254353,0.1575177238817784,0.4887572973460198,-0.06834847043666459,-0.14265634049302137,0.11667436459999514,0.37788319258668024,-0.2717782675468896,-0.35954769165182654,0.36451544430382465,-0.29185317625917195,0.08410281334714542,0.031806250176703535,-0.12917863924375353,-0.3347289430879692,0.11251299264246561,-0.03384112824857481,-0.41788219109057223,0.48253122533539317,-0.09006528564748861,-0.3573658668417813,-0.15779446280895507,0.3403645845428913,-0.29744864596889287,-0.03391168624397893,0.30857903329334224,-0.1906082907526684,0.18621973492568786,-0.2386086390729867,-0.3002747659016297,-0.4109217416477845,-0.25297925268385113,-0.2718123232644032,-0.07979209737036397,0.045240656893786715,-0.3980308259152404,-0.3797022478357699,-0.1463925554510103,-0.41817254701135154,0.2832533996638896,-0.06822622295297387,0.3877993347912505,0.19588296669539448,0.3044140079664851,0.45072317308315635,0.04271949484468858,-0.34067196818010415,0.2931602783452727,0.4023668231072992,-0.09232223958120134,-0.3528320577795644,0.35306158646506824,-0.4556008980263061,0.4634457612637788,-0.21103518483806985,-0.07485926747889737,-0.4994308915794038,0.2637587187755489,0.05888838956767024,-0.03956542809159251,-0.1774961526033,0.3815355184234791,0.13938511606832746,-0.21412290221665756,-0.24485446817060488,-0.012965360182752935,0.3944827272438032,-0.3516018678902033,0.44777725774315735,0.4183283311348124,-0.12902642651823118,-0.4440788357276807,0.4004619559307552,-0.37110881103803406,0.30919664567423033,-0.3010182087112102,0.2648219556916729,-0.04723701188171807,0.48986478449570925,0.43297804200825873,-0.271562179344337,-0.2853394899328926,0.3693604995826524,-0.4713977135246442,0.10374625727638476,0.3305764267086886,0.363149496141708,0.1567943168062411,0.4151690304029504,0.19381751213073148,-0.17456130529337546,-0.13540668119901336,0.23230612947378512,-0.1779009731029301,0.24293111922075225,-0.38044369391546495,0.23237770308913672,0.45322537876209956,-0.08849278516816417,-0.14705104292716933,0.49170169619789317,-0.47994799886830686,-0.10311154874610562,0.3157048087466904,-0.19615546126457453,0.20983676631374235,-0.10618433762911617,0.4761864265723106,-0.09881521020455475,-0.38124613827673504,0.19300114010269717,0.13507277684521166,0.3169806269211173,-0.1507432271378734,0.3410901149314385,-0.0897651010867152,-0.2333661895608601,-0.2338585684941509,0.2360938572909069,0.2532517146114869,0.34969450287880544,0.026573957664922394,0.3392328060211691,-0.30074355941581044,-0.4217477659515617,0.4300124913573179,0.4038556008193722,0.12309361253957352,0.22271096608668914,
0.017300154597902736
-0.3746944738242987,-0.12038655879945397,0.2347443443887621,0.4721972402894083,0.38211544209799014,-0.17643116843396556,-0.46042975981304585,0.187077245512169,-0.15073489712782154,0.41715679441142217,0.36516620843090564,0.35737679199207345,-0.46642578478188357,0.2550991433559034,-0.18862460686503293,-0.017964471987384045,0.47437886372080673,-0.37335377818144566,-0.1788032059385295,-0.27224807170408805,0.23376566354161682,-0.024623366839443356,0.3614291176182929,-0.45428381988650346,-0.017624863594497334,0.3928863122034476,-0.4304916922491689,0.22571892862931983,-0.0312575355854307,-0.3800991675534721,-0.13111954393964842,-0.2797905705699238,0.4056884690080361,0.37474638882458244,-0.43213746726435803,-0.19165886794138712,0.3385254505649229,0.21341601942230123,0.2548352130746342,-0.05136493578425788,0.38195525497047245,-0.45707903896041424,0.38410610866230455,-0.033019134197179556,0.28950999491154783,-0.1502890909963012,-0.1992339958158891,-0.42793880170163556,0.2169584571784445,-0.30874077505611075,-0.39598185673464303,-0.4466467680548092,0.18178183167279768,0.5001675341425984,-0.3372606594508244,-0.08256670445492759,-0.33288996800667936,-0.2058895026075135,0.30575159890854375,0.1494128908584039,-0.4637970768614419,-0.04492059674551491,0.19324703603151192,0.24791225282788473,0.42473046798915337,0.3440680972647683,0.1425900078120432,0.17520379252246784,-0.4396539846303894,0.15113447657734244,-0.27042809595274797,-0.11142867459006106,-0.47747767831156174,0.045809274623782315,-0.18470463803760676,0.17459528203871064,-0.19965318059578355,0.3891131373822724,-0.24078303403370807,0.09498846579004011,0.13194930092071008,0.49598209709669694,-0.029522117351608975,-0.02922981413967223,-0.4835381110979975,0.19569040627045362,-0.3774950920798612,0.48098170347750957,0.4778870342490734,-0.2721007269479543,-0.1900356436648493,-0.36719098875362166,-0.3700232649183264,-0.16675180703549566,0.16250432967684422,0.07189371494010449,-0.15779776130788883,-0.25005436083303567,-0.05367875287938734,0.4447765516053508,0.3391199915215849,-0.28839576690502633,-0.01756120347673711,0.2998320198146017,-0.12108357945239007,0.4566049559191663,0.28968884444751064,0.31871723882322744,-0.24835945219568523,0.20556369065468635,0.22073512605441512,-0.49272887601370563,-0.28638987135811667,-0.45898713474256136,0.0010826786665984378,0.34296549798950615,0.1317032038039677,-0.3678002914574048,0.003866987865631041,-0.2245775578701054,-0.4502757699127785,0.2879417657433483,-0.2026814847219132,0.4071770805375883,-0.3912404077662126,0.39176940196084,-0.012849699799046493,0.14377884930918336,-0.24558542195185742,0.37612421354918646,0.142717048688745,0.09548813040181231,0.44605043534305255,-0.47382892210291827,-0.35635352079788274,-0.4627603579257631,-0.35338410660104735,0.06882085047412828,0.11274476277358231,0.28920763883264256,0.21639535438932397,0.19884951073205345,0.21132973423871312,-0.032777770338010714,0.4599714756423383,0.4215392512963779,-0.03525309228386614,0.17045009462646274,0.4829266181502857,-0.14994502475169372,0.4586749939550413,-0.1768328819501739,0.20328501945662156,0.38580998219633755,-0.2990707831213997,-0.43188581342313714,-0.16757721166895836,0.031362695716449916,-0.3211777085639025,0.3208419933783583,0.39115045933755677,-0.06207414721365472,0.15874423121954082,-0.16238600017417906,0.358898953604294,0.17335865820415527,-0.42752581432270154,0.4238515643504215,-0.13258366523040857,-0.38844904104413003,0.41383868364674936,-0.28423119120956264,-0.054890571816440026,-0.20960163717234984,-0.07031773617273845,-0.1952410224273198,0.1941409634700519,0.06310552141976988,-0.46928167508657836,-0.15774196499622042,-0.06038068390613688,-0.12365563376625188,0.27067913002518684,-0.3377743780904968,0.3286945500633902,-0.45116709888888573,-0.05371394515088074,-0.11095292233541781,0.07710118211846234,0.4951892729883075,-0.1440880523463969,0.46057487504527383,-0.43833560893092993,0.44245496766996895,0.02141001620503231,0.48919093541163006,-0.2604869556781124,-0.17952993658795172,-0.27456593251211925,-0.09181320541124566,-0.061780256856088275,0.17232212021316237,-0.45432231373109755,0.40642114085329606,-0.09418595911393096,0.12738030478093262,-0.3221894373055971,-0.2588707005345582,
-0.40094287158307934
0.20248176401032963,0.2260101000659608,-0.36753519157434816,0.38338801130896266,0.48707629692996096,0.3441992488311027,0.12406746274567351,0.014826518555522574,-0.035884815155519986,0.4718341373331796,0.3808759964792834,0.19639916521995077,0.19411997878129328,-0.20460576868529595,-0.23842065816046087,0.34713328927360876,-0.20488976569856468,-0.05916031871701719,0.0981506732978465,0.15752560384682662,0.11135091386195659,0.2705882065834057,-0.032397416210783764,0.36597756667512027,0.3660934617961868,-0.2701450830467461,0.032117978816121044,0.0702508102963638,-0.467062831127549,0.037858716454529505,0.3547333722536362,0.2175123536939718,0.14143689447166316,0.16579429063627538,-0.030455288184673433,0.07902305000040162,0.2419654108811919,0.46593196471478326,-0.11615830290348725,0.4517711214008199,-0.20827979777824443,-0.4812801526789615,0.12078266121281891,0.05176242848061487,-0.19882851624451012,-0.2461661126119514,0.37363052212476744,0.06230402626931373,-0.324698290793792,0.1625400467592977,0.333678689786021,0.08325863762525257,0.32335049544148164,-0.028885700453492407,-0.21906235646105873,-0.20812333225604493,-0.22646478176343363,-0.028272207370497997,0.08069732083100381,0.4693872086696407,0.22581201245939422,0.3182988349050929,-0.18345747711969204,0.17396781386514462,-0.296614732940782,-0.013683245478658262,-0.09151616260837178,-0.25213290037720193,-0.27757094781523484,-0.23150558282288378,-0.28571751451939664,0.03493205985093763,-0.3104755448248445,-0.3677925146490234,0.29270954622392154,-0.3454826607382422,0.05760426309729906,-0.49996960906573995,0.21939591651605153,0.4287312165687289,-0.3762630189711542,0.031280374591606944,0.08909200342504378,0.0921987849783509,-0.26413005365376097,-0.21966757479402785,0.11257109403461044,0.22700034340214562,-0.40930845001428273,0.18656969589862674,0.02207398285597924,0.46016837961766854,0.2510605823301042,0.21118559191579991,-0.16389322905451495,-0.16289561476830758,0.48899044774776945,0.07765478800976969,-0.0974326466360603,-0.05849776603266564,0.0689647854631891,0.49554289086511405,0.038590904808691,-0.22915810148691726,-0.37359955490670427,-0.04857508183391733,-0.4838319654634361,-0.40375604531012854,-0.13263793569550228,0.1360354519981494,0.10450365486421001,0.036451759116933005,0.4181723956450448,0.3433738892863014,0.3732486961828121,0.3579341792785248,0.2873513325725695,-0.2746594250988881,-0.014849081521655066,-0.4234203129089469,-0.4326448596011192,-0.38541938023496347,-0.23766523222457311,0.2811776558725537,-0.30012275887371387,-0.2614360221710049,-0.10266524258485618,0.22486023513950418,0.3560105583655081,0.03953207750254496,-0.20182934598195199,-0.362095522286928,-0.2586397293931486,-0.012207561434475517,-0.2938332001542755,-0.09622915498785287,-0.07376440687585625,-0.27005524021636107,0.4058821027511246,-0.2900190020382458,-0.3776627118799849,0.1489731472557402,0.05843112496571613,0.03641407308368384,-0.32010227043765394,-0.07025908565134495,0.4326409582583858,0.3758274295446543,0.46301850020322977,0.021275886460771127,-0.41709754463658977,0.394884388150729,0.17599008587673107,0.4663357603298377,0.3282385516619052,-0.16130212818995612,0.15966719998326942,0.4290944256302359,-0.27597359012231426,-0.14212439452709644,0.1545122747342962,0.39339209066001235,0.08597420733620845,0.09427919496800499,-0.46429149846083884,-0.0731567026044174,0.025367664440303545,-0.1998146622653851,-0.4342163915494144,0.11019838796728934,0.3852647817536773,-0.014734902204925321,-0.2185266374818716,-0.28329372417527954,-0.07076750202973123,0.08677256420641824,-0.265905503389415,0.492826619496044,0.12738169133983415,-0.05943853590177227,0.4364840358659843,0.4394927165902932,0.4088720103986033,-0.10597512985398169,0.03460261843977998,-0.17777379185431294,-0.19427828917056242,-0.25322070383148465,0.41818739328005483,-0.2512419133570019,-3.2820301228687936E-4,-0.16910871364528088,-0.28762021459422704,-0.4555897814914682,0.4020175591174011,-0.0503284630171784,-0.14895792501819602,-0.1716550896025952,0.04573517813699847,0.08253703505976032,-0.27748390129022704,0.14789006873290636,-0.25010520003543907,-0.26683006727524017,-0.3001338606143594,0.26350031846041544,0.22826537395764238,-0.45082338877253225,
-0.3703072450013469
-0.3095390155970842,-0.4459668406171188,0.3707164147900872,0.4582116153710052,-0.07708804590898172,-0.3110037197750719,0.20003594586438592,-0.42355970546558824,-0.21985466139623408,-0.47335307334455773,-0.3844488087620464,0.4159189003153359,-0.2202071476321887,0.3354441390078008,0.13230786729877864,0.06893611233313278,-0.008324377636493288,0.27694508893271286,-0.4242238019029597,0.20420131986383996,-0.21657512284225663,0.08849162001046998,0.011315825283992572,-0.42924910977826125,0.08469563996177323,-0.020733400836063995,-3.8540895306725425E-4,-0.29385747715161104,0.26393298341102356,0.22312017052783037,-0.06680182857709337,-0.04978521395775688,0.4859243163020943,-0.06463304593235734,-8.279253046359104E-4,-0.48903170816217145,0.4664447168738258,0.04338682928272137,-0.1265347143757595,-0.013122029913029309,-0.1381867920500017,-0.48580982515445753,-0.40182886073980534,0.45708657626622445,0.1582699275821601,-0.5031337258182581,0.22239588015573367,-0.032781456057123515,-0.20296189311553478,0.14390859948731463,-0.3136048693577837,0.0033755218635048425,0.45880113446272314,-0.4643098488216491,0.12579190400126175,0.3363926849330762,-0.12047438362598152,0.3071719802683049,0.23732845758568613,0.43844958479238444,0.30560379646247954,0.28960441208475346,-0.39979897289048,-0.4726402193627462,-0.28681260963535365,-0.27708437606317166,-0.12096706525399982,0.17753455792427877,0.21435111520630892,0.3688960819034404,-0.3519811858564677,0.3516556451147988,-0.34817482726394205,0.1609517593193103,0.17049871147255005,-0.34662034096972355,0.2443880765321831,-0.1368874334254276,-0.15580208716938868,-0.42106243722069153,0.2866119111769683,-0.42085283571792703,0.17959459251032187,-0.4457197174523441,0.32950491939321075,-0.14795113408646574,0.11735386155804971,-0.415538669230392,-0.02730356609378486,-0.47517832668128684,0.21049370053623298,0.41323615601491975,0.38416213256351267,0.4954092433125458,-0.30207554804099096,0.19339693800420135,-0.06991210051616183,-0.008225664733698502,-0.22176961749352173,-0.19784913677774205,-0.1546766969865477,0.01754929655784061,0.4560383342607138,0.10088859895930534,-0.29602378121954137,0.17434321951884726,0.1780447274526297,-0.3650208829182076,-0.43994766273983815,0.15370500368803622,0.10174949566568701,-0.5032341823896598,0.019644860514781048,-0.19009481424409533,0.24717096278131354,0.33372812424406356,0.179030776061902,-0.12588521489709745,-0.029706409889159447,-0.22618837573989523,0.3171321276687738,0.051221667708682035,0.16672580614251511,-0.13878085120640068,0.46615210374158406,0.4524407758684857,0.3650225783117362,0.4484940124927656,-0.49920276576592176,0.06003719576354313,0.4013534795055855,-0.12548437549939254,0.184348765057659,0.19489592312241635,-0.3193261871009763,-0.326932796734884,-0.3110525441363681,-0.23666365615321358,0.12428288881335126,-0.4970761142911158,0.4678083215209861,0.3964825288306955,-0.22037020341362987,-0.032051333483704286,-0.0013175768882622099,0.46366581794003475,-0.27454591436478387,-0.49552688779406845,-0.15926478741543157,0.3407491880760442,0.3438250089472262,0.05327825163589623,-0.3488878338872568,0.24492757283582603,0.25036952164039833,-0.1952196132079129,0.2928139054042475,0.4094719293934293,0.1749559179811018,-0.09143417344138195,-0.06789520688298002,0.3650494584157565,-0.1326732868768232,-0.3277927700732805,0.07153026367569347,-0.3813341706699141,-0.33434962911916705,0.43933344154889226,-0.2062797596289819,0.07693961733710585,-0.28931131678199445,0.033214024258378445,0.10150676278361202,0.14733357084743207,-0.08574713983867545,0.37965833548742417,0.13148631103625377,-0.4308693935810895,-0.3021520577801438,-0.31818167166167594,0.19100834451552787,-0.3246429089178739,0.20588168819779998,0.3095232701096095,0.02267326927068398,-0.03248002229648433,0.16754087283623023,0.3870635146762485,0.435774814247677,-0.40306172600618745,-0.16758568973284424,-0.08412007858807215,0.4607231252108492,-0.41038685007640124,0.43716828823692594,0.15240379849280608,0.48033628328260686,0.42599569023339295,0.47405725912023194,-0.12366773183833248,0.37099016755094144,-0.10732507362898848,-0.3732214694607568,0.1309122189875054,-0.4530324929080098,-0.040077382946868294,-0.3848433444930693,-0.005654449736099287,
-0.28533439814730216
-0.18900766826905682,0.3511627377584434,-0.0459868248451037,0.39623242744305104,0.02190809167110288,-0.27930083197749966,0.4686828569792925,-0.43218243874661944,0.4008639180371549,0.10494922167776105,0.45485839747670537,-0.3935040368935823,-0.17455250203199166,0.12338840302954748,0.4031910666803112,-0.10601429748472818,0.04174652384224992,0.4953121446777937,0.09726829557079644,-0.11045321811191237,0.33443742891152484,-0.0990802830546747,-0.0071544934364312475,-0.15763710875347356,-0.4411630478571869,-0.40606947056002596,-0.461972362700454,0.2764271562910903,0.10920073366535862,0.1400770595942075,-0.06112369179758626,-0.459208717799541,0.015710491341688698,0.06296390127863835,0.13366259982247056,0.3907508878719798,-0.48802925479595183,0.3674202560435405,0.029025111718972412,-0.4802612471805215,0.09545429856777804,-0.12019489982140935,0.3725716390314678,0.19680574610262863,0.3153750347244438,0.09632992858658701,-0.011039384529217584,-0.31837410451304055,0.2655282246749419,-0.23798548534533165,0.49041533442002033,-0.11370918301964911,0.034058768006045494,-0.2831429232342653,-0.012484667652301924,-0.16735767580791033,0.16783786968538755,-0.35970202174464144,-0.22751111502627036,-0.1859318426281122,-0.45400520702239294,0.20109514141535095,0.42473990369288644,-0.18766558942592265,-0.07466767804965097,-0.22305163518947585,0.29713608984451084,-0.3571268759401975,-0.18023426370392076,0.34668622554941236,-0.11837617468968425,-0.4939534570038376,0.3065890138255069,0.3775559365674382,0.12402462012453891,0.10725969641076621,-0.18571327831369128,-0.468867286912424,0.3604070476179955,0.27539554192806587,-0.060226643751050656,-0.20640737434516382,0.18121667706682293,0.05689821185821523,-0.13264382743046382,0.19956818203197452,0.19438630631349757,-0.4080691317928891,0.01738225604399894,-0.3364661256240979,0.35493731387830235,-0.3106126602158023,0.139443317321229,-0.4413557576345501,0.25612212883463076,-0.09086277069701038,0.1831773392265002,-0.40982559430668647,-0.46405299846962494,0.13273637179678527,-0.07088115930122924,0.19918926211491333,0.34295324048387715,0.05793580500618648,-0.4572854582134895,0.2017939860700902,-0.37357585641155927,-0.21232576204984838,-0.07346510971380887,-0.37970467872224983,-0.13127596017206994,-0.2991599058320456,-0.011124011918379735,-0.30517042561895685,-0.23873563362539413,0.08994139395902695,-0.278639453779759,-0.12251039707574879,0.24063197899967864,-0.37007716512005245,0.2838107065530873,0.20571010532322048,0.24770234161921806,-0.39727904829825705,0.13157922381537596,-0.17235346117779832,-0.449899265419129,-0.056249620299065405,-0.4113097853392326,-0.39048992992802184,-0.02283718854686075,-0.400634928596411,0.16955397579091175,-0.30670299914706783,0.4565853415910433,0.3884403599205141,0.3826852321753474,-0.4069217307289245,0.3132466846551512,-0.4534268408418169,-0.2882326649187498,-0.08100943500752728,0.3932159883742476,0.3979992514353495,-0.037429975889570054,0.10029777444350224,-0.29024119304882595,0.14817792543142255,0.18864152337143286,-0.4576326299050482,0.47318622022612083,-0.38090391399036,-0.03563974754659079,0.4971336442747631,-0.4373166586650808,-0.14030447216928638,-0.13915441561752356,-0.4474043793963138,-0.2742078324035883,-0.04457183201321276,-0.40160921417640955,0.05412437970133447,0.050013249447951415,0.03379624866489898,0.4984955874238061,-0.04116888613386956,-0.4589712521248363,0.41683561391867946,-0.4607601396934276,-0.4060264624039322,-0.03666007825251002,0.10685177411532604,-0.4703459942482236,-0.45864495765629815,0.45164940444363694,0.3083204932231494,-0.3380945629037258,0.4018976732478536,-0.2148905003460158,0.48671533927898375,-0.025465055757235417,-0.4919539434880323,-0.3684046456501035,-0.45587287343430766,0.06564057487678193,-0.25361318463960475,-0.48454824885772335,0.05189112627910989,-0.26817913356550666,-0.47115667697011127,-0.26029914386391256,0.12203955104401026,0.07685329749692144,-0.3919660507587341,0.002487975913169948,0.42224897853851956,0.03349759230161701,-0.12914362229088855,-0.012419627680222407,0.043052626915123494,0.17247815484931833,0.4640893915311454,-0.2199756097949373,0.41144088546633045,0.13461352229293616,-0.3932218274141031,-0.439395586272141,0.21157283219643203,
-0.05328027168601538
0.23162228473191884,-0.32819109403561136,0.32634196273396343,-0.44039980120819816,0.124326453724126,-0.2238441784833603,0.10626028306897528,0.04738520699192113,-0.3156227257563568,-0.36663642467665586,-0.008483622642584034,0.4389620181624501,0.37790295997038487,-0.42489501412769026,0.22599711742041673,0.30170110306578796,0.026672820414527752,-0.32803239663724304,-0.25667709521049104,-0.1614621830720668,-0.3124626080587546,0.3122379748740873,-0.3238153889246485,0.4574127043866374,0.34915942847185155,-0.2757089129362367,-0.31694196501923455,0.024587701868448972,-0.05972689662277612,-0.1500970430260416,0.3169036476379248,0.20835999630769939,0.16738701421420638,-0.14996537614665337,-0.05000392454643291,0.08492437033804659,-0.4854597022741911,0.4383462305069507,0.3519571360987423,0.488566228365038,0.33833308643453436,0.1936169385402369,-0.12397145929622738,0.42025944822394273,0.352679174524348,-0.03875303528095374,0.35010780290144744,0.19850308592717417,-0.026711565512883884,0.48568906418289876,0.1950008963820156,-0.060083152104833656,-0.08240001286037682,0.4372573493722352,-0.007549808944888927,0.38108023029124,0.17989082369855305,0.07743353338412959,-0.28655290050346577,0.019539446161249408,0.0023677545331664933,-0.09341176984438074,0.08305102913713677,0.043519428279528385,-0.255256360836507,-0.22782480998369622,0.10591464095239919,-0.4554885210078619,-0.3816070427398757,0.08049591068053882,-0.3941821746280451,0.06257257275825227,0.09590781503028753,-0.048580246214070075,-0.25713639836052643,-0.39891525992967075,0.4328531127574878,0.38298540320915214,-0.13640861734351714,-0.13411141323365247,0.14574492329188862,-0.24840266235639027,-0.28788604817931457,-0.3668821896384345,0.4787537375241105,0.2635706650736845,-0.01551324627048869,-0.16927351768869844,-0.13863973808222593,0.29506631980434667,0.4438691736656429,0.13061457890709585,0.11016775276516486,-0.09000157082895602,0.33063898083997795,-0.40857898448996105,-0.33969751494730155,0.22928351752319612,-0.400526768849681,0.16646843132249492,0.42530915538335873,-0.2601584448106536,-0.40549009161084465,-0.3029931976672294,-0.02082439352134419,0.0780471499392775,0.1340563655470867,0.3478180987836084,-0.36990247501664436,0.29986821937838876,-0.38208771375862244,0.3104076122988965,-0.38718004368117903,0.15871905122359556,-0.3067735945508772,-0.0015782548495838007,0.06486959855340912,0.4520933389066168,0.21890741492601565,-0.1094033328698664,-0.32828178724742957,0.0693317645265775,-0.24603813323388876,-0.36154479694733926,-0.13310622431446292,-0.02458174195555835,-0.4382675315312699,0.04913454995122114,0.25528287265327393,-5.126122572893774E-4,0.16986267481812292,0.07814086953342445,0.4913444491004046,-0.03823479602480205,-0.14508597825384537,0.022490633999827144,0.1886811711592902,0.3689541517657094,0.03091535765941916,-0.30838652245238846,-0.4366082225316175,-0.3643875275818675,0.41272371693628046,0.45155455447950393,0.4208538811453754,-0.4521331353559223,-0.0020715093947994354,-0.31257118567225844,-0.21593643567475992,0.47583685831550143,0.36513255870601496,0.40974389328768385,-0.06861563231690274,-0.3375621792916634,-0.4782053027996526,0.44212178917840855,-0.13746462583582783,-0.2312306113746155,-0.44858004102741905,-0.12888579462817726,0.24387376966386967,-0.2599160122947341,-0.392264156579848,0.21322006327258206,-0.3024949943899177,-0.028629283989492053,0.3825938048132603,0.059877832117091426,-0.10652108535849839,-0.302122876835661,0.03468714174605865,-0.20188040814245764,0.28030787744088065,-0.48656758327093447,-0.2922221433750129,0.3727375783648483,0.4462690402333162,-0.07177721050625477,0.18997676465360427,-0.04477190972248511,0.04242915678903893,-0.0822896347467598,-0.030277421255378547,-0.1845582940843082,-0.08194236243587019,0.48567471786559674,-0.07054286135875779,-0.34621706931685065,-0.37993070295302517,0.3668965257787599,0.18459592569834907,0.1449661785551483,-0.30963441305032297,0.1287905425420284,0.12324407875241247,0.4687494882855548,0.258418926568411,0.09633535550353076,-0.4687900148744653,0.15873079772070323,0.27117198326032105,-0.27906454744120673,-0.20277987901553216,-0.3127935336233802,0.3282996290288907,0.24139107788169048,-0.41515997710301183,-0.17774491810831836,
0.023235325618177437
-0.25977421669692946,0.026717315508451384,-0.06108631547728076,-0.32590757031294637,0.01465930232136494,0.4770551237346245,0.17295283095398054,0.02802280703734266,-0.07531032067218629,0.014895959606958246,0.43961513132129376,-0.21207843797479206,0.36409213693059383,-0.46095312490536516,0.21359810252262204,0.23286426026282692,0.25152197061778786,-0.039623351199668984,0.1085319331725969,-0.02269663605873912,0.435938174631492,0.15811529076588193,0.1819755874513656,-0.2058638182678685,-0.17307871864649427,-0.3021813680707479,0.19888399315549388,0.07218618858944767,-0.4560547698756578,-0.04420577850026857,-0.03953980357374136,-0.3332325574006427,0.3869235018150694,0.21713563543038286,0.20455344175030507,0.3398610414604138,0.47026535653034995,-0.4814031028032975,-0.48628227091146686,0.20602469278874808,0.4338953226691556,0.4928860373956659,0.12983612670445427,-0.3984349999374594,0.24775540206239682,0.23767934246667827,-0.43349528449103164,-0.42387131267111694,0.25928545797772146,0.28042093369205395,0.4356267295693665,-0.2299630580399254,-0.2007992297588584,0.03903744961825125,-0.04034026903157165,-0.21519197971375742,0.3566331138553556,-0.21086900397149927,0.22824221556184737,0.2806415423605216,0.06250344556788298,0.03977285397671967,0.37597138791428836,-0.05825252685666341,-0.021295365233786147,0.39287968145271684,-0.4924654147923326,0.13889595230514512,0.4807223216069278,0.415255521606892,0.3770605525553357,-0.41170944123055336,-0.15738893700847106,-0.21226569101772336,-0.4595286274324712,-0.4431553666846541,-0.014217676313014934,0.012459355832499823,-0.0572205473500477,0.19616641311480282,0.23684937855769211,0.2571876837808645,-0.32331174178932226,0.40103540140529864,-0.14518620561788648,0.49460878685677806,-0.04548047517162438,0.1828792012630303,0.03416674010840356,-0.04498117041833997,0.17240366631030052,-0.07526379021592094,0.06801788470902032,0.05229283040023843,0.3138342270599607,0.04141645390859624,0.36415344289847246,0.3659492202780012,-0.16089865763392835,-0.492950904372693,0.04696391494979365,-0.03379758045731266,-0.36221699910182953,0.4319323666204727,-0.050528553699582014,0.3542505626012646,-0.4166127007848269,0.3715770792733178,-0.09777462691060695,-0.44335228824756096,-0.2775973387316603,0.33306269402557215,0.359624149748284,0.4604604835532538,0.15442722469483544,-0.4926992831052099,-0.43073979069655105,0.3050114062579397,0.2157125101898652,-0.3994731236074764,-0.31382594655668256,0.35636252469012314,-0.33462919432732535,0.2643203408703249,0.461442340354737,0.182294244753131,0.19165937024129326,-0.4693255892710991,0.39331439252759376,-0.3816136277576287,-0.29483088603758595,0.3471202344215412,-0.4808500000179547,0.4699091701763925,-0.4335911285870904,0.2766309921138314,0.34770101597178554,0.2295848518274714,0.10719124807054653,0.17801108021376516,-0.2161822775199042,-0.392119795204314,-0.4516109395045182,0.2147012362132798,0.2814507702467844,0.4703438477078095,-0.3089534225428006,-0.146593152470393,-0.1241423075883144,-0.1443976639251056,-0.4365071768882421,-0.3913161709250261,0.1922126813767931,0.10798125066753589,-0.45598113478642094,0.16559233105370547,0.005357225299011801,-0.19968119316969085,0.3468451502867484,0.16975562457776622,0.4342180389815435,0.04539147444029964,-0.3414817194374418,0.41263785605508735,0.3944581941916931,-0.0015281924201740156,0.14254170241036673,0.359580856007035,-0.4957841378301057,-0.1611084818981477,-0.008042072737596025,-0.03088294246831644,0.2403249061881378,0.2850829750439921,0.20276468013657972,-0.4656983978483615,-0.2238002459653326,-0.25457493779455403,0.2654608471661462,-0.15971590835879496,-0.40239331660799277,-0.46367992531871577,0.02768255193044602,0.2770659053618882,-0.3111673977406966,0.20928052391972757,0.06780378974038309,-0.32763326912458773,-0.19069889151179814,-0.07959430247794469,0.037539506245992636,-0.4832502807831786,0.1394752145429175,-0.05152022498598378,0.08100413147902802,-0.058368663776454256,0.3649246439052594,-0.07797521123228884,-0.38165866549155963,0.280529045987667,0.08872521969386743,0.05099326168624526,0.493956139158405,0.2948759566159154,0.31489644318777393,-0.32461325843784977,-0.2674564243688989,0.17795825528093961,
0.49445481385978374
-0.26217809921955015,-0.08263114860668701,0.2609302433662445,-0.3831096424906251,0.3880733723701837,-0.4670062135838225,-0.03876541325409965,0.02052397056547056,-0.2776062820491216,0.38596619527165216,-0.1751592465715362,0.06259906200401723,-0.09051735198091675,-0.3089089808129246,-0.22238238239835753,0.4603546858227739,0.27611829201927657,0.2132567455565625,-0.46210727880481867,-0.3872335404490951,-0.3193749991990073,0.32947252514303627,-0.08571414482788516,-0.4496961466539077,0.4815189338315418,-0.16215340542052117,0.20603660129445434,0.3418903541662392,-0.33150175222416467,-0.1768480589266464,0.1995997303781884,-0.22291849802047417,0.27422745436601587,-0.08239445977980231,0.32196997194276894,0.31148752048403633,0.014695829027307773,-0.14924421956997141,0.35499630251840225,0.45706467943509205,0.21293630919459444,0.26734830124923975,-0.2590265270758832,0.02980777812268424,0.45937227166223044,0.4151310354781356,-0.08117624451662214,-0.07651881850812109,0.12700300017125615,0.4470180392151188,0.3148795803201125,0.36835656826804203,-0.1812059824728806,-0.23130121101082463,-0.4141162742483831,-0.04338322834625767,0.05867648728210813,0.07152893420806489,0.4605417712608691,0.06733697739860306,0.05380420738908305,0.43464369526343555,0.05890468420375301,-0.29176234277661434,0.15389385364760316,0.15452711094765487,-0.11776141117238109,0.2063690287739564,-0.287486544510498,-0.2340647296662937,-0.23923392886965295,-0.3738249365164446,0.415534632568548,0.05498499994473223,-0.07736039251236976,0.2709251328212586,-0.21643323752177784,-0.26661592208239676,0.004733971504184418,0.1322893574947313,0.4780417706934597,-0.15780747124263267,0.26432165137281943,-0.3071262542232324,0.24472076113876534,-0.11583058141575325,0.4704216855182631,0.057819640356970806,-0.1862556793788231,0.14567264754186166,-0.0454119386252642,-0.005888718228384895,-0.1580491227700081,-0.3377556918373181,0.08313202023750293,0.09002457626757038,0.031038082496013517,-0.19357261342979443,-0.023752451805611915,-0.08781137774932751,-0.1157555295975467,-0.46797582410662114,-0.35576316446283357,-0.2659787562895121,0.1745801794595539,-0.10407927838366654,-0.1629911556152735,0.13683860014106547,0.08923617288394353,-0.4032345218679864,-0.1897494266815994,-0.45627223034155123,0.1876544347171129,-0.08079539865528834,-0.09985280666432367,-0.4636893687038666,-0.2351581142270362,-0.3469594387504396,0.26825395137460867,-0.37418366904198935,-0.05313700880951393,0.26859415183336527,0.4290991192075719,0.0024185204538381285,-0.13795250582737778,-0.12728506771535616,0.2053238430937387,-0.32941732134073726,-0.470698876528685,0.2442984943211441,-0.43135838737987936,0.29320818793027786,-0.31599129115046626,-0.44616681096381455,0.41962593415221766,0.013638314975021834,-0.37762892207251947,0.20841345208185352,-0.2646877419405103,-0.49784897608784645,0.28661798389152654,-0.36818001578126786,-0.32917393437313186,0.4823317990063149,0.2363914212904376,-0.31131772295899135,0.1397259237203337,0.03276956441495156,-0.14430476157620337,-0.10759797050030678,0.11747674292177696,0.030805154456490482,0.1301579496426128,-0.5015693801161677,0.4134451283413449,0.2076013373318369,-0.404041839506122,0.07765774500876682,-0.060964885182520676,0.4175919672298895,-0.39038747362608,0.1890822244478217,-0.4369404507111551,-0.10959239010755989,-0.0830713650796378,0.32660040367632465,0.490168253838466,0.42966312378528476,-0.39022385310404734,0.4016612199708412,-0.27586857863127595,-0.24946727050511702,-0.049068561705344946,-0.3582986612614964,-0.41499738405855374,0.40682644286406705,0.22010238261602372,-0.06631224724158341,0.43766283451353843,0.048320811581752346,-0.31165850293883074,0.32275927983251945,-0.24102667554414864,0.07038685926867388,0.0634074200030727,-0.4121273554229277,0.4217413296476294,0.07049568259007594,0.26523584441457754,-0.44047775554125185,-0.3940699554798484,-0.09002714648263138,0.18853307821558857,0.11901790129328965,0.06101983813025547,-0.4055895185311064,0.1886066836987213,-0.3755321658336342,-0.4618447952959592,-0.3675642959052335,0.3868990285744169,-0.15447123348423214,0.08668749073933685,0.010073163070536805,-0.46570820909707916,0.35714893593386793,-0.43304873499471025,0.4267278447199084,
-0.375499713367052
-0.26691777669906797,0.16058845705631478,-0.029878906973933174,0.39378533821985284,-0.12699739538768734,-0.05757286537467941,0.04038682830883434,0.2706658868805556,0.07281501479263848,0.39306137647962314,-0.24829332266735177,0.1619574896764955,-0.25849307766712293,-0.19276241359124516,-0.026589313621839108,3.3373232763940784E-4,-0.07922385830639331,-0.13537915940297757,-0.4377684340401924,0.29842960950674124,-0.06714476165240836,0.0588581544858982,0.15597111240161887,-0.4723743319379892,0.0841641342295933,-0.15200883278537483,-0.3675039973655086,-0.17849967084363366,0.43130319734462924,0.2427650572348862,0.06256570209889187,0.15474657656055357,0.2811446921279225,0.25936860157498465,-0.20852826404866628,-0.374039459328233,0.2802000995698387,0.1304145754643699,0.09927808666927625,0.19505513352378162,-0.3586138532667298,0.41202907705754444,-0.253737000491314,0.2599572463078592,0.3378345524415173,0.17563289173741187,-0.40373357040051394,-0.2604902520104916,-0.17892640446026015,0.2596993067263689,0.41457308101356893,-0.08654519378436958,0.1613750554561068,0.17506994354672295,-0.10336520704222667,0.1347951025885748,0.33019898598329944,-0.37924865376139594,-0.0468828108706409,-0.33349798320286117,-0.28458802983475584,-0.2718483585714896,0.28830512528360064,0.31943356292325564,-0.14031097609190507,0.08969627063392034,0.3485574882339354,0.2721072772270726,-0.1569718492484911,0.3474880738260172,-0.2112086167314861,0.43832575654585204,-0.307779590685041,-0.3813465667520829,-0.29248579139602027,0.015253565937129369,-0.30671725094264424,0.31624294661519436,0.03471159646672533,0.3923959489242753,-0.49272542273849296,-0.011968287727790105,-0.378061729818011,0.431031393901106,-0.45441649910832294,-0.3597094329760251,-0.21975241513179417,0.23400163592087125,0.14767915303291396,-0.36042354101601626,0.2391348992539279,-0.08263592556703163,-0.2775010614016147,-0.3071832566920122,-0.24154110512233734,-0.4317364202077997,0.16404247571719993,-0.40556166539346716,-0.0846558427568495,-0.4725184690823353,-0.4675831662705201,0.39901976665477235,-0.09064317738594867,0.3704724002339991,0.20348750334027316,0.4289204053006974,-0.41821486098303673,0.4772988229169496,0.4334550730816479,0.05856766041494909,0.2286449634144107,-0.12027176194837512,-0.4409088219773718,-0.46944022089383863,0.2020695736470231,0.1528558132355195,-0.13996881001782896,0.1534681686061154,-0.25896740395930007,0.4789693571110605,0.44643578038002996,0.10719986376013953,-0.050108675750572935,-0.34702592556683065,0.4034968807431858,-0.26099257708114043,0.3520270200986364,-0.27845364138674455,-0.17632187933797466,-0.3282903292268635,-0.014101831953436292,0.15228722640071884,0.288243661114958,0.2654139315339813,-0.4178889267893433,-0.08550205959834305,-0.17845671788491452,-0.02499370315631839,-0.037348190616073064,-0.3801986973262548,0.33468607461336564,-0.07209637218549973,0.4372122817282367,-0.0813153556220552,0.09964869700917285,-0.3899630888661395,-0.36341747080434517,-0.32185913228424745,-0.14947156381097,-0.1072371915537577,-0.08063024023296743,0.07593668119816128,-0.30443472173514285,-0.24062359816043127,0.21584484833538436,-0.36136234579200954,0.1417216050697479,-0.0028753083599794525,-0.06849508453089219,0.42337220826871635,0.18302142437283647,-0.19090284786183437,0.32298018358272473,-0.002582460565009161,-0.4154839838873091,-0.22990379109783804,-0.4197973172270345,-0.39495769332315667,0.20565640447608463,-0.19843320652632163,-0.29870719331293627,-0.0723574521530939,0.4500169941115536,-0.12710891863851737,0.13040909172639265,0.1410587723046221,-0.29727060420799856,-0.05016931806614817,0.04384579306393737,-0.4469364128712028,-0.0773511737359041,0.3056255333892015,0.11595161995119614,-0.03563886187554969,0.3931901661546875,-0.31376510647515077,-0.42601766081696224,0.03804074641911608,0.003933937620442214,-0.0215672235437861,0.35978854807710525,0.3852791248816364,0.3345179793283065,-0.03205364256162917,0.25627969405704754,-0.22081308383861692,0.24299290711008265,-0.5054472573760395,-0.09210633510381754,-0.10595333850968651,-0.37726518727044933,-0.18797393532230883,-0.23315887887724712,0.2337914017694443,0.48517230226709995,0.2430529845468734,0.1306821948775339,0.4614239480197898,
0.07859910324634033
0.2803329028071638,-0.4005981928338609,0.16794406567084058,0.07778015566989789,0.1468164100840515,-0.5065711985528907,0.24575336244642373,-0.21627521137183991,0.4038537128768063,-0.046542723223342915,0.37545024427893264,0.24159945439695898,-0.3221141428267439,-0.23295140239562512,-0.12029968213673022,0.4011372300225798,-0.28258835326300047,0.23053200796137083,0.10399641802231728,-0.5030918722111137,-0.056388976297022414,-0.37009554201733796,-0.29334868595221897,-0.20770775083637522,0.46511762339692875,0.3569536045317739,-0.19358114866904608,0.42475673338520453,0.016481131641195718,0.00465889314121694,-0.304675942127911,-0.16193406151413559,-0.39075336088502965,0.22074941707857024,-0.08227935643477642,0.11366964123317813,-0.22142795795113562,-0.45692097068121057,-0.12622157111712184,-0.1598079925237726,0.1744035122571725,-0.0902051318234754,-0.2535184068529846,0.04073543274274898,-0.07448479143776605,0.06625575705034796,0.4819972956716237,0.06750032378355857,-0.3827733669063507,-0.39767033486960063,-0.258221892890147,0.30350036604459224,-0.040443680738215866,-0.05041524722595043,0.24597684970033545,-0.01973817954757871,0.2202008610833744,0.25735846501639875,-0.31490515376030453,0.4074164135186164,0.27692660711882683,-0.2956026635595163,0.4275902624876304,0.43683036568352823,-0.29114279774889257,0.4672894261697223,-0.42012591752159595,0.039229747994880486,-0.3093970342468198,0.26320039994128547,-0.4345279706265118,0.45819653108267383,-0.42084417766918064,0.11196339536946447,0.2817325705103498,-0.47542652456960494,-0.009301120988615736,-0.278638589828248,0.06531277248583504,0.3637306449502697,-0.1470427200697379,-0.3105191109491016,0.1517752302607544,-0.0911905326347396,0.3884428138434826,-0.46069652712872117,0.04998080690285638,0.3449753123466723,0.23492193540469147,0.4532420767377158,0.2685636516112255,-0.14712709432657217,-0.058337201915245225,0.4591170898405113,0.12962645114973786,-0.2061066090117057,-0.10650606153239413,-0.2658933976785823,-0.016104618017586298,-0.21447453652932053,0.3094337146926985,-0.3605054246927761,0.0019256778415301257,-0.04802215211152278,0.3386258287626151,0.0765792182731551,-0.14244917457422251,0.00342331798847405,0.43354340068040303,-0.23710658613739682,0.042619048358171145,-0.30337028323363885,0.11890014497384478,0.06792759902865768,0.25616342330190395,-0.33959347722689565,-0.00556614867144958,0.11883506963224345,0.2965023559998267,-0.46878976903978636,0.31070430766709617,-0.010861579609771271,0.15136978872540202,-0.1625843853560856,-0.2607262554230439,-0.08275499988752551,-0.4709748177210053,0.09517370204577962,0.022114955372339345,-0.3333817872525285,-0.09760430417874695,0.13444216903454081,0.029818623431022262,0.3357407792169191,0.248653619434214,-0.23931296736821156,0.3841479022419923,0.15354497810322837,0.058234633226127604,0.47591905249115923,0.20771485442619636,0.054773926501738256,-0.13984662872770454,0.13214245588467904,-0.24796979773040034,0.11977704145337371,0.46457453230658935,0.07095703379752342,-0.37509624785999246,0.2845321310477545,0.35894950777573625,-0.4850304383818071,0.08915037664452412,0.0792251190565491,0.21062959559452382,-0.28016626653137083,0.43678196544317477,-0.462492033843286,0.22671919734100826,-0.32984729768904436,-0.24365686723482255,-0.16640581409892446,0.2010330221763909,-0.09185867278601263,-0.4942254174657667,-0.3493596562444033,0.4383735952265703,0.4208605466927258,0.17916474324498471,-0.23859882294095086,0.38794693713832423,0.37999916937661266,0.012976938690741225,-0.18906502397037345,-0.25941503379251646,-0.07240662492624268,0.11581552519236642,-0.16882525984321534,-0.05145389588523359,0.13173758058537005,-0.3744783044597944,-0.4115299291738524,-0.38798423609233496,-0.3017450935904176,-0.5016346130665761,0.46774340892740335,-0.05696886055350731,0.01745913699017146,0.3173270491238072,0.2306935805041796,-0.4345946798765306,-0.35044539854709883,0.06993896441464191,-0.34948150296876573,0.2383279336559994,0.4078836829660016,0.19088277711714535,-0.27808185118484213,-0.29832908123597685,-0.21385317779696883,0.2905164411144672,-0.1273222829686223,-0.2673706361757077,-0.4061169902256126,-0.10227006967304804,0.3619200978417267,-0.32382077190338326,0.3139129931701768,
-0.45785330502331
-0.1496453971703085,0.1761923945531347,-0.11372176633242674,-0.48446193203033294,-0.1223468104963568,0.49760893488716673,0.26385016394474775,0.45949936610009157,0.04899904307936091,0.061397433423120804,-0.458207830549628,-0.08264525193331497,0.2609000283028684,-0.24264053621581175,-0.11777873608617526,0.017232257855331636,-0.4379144135525313,-0.4752762484108917,0.11215049341643078,0.13798740563365489,-0.00991685862964342,0.3573104749510188,-0.4933146212412404,0.21938276801958703,-0.24111091975488885,0.081573961492351,-0.3032887003007346,0.12119295407801191,0.18113517208879823,-0.3183711815509545,-0.46243482502737626,-0.3158047388652167,-0.2556553172001706,-0.35487896344885106,0.20275629028852474,-0.13868409923557642,-0.16772274904951412,-0.21115885145453683,-0.27058772589588775,-0.20857892532279843,-0.31088335628923314,0.29300348916682195,-0.2641189555434037,-0.034444627577177436,0.3485453135671247,0.2139949617265643,0.053746705456626895,-0.2966527158275637,0.42647675002854135,-0.416579626607293,-0.4234541655480287,5.863670641303545E-4,-0.13611534786789292,0.30431053689508936,-0.2897800226637913,0.43395511764919636,-0.06268290027024942,0.4506983718502433,0.43085267756673484,0.21737664623629316,0.11285277581834258,0.24853132110820575,0.103919986952352,-0.3076005270677199,-0.3907818657636495,-0.029871491096576504,-0.09995369464785836,-0.49515258269832796,-0.14289260209856058,0.20974239395787675,-0.14582918780335818,0.47093874884905906,0.3942870345267354,-0.4756139186645333,0.358194165492306,-0.3316944110117215,0.11985490267500115,0.22193974154346396,0.15158924239890725,-0.3991789170732266,0.24606351333967513,0.15764994270205301,-0.3198767737427418,0.38086828567828734,-0.26759411289228985,-0.23951132359024518,0.029753334648769066,-0.25133864195245903,0.4642015725819679,0.15243910070496702,-0.4890783763680132,0.4054563670928001,-0.05329042717523298,0.14662763045836014,0.36788884317673154,-0.4240348200766523,-0.174166601534694,0.11432281920391502,0.018411544370638862,-0.06498705896902185,0.11777370238593671,0.1961736260715614,-0.3090199862359605,0.034455971373928904,-0.36747842937666453,0.09966058412225637,0.31999956313620437,0.14860327777938254,-0.2901242224010584,-0.22741425068587207,0.08371103025951349,0.01986182485405586,0.051705914196620226,-0.4284720166966066,0.02531070031493455,0.3310522554107084,0.13047205267498618,0.15454258027488554,-0.21535581951041927,-0.14318232938272402,0.3815513574009952,0.2189849415299161,-0.41398778249985935,0.15377573713705772,0.1457106242526689,0.3781902694920115,0.277041095695035,0.3375397372387733,0.11810275848861501,-0.07515749767674879,0.3942339313247297,-0.035538027315867485,-0.11854527437661538,-0.03578289623488258,-0.05726656374564883,0.2869281673581252,-0.04634691303117251,0.41708439657028906,-0.17900928754019096,0.18325946210438582,-0.336277514771924,-0.31008895086756605,-0.40455113626284034,-0.12324601694625142,0.08523148179185319,0.38909955234187943,-0.363986235805817,0.15312723243443227,0.2024494579241234,0.3163564346911233,0.45999920103895553,0.16158686720679505,0.4621168486559599,0.12388203181869811,0.500396876403334,0.04200409227467321,-0.1275196693468016,0.4309260489721697,0.4137363300678685,-0.4408799925796282,-0.1487160710768759,-0.09264559187160676,0.4734637650349578,-0.35554701394026555,0.09569550751187222,-0.18477501608874047,-0.44331739792518243,0.2475479249594149,-0.1503125498502087,-0.2340290586502458,-0.2747369569030911,0.1804366629204862,0.07817959425404647,-0.0013578371490217385,0.42674171987976983,-0.2973460102374381,0.22229107465082987,0.3137568123568335,-0.10390338710030417,0.43888093836832875,0.4063373605670787,-0.09233364299774122,0.4263964871058059,-0.15273640385457476,0.19474721058881872,-0.25606035290110385,-0.20551175839379776,-0.13631819904455655,0.25586389467687454,-0.22887776808029403,0.2772995848394024,-0.46428070953538614,-0.4203661269845609,0.2503295229340055,0.37499826630298394,0.42981266449350164,0.21747487880105265,-0.30851660021791494,-0.4308362515231122,0.3460340563299624,-0.1348449308609181,0.41360380137081043,0.1872906020499,0.40718786152224795,-0.006696620369389649,-0.4575818245053275,-0.2806426512867114,-0.09762070549655416,
0.24516606638889404
0.3375899339837381,-0.26218917601624114,0.35985846033199004,0.46781754855423946,0.10262015977184781,-0.09043408140689144,0.20043206775214742,0.019696331856920924,-0.4291514858480262,0.45552022643543044,-0.02153632831032666,-0.09276575988308872,-0.4134838233657829,-0.18404388969311894,-0.34113777482216234,-0.15603214553787464,0.09916482528464833,0.203866012705119,-0.4063175065173336,0.29201525846740095,-0.018414172096101838,0.2000337272571209,-0.1313653687204147,-0.04282818134214514,-0.058141773740780396,-0.47238558816918047,0.46670772608059113,0.03373172273822495,-0.14832519298689023,-0.3261602997339654,0.2629299138187687,-0.23440802355910964,0.1408858168218574,0.08026207514130904,0.20753821481417978,-0.415645939722431,-0.48130901029607154,0.2100505080653658,0.18161534879582902,-0.18609313463312666,0.17427760603631554,-0.08029293072460603,-0.08415941095216012,-0.3117284433665113,-0.2193640339314848,0.21022150925733268,0.05154939463424421,0.22067734874256234,0.08176248551301452,-0.3841315401409441,-0.10627491976986975,0.2830470300558847,-0.4227448886997157,0.19855357470692664,-0.3444488422505795,0.10694815718095102,-0.16471786381075887,0.3599640900059161,0.027015789553583122,0.30144782290482164,0.26291208960959234,0.45783554149206074,-0.28668028339277984,0.39812122955509277,-0.2582297654989123,-0.4816425511792366,0.18359723699819203,-0.1202119941799516,0.3973631990870965,0.17365482215586864,0.2464355305464911,-0.37291180455112993,-0.0879858514074851,0.3214460599819309,0.22590464426470586,-0.2741998923299551,0.21420265203314176,-0.09660755610425481,0.45028668503578984,-0.3821596442289926,0.08120506969403457,-0.37068204611842637,0.4854198193707582,-0.3498240910524968,0.1772828926764623,0.436392508194963,0.04554843953193108,0.178417055114852,0.3162676045985007,-0.034464306031333464,-0.2032015500977738,-0.4843511215173346,0.28524284199947614,0.3617121493587455,0.33187219784592037,0.18209861093864294,0.3951256392496142,0.2604538364536144,0.43928487453404086,0.10752426395051257,0.034300337656215846,-0.09014165763711407,0.4164402928688917,-0.3342497932146258,-0.10693959198410735,-0.004523384770146318,-0.41692919150806773,-0.3204367472964803,0.19946481717686232,-0.11508230936877745,0.3400426087057733,-0.17577713753691554,0.26131707947720084,-0.31033848489590043,0.08825408511855687,0.17912732516457325,-0.15567304797037534,-0.2465142993876525,0.07333160343260142,0.029717702139896704,0.43311615837507966,-0.07992437795141855,-0.2459462076421695,0.40548919495984503,0.21958090075398834,0.20680148750695998,-0.39408843073906485,0.25502011756273313,-0.2577741121064132,0.3173103465114334,0.36593805258590684,-0.3947836090287252,0.46043585148313226,-0.2375057076434824,-0.3990811055091401,-0.4704905561431231,0.18925201897751415,0.2275613265423228,0.13832045952365896,0.2585339425436467,0.24307305106110583,0.22234817952787927,0.3377490075736834,0.3068510803911352,0.3408009743925542,-0.01732054305327964,0.40048189004575463,0.060572290080870256,-0.18969562732606365,0.05249092972596056,-0.08441316527882997,-0.12672315447044563,0.39667294559742183,-0.03040081187588295,-0.37662652634636995,0.3514066363976205,0.026588730959342485,0.0024135497231478555,-0.05960352626571455,0.17535984955374867,0.21024094268197285,-0.059449206687396866,0.13495717665662094,0.49879424104044734,0.3725629851099008,-0.47077336999557406,0.16802671432242894,-0.3038093791995191,0.2971721044732871,0.25546242751960335,0.12174023831408537,-0.012484641145682067,0.03924278211759111,-0.15644030415451632,-0.17391142302722556,0.25885986777842096,0.11764766904370144,-0.0020416435132788514,-0.23584012126983572,0.21922486890111476,-0.46794950523543377,-0.35649004561411257,-0.4127390134494814,-0.11384496300837316,0.167237591347201,0.15635966325581357,-0.3965259834352055,0.2767200938407314,0.44482575866237284,-0.14695348384024404,0.4166809091521616,0.09537623549836244,-0.33841379923189396,0.311093698925902,0.4878148708381195,0.1565315355058396,0.3139753233599949,-0.0687234392990907,-0.2339257006397351,0.2571781489416387,-0.14993469000860055,-0.48008163089894784,-0.3049386437447168,0.22374243656300646,-0.2870816299766147,-0.43102058707372626,-0.16271605944719775,-0.1026558873242121,
-0.3538702905093988
0.3452817830464897,0.0831065260301066,-0.10417525632701417,-9.52068146230966E-5,-0.158357557927119,-0.10921569023960402,0.07315154994298888,0.29442491791391884,0.1968492699516136,0.34676031267201735,-0.2087445732698364,0.36093803240787453,0.11763970154399032,-0.19666555964729768,0.18599006017882327,0.29537101081730144,0.4796653771379745,-0.22187077022003263,-0.10481074617327275,0.1071697111578224,0.33518664432297585,0.39686723084920666,-0.09517292470287524,-0.41819256938060323,0.16767714960825866,0.056268471117207224,0.42554837928758726,0.31500066688748823,0.39589473190592955,0.1889621107962189,0.013335178195016416,0.2504750941441365,-0.1942096274007889,-0.0244668028173029,0.4639512786334464,0.2809339998311032,-0.20031864667963264,-0.40028466293711396,0.3654146644171862,-0.008629788213926648,0.09967799759671674,0.1787671251036044,-0.4251506106068019,0.4197180152252237,-0.19130772786645775,-0.1931995693119762,0.30152798832174943,-0.21133443293156304,-0.45288256575709174,0.2535561265098699,-0.07406716780297624,-0.4736591003685884,-0.28561571716928713,-0.27123430451763975,0.15954239334911538,-0.4694338751035786,-0.2057865077361478,-0.21618703582289764,-0.33933367702122164,-0.4427822606002466,0.02229313347967107,-0.14040882401064655,-0.23894703910957457,-0.18367905563528206,-0.3346462033675862,0.20934577082872333,-0.47062654217648736,0.345000578003013,-0.37739043927074456,-0.07373036914304672,2.2667978786060513E-4,0.4930120901376822,0.05369677182904955,-0.41215554651501396,0.031097687961714495,-0.09557140935206761,0.2616567382345242,-0.4076021666160534,-0.08525851386207935,-0.2918397102198861,0.11517277538300423,-0.39192705605695766,-0.4292465035478529,0.24033547789014534,-0.118814418842167,-0.3196163065889611,-0.13237378921083107,-0.4868271589884906,0.45717536303229156,0.4517551121594007,0.38538166335118595,-0.18217304694145917,-0.3581867202725679,-0.3650747763951915,-0.28109237803874065,0.30279006480940596,0.26334845290288567,0.3518109858439127,0.24341469689942621,0.10478518007106645,-0.30298895281661686,0.2004179133500387,0.11597093295111997,-0.37431344069040984,-0.4541237523825886,-0.0554008664617329,0.17085886960937038,-0.1531440807365879,0.03404741389257366,-0.4650536529657394,0.2815398654957061,0.15138342376909933,-0.033318430025093694,-0.23617821256709645,-0.29170110046803044,-0.014925082562322445,-0.051706552156649745,0.23351674169852135,-0.07181744319928203,-0.1713721807015854,-0.08106058104204723,0.47374877926210834,0.4526317528388376,0.37628975423769284,-0.03270408707345094,-0.01681361760055203,0.17824976588309474,-0.47960389731602926,-0.18968862064302447,-0.31058354425076495,-0.11256441435380267,-0.2734667734271793,0.29102482716990163,-0.17725379442664632,-0.38184883195206687,-0.34932331605942013,-0.26069213686859305,0.4814581610319999,-0.24411969133217246,0.39750472906610423,0.0647016036959063,0.22961302283758203,-0.1341234119717892,-0.35181108902980596,0.0061836295329023554,-0.08677788273642924,0.480085740469095,-0.0036842206963453384,0.05061393109633907,-0.49341271465738434,0.2806679531576206,0.22219427352748158,0.1497736440668256,0.20783320886297954,0.38083395956917343,-0.09134401060090265,-0.48467628244545935,0.19113294816519247,-0.3062516820842254,-0.24444382228531644,0.45167483507582473,0.39285500079961755,-0.29845821608930156,0.18553558049581423,0.3986744863766235,0.45983558072538655,0.28901446392251096,0.35020438204052295,0.09918038333852223,-0.47979215181534773,-0.309600228122934,0.44376098759004945,0.08100415238201646,-0.24930529097711787,0.012598912630552383,0.31016060703592707,0.44837276656907166,-0.1910001626637727,0.24458399375153064,-0.3097006690774611,0.3149697679801208,0.07590724348077253,0.14020792184831735,0.09728138710969984,0.07878172482378513,0.30892649754761436,-0.12955315886139604,0.23068878560955677,0.1383902652410334,-0.2522024017875143,-0.11885830177693553,0.04487435626179006,-0.4189866983545617,-0.06810452016736397,-0.03640701831929536,0.07165002226404431,-0.1654864928842937,0.4905511394331661,0.1479027933190096,0.36434452062509437,0.2687564473264755,-0.05046718011934823,-0.3372530126390255,0.4780559961466637,0.2561139050813932,0.16040709782254028,-0.12970071950079418,0.2300263145727073,
0.24881427668194153
0.295342588850356,-0.22763120048025037,-0.4143620364279114,0.07088269033831715,-0.46167493509667157,0.473997088073674,-0.03117385574421798,-0.4140737074836837,0.32381383849221895,-0.43697912865204497,0.2834778472418053,-0.20042593290221986,-0.029275858215750114,0.4575304637185943,-0.3079981828859816,0.3959611794860182,-0.2671403819863341,0.3107419498607181,-0.3625963215683312,-0.42920650766266066,-0.3052330266774207,0.054040058115181075,-0.2296281558094407,0.18779062615974706,-0.05500149061664299,0.029387296404526825,-0.29154265816111347,0.10862438707823642,0.26005127491592783,-0.44345734062897496,0.12339046461450409,-0.17657656666480084,0.13445586317070962,-0.26282033054576714,-0.4798799937004159,0.3573186942545728,0.3680097031784637,-0.22614196684798474,0.2103171662787687,-0.20977954173695726,-0.42611028658557776,0.08800319001159126,0.4068066416388049,-0.3650236737144054,-0.08003315935661462,-0.43052741430049263,0.07226948958834353,-0.25806699505549974,0.12392191586225709,0.3487980852489209,0.13391345773632543,0.36243205629341463,0.22992547594405663,-0.40284460184537213,-0.05004017264801654,-0.5012522440326014,-0.02317743825313309,-0.013238210769833818,0.4571476837252048,-0.30993030300173513,-0.37063530320502874,-0.3887108600688462,0.25900427690970834,-0.0592329281211922,-0.010274803716867058,0.36192828047868303,0.024785458131172642,-0.41606651329423366,-0.06765378401311509,-0.01772033047988409,-0.03940900266516213,0.4913762203184287,0.2123922134651329,0.28403442210312996,-0.21298828628074887,0.19062672347191642,0.48656068456713025,0.29544916817397376,-0.38823349622281117,0.13021431368585232,0.45472840840161205,0.4359065192066585,0.3211392588761606,-0.45364186084478136,-0.2181127135181388,0.16239281644346001,-0.36937323786261606,0.12739753861025802,-0.007949299879165856,-0.08248660495014873,-0.2669391354368978,-0.053306229256609564,-0.16071208757900526,-0.37629522368920837,-0.4384307764639713,-0.05959860915331207,-0.24422942870347122,0.4145922348614663,0.04509053541826434,-0.4565792163288343,-0.1473081721193438,-0.22801959232130978,0.3757623142956515,-0.03499241013304647,-0.39285465706196027,-0.2542465798859908,0.23035001320293222,-0.015070741464209763,-0.19347238154922045,0.4740003552992004,0.09198834953574717,0.08172224520813651,-0.4582455047798116,-0.2080293903912366,0.3038572350628799,0.16651826926684085,0.04155799206657827,0.321003144328939,0.25301619983436635,0.18907149273905652,-0.07764258673349103,0.06236232744023805,0.1304724595228842,0.40703270374135186,-0.008325577602873217,0.18595238998140803,0.042660103739643226,0.16518091213745265,0.08778867220365646,0.40017136633862965,-0.1401414184795984,-0.3817634038928657,-0.4356927496372271,0.016704790076522622,0.07868069481441217,-0.05095534683445947,-0.06445282675459567,-0.4171519943099264,0.14861201249779907,0.283329861389733,-0.1128921520250489,-0.25601461406265674,0.1666845689420364,-0.31710902308252104,0.3257354164875161,-0.17985622258369807,-0.420279941736639,0.31101413459057375,0.39355910969062985,0.43307619337924114,-0.44982139786228975,0.10705014707705138,0.4040050359072523,0.40412148844080614,-0.060498747403084266,0.0815142099709287,0.4701701527686751,0.05812421985472836,0.44193544145079283,-0.3512690175217749,0.19116509831573422,0.01498809136213251,0.2621848847840402,0.2509613862264031,0.1379120208115556,-0.47202424818986605,-0.1281739411724314,-0.1038875693099677,0.03710903098659589,0.4366565218433713,-0.19771408171564467,0.1305446842552543,0.49055026452913625,-0.1575575410691296,0.13627609599379828,0.39915624295045277,-0.2132831489276247,-0.3140570919260702,0.3449315610696631,-0.29316334699275665,-0.13746942449030844,-0.4920940167353904,0.38450180826994146,-0.011452792971725034,-0.24461140121482208,-0.19069491545194908,-0.48570421830506344,-0.3803004859506052,-0.0509257812470212,-0.40883277699928805,0.1266820150035771,0.054166891677741566,-0.138134613317392,-0.14897089391102727,-0.009702139725399597,-0.3358217812255357,0.3511388213521682,0.040446345595970476,-0.30077739786059093,0.47450753062831935,-0.4840055486767621,-0.2532305366049576,-0.20627842609907046,-0.3672134213296426,0.2679015089486588,0.152440120004619,-0.027730797699747258,0.1384320221261129,
0.24471096087718014
0.14845522198791214,0.0519596049331696,-0.4332740705905296,0.31147004728378624,0.3165208919700923,-0.1633310739498854,0.25290899419318275,0.20662363029222275,0.4223754485512697,-0.1061564930719567,-0.27984503997176596,-0.34522569367018413,0.40237912199788195,0.2438756200030435,-0.134782197221991,-0.22087378276350833,0.3526961564352329,0.41087239515021595,-0.16715324644626095,0.012461790079738798,0.4498931382302313,-0.139001957091323,0.32182609505917764,0.09618912032678038,0.27026714480617875,-0.1870708437555736,0.4926360555404343,0.14543461798652227,-0.4964198665011516,-0.40570028110252154,-0.43281248803285177,0.09921941958928154,-0.3686273935774606,0.20745096417795664,-0.32419605440877824,-0.1196647927480314,-0.25625951774578587,-0.46500220575250156,-0.5008775438628865,0.3694867957036833,0.29676371627676107,-0.34044585327448856,-0.22290203316433324,-0.13605037318633975,0.287682133609691,0.10900742252237665,-0.18588864689421727,0.034879360424776434,0.010306331116423623,0.4390933256472355,-0.30656210869114836,-0.4780666198074725,0.28800316205253157,0.4647173760712943,0.035328319005040826,0.2135309261135396,-0.16221445282511385,-0.37978401733503303,-0.21930865515317247,-0.052114542961975846,0.20923821789469507,0.3840414055253109,-0.3364337764435728,-0.15975639450813142,-0.4365058208823684,0.43855476689099077,-0.2525836144374906,-0.3073404299920219,0.40996822601721034,0.2522141184547885,-0.35656167592177684,-0.02513848485392619,0.30234264077825185,0.06929488317683057,-0.19650535567184071,-0.3217582118055243,0.41034000647053087,-0.12861712722653576,-0.4140561480194153,-0.06026950881641471,-0.16989416397061233,-0.26476984141212795,-0.3704463049630717,-0.2917122881476924,0.4735644465213609,0.15316714009083152,0.43884875160150155,-0.11602330845768578,0.38589902847694896,0.3051145344710711,-0.016342511620693098,0.29805661841304903,0.3803468146196621,-0.024658812096194326,-0.4537126910184734,-0.3777396442671977,-0.04921084506149512,-0.20753481495326911,0.011670998377128344,-0.20360118482533976,-0.47484469687019165,-0.26220327699445517,0.2889914102783259,-0.1543392568011708,0.25644741064214976,0.4149736310933219,-0.42229442263041345,0.022452348374813837,-0.286765617866589,0.4029413524530063,-0.25344646750254013,0.05234885635279171,0.027749697766535387,0.12468081868827284,0.18105104203396968,-0.1102943308837568,0.2872689989936779,0.0556896311309408,0.0731295282376107,-0.2042960230779627,0.21323113033682237,-0.2309271033477386,0.2760007849699801,-0.2599179294237542,0.462605826009234,0.2682023659894111,-0.4720123128937124,0.09753010757244988,0.20730062830374338,0.2932533571860321,0.0609764336191625,0.36070245971569154,-6.214838241629084E-5,-0.19546910616152804,0.3523102472629058,0.12402907015177658,0.3181222781082173,-0.35665170430096,0.05335770284785854,-0.09401743150768234,-0.4056411323465668,0.45032224864626996,-0.06634640612385286,0.4721859278358826,-0.014930887420872035,0.28130078959513455,0.01642437274712808,0.19772077291292253,-0.3903065596831076,0.0027417191573231125,-0.05052667459692964,-0.33577652493013205,-0.500343766664114,0.4712105634186123,0.0548162391436908,0.12583316882156556,0.03700938674335583,-0.2942310860570367,0.43112061074134894,-0.30221841075290895,0.23385887638921607,-0.25262450108053264,-0.05508267982512552,0.12239160337186043,-0.19378169242282042,-0.33397636646499335,-0.06028404889305097,-0.2505218343337077,-0.3702777676466981,0.22419091157199597,0.01657069541281634,-0.06837877087593876,-0.17032894412007785,0.034277659304023794,0.2953065387205919,0.3795075116662551,0.4541688827327685,-0.34193692985080454,0.15253014913219384,0.14851391301437697,0.4066538194351273,-0.012191010298670008,-0.4492861746558074,-0.1650674286991385,0.07291029861933777,0.42149309695392395,-0.27794510265080247,0.24871344873903192,-0.1323085639898999,-0.2012454335292058,0.15147694885827476,0.29932743014879065,-0.25263146106674955,-0.20051253546101125,-0.48494646702690997,0.08232919537312737,-0.4124357778662801,-0.47638237343115114,0.4732987873837375,0.18642586812360104,0.2085144827852594,0.2684515766944045,-0.006816315235054098,0.054333859798880585,-0.2540558622614641,0.09908643020391776,0.17840066911854321,-0.17456721014195045,
0.11007286105447839
-0.3353746952331617,0.4212325356931456,0.4611456047023267,0.46147001829640993,-0.12366734010072256,0.07909103805575131,0.13273727056037238,0.42208236237218066,0.42180935886430826,-0.28533625656307204,-0.27463915979901043,0.19768921376395146,-0.10223220777999628,0.469568374222896,0.1360141026048159,-0.1421876897608351,0.2360053630949161,0.01754793446621882,0.44959773636929723,-0.48255036965425513,0.4011980090095076,0.06477758924763216,0.3996107485327443,0.08615392557219907,-0.10570795687874608,0.4038370859010318,-0.41210005305909736,-0.3585241919763894,0.4098055457094288,0.06496541354617448,-0.23023163588892778,-0.24015554624256993,0.11114769916817113,0.20227162174297686,0.14191442983994007,0.37354153537729706,0.3803963768654346,-0.029353414661845652,-0.022910225010680903,-0.02232110633944145,-0.4325170543235186,-0.20484063394719423,0.13778389168304325,0.305148398485411,0.22608415353349062,0.12248343659165706,-0.027380247829284107,-0.09424481331074375,-0.45080018443026615,-0.05369965179092299,-0.1537413427873562,0.41807124110134,0.2405566091407397,0.14997565999716497,0.09016675381228012,-0.2911711555141637,-0.14618418541075753,-0.020164469039239682,0.47237379724867157,0.4675661431458198,-0.2895891847862564,-0.2306324804533262,0.37998609429164343,0.291347714490214,-0.13244369463538644,0.371407218381654,-0.21593553441268667,-0.22820205361463267,0.24949703845588975,-0.37646343457896536,-0.286295891787414,-0.39452645335571523,-0.022084727884042196,-0.4286662195486092,0.40463014900427796,0.28864107557407803,0.14151755192485735,0.1047789077301734,-0.4926506770176279,-0.4711857848365337,-0.26982665828011376,0.1250328865800275,-0.25912563450832715,0.1079443301092129,0.22557912480351158,0.35197219020789083,0.16026478719021317,-0.43405239728152367,0.38827368019363695,0.40727545829489453,-0.23029619963087092,-0.26170976330184503,0.10993134416505479,-0.13647805069460653,-0.4424419434651373,-0.12235697660759803,-0.18978804192235013,-0.4633236363275359,0.1558432125168848,-0.18284474895326866,-0.25095256653805076,0.41749818034064834,0.23374502985058962,0.39168685426488103,-0.20190307535104948,0.2868281182415181,0.42332226788954386,0.12337730891966281,-0.3307965088645357,0.24036789300540415,0.04524395071480466,-7.817554620552625E-4,0.3330374640708039,0.06048405452482517,0.1533906549096252,0.020836366382576302,0.37771250860169825,-0.38426970837765273,0.44937556602113526,0.09048151990112308,0.3550126659603249,0.2431969492741923,0.4315176165478791,-0.28774501162998367,-0.2590304843061624,0.37446045931187844,-0.2624738928215288,-0.06609893090590459,-0.0021190302560424095,-0.4971806007974573,0.016132141931117065,-0.06797550127118412,0.3664638775404532,-0.04233193029773644,-0.1798709966368133,-0.34761440886516703,0.4396848631286222,-0.14872753674066433,-0.04823960813158049,-0.0430365545923708,0.2739152325206796,-0.006122555073269773,0.4111216572092027,-0.1992327407966216,-0.22159299220609488,-0.4650115177269224,-0.4007840321627607,0.06391430372391171,0.390689162331191,-0.4181652838682136,-0.2904663382504,-0.2017174321094153,-0.4066655113003079,0.0704344971500398,0.30549997880003366,-0.18691502978660748,-0.3433510428539631,-0.2796510359664256,-0.07413744197370142,-0.2799990065032689,0.10218724637946697,-0.008877592579321776,0.1860667165583146,-0.21395897785262333,-0.2264004256451945,-0.42342679249464565,0.2508934600275411,0.20110736237134882,0.07416657650014125,0.12251237327929103,-0.2578888584936576,-0.34274492084378083,-0.11551979398580503,-0.4658684857640525,0.11461874322744448,0.4579449137957514,-0.09091919340942389,0.45121537194057615,0.2855349506162709,-0.271880318371544,-0.28253840924850515,0.21249873474156186,-0.1670858244589635,-0.32027557659119466,-0.45729658417840324,-0.09509862579450512,0.3942467366127498,0.30232965724543814,-0.01989558180029832,-0.1009613654181658,-0.010372543998684647,0.2948064109299763,0.08852058107956773,-0.3906806126636456,-0.12954689297349967,-0.4684595575248488,0.03873487974633657,0.08510733584463392,0.15173589014905584,-0.13453779203781704,0.3760240783181349,0.438835450153935,-0.0754032287261891,-0.3897914982516191,0.16819400424859318,0.04762759688111625,-0.23477115293331888,-0.3849797683741786,
0.005688875246410552
-0.060449957518356315,-0.42965734349113854,0.46106423817541403,-0.08013972451276952,-0.32010549422009715,0.342150465904924,-0.1465182993872483,0.1236935080516949,-0.13664235029474556,0.3745952073049843,0.21285651920589957,0.31444010951666457,-0.06291316213283399,0.2075606852766524,-0.26918779695929507,0.1572555482851549,0.08187526421135048,0.23960891018956484,0.2994705021885985,0.09906006474317117,-0.21592463238278276,-0.39087385111998474,0.26432574068210696,-0.4735205075252217,0.411779709736308,-0.3481081596709633,-0.22164624593863322,0.06582874208828746,0.31265841218835955,-0.2519982738005082,0.37591797782128905,-0.1966437523801359,-0.3493546592263014,-0.39405875233890286,0.22551298594975625,0.20261416433857185,0.4410665721014797,0.06452130262649637,0.40778397376879716,-0.19722225705378169,0.028470840271839874,0.31424756214462146,0.4795367149381756,0.3499638448382223,-0.4639470136970415,0.017897827950803073,-0.47393803519446964,-0.11781608259294164,-0.32252846533792023,0.20843623336931674,-0.10751673924406059,0.4302873340076858,-0.32712711482070567,-0.019479046133103257,-0.21797582524903222,0.4142929049657097,-0.08400735251721571,-0.05958483829237168,-0.04391949833981505,-0.47638284980176215,0.4701038600423044,0.09582509082936984,-0.15998275822765537,-0.14683704443230447,0.43174139424190805,0.36855685807481553,0.44145866795646027,0.33411739539490826,-0.30554086351559884,0.19511087917362938,-0.37837027425065906,0.046159233186150075,-0.3307086338100057,-0.2561914733443379,0.4253454436871381,-0.17312187148040167,0.07425358753851795,0.12177253106810358,0.37153461368158325,-0.2954411496146713,-0.007868237617454065,-0.4289404868062071,-0.16627769172072457,0.0720860777795753,0.013973742230382493,0.06046899974721705,-0.10131397791820652,0.1925760642145277,0.4351097879356437,-0.13196967008135338,0.38153794770234195,-0.4185563614396116,0.1511940624193179,-0.28110478299688324,-0.0032239006206147684,0.04496429629929606,0.11367232301383477,-0.20565982204649289,0.037385254113330595,-0.3280072156599132,-0.05275442802238843,0.4598098373541457,0.29785837350334143,-0.12664898212676398,-0.3936868056677446,-0.12659128541871176,0.3920476469308878,-0.3574999699117488,-0.24695670138735842,-0.2690247395185019,0.06304391274768778,-0.42853821736199504,-0.12336779413418401,0.27984885955167116,-0.4401783857047211,-0.2024413788588801,0.041478530425429885,0.3906669738491183,-0.33582350706564035,-0.020610395343123818,-0.4485877469030459,-0.08499378355708788,0.4915210364925472,-0.39543577142241726,-0.25221773444657647,-0.2235925567942125,-0.2396070472879351,0.4170661653351663,-0.37887921074657116,0.24330194051483925,-0.17192984695308308,-0.48127941514256734,-0.09073367362231223,-0.3854181463450369,0.4234751758753278,-0.2529091991763224,-0.1207581736933245,0.11203505374941823,-0.32640894456541814,0.26123097566840137,0.04584779393615586,0.11859104074976555,-0.28410037822816325,-0.12292637276137779,-0.33315522356480876,0.027300449919468887,-0.08310793206592683,-0.4141679410038187,-0.027236266788166923,-0.1268013613725176,0.4754911481561581,-0.13835082028259446,-0.26120367582629134,-0.39132120845216445,-0.019736795959713012,-0.18117364795307608,-0.013118112710586242,0.3527279560041874,0.31058683149116706,0.014316691735431111,0.31802155299669355,0.1953548172687836,0.1244851429136261,-0.2922306123498728,-0.38198608383147425,0.17076552508729306,0.05961638749399707,-0.31073687006672335,-0.3457790438590861,-0.17368007382199854,-0.3110423176767453,0.36396779881468855,0.3866372680088338,0.4090270353927651,0.2190053514135706,-0.35667431542600303,-0.34655125669771036,0.06731566944157369,-0.10414583528977807,0.3339449514645113,0.25943207233084287,-0.37695781225761604,0.09330734516480475,0.1382493465921424,0.3949596765089889,0.4071740530032115,0.0972079743903269,0.0850299295408977,-0.2559608794041951,0.37231467961697184,-0.32852864016136485,0.19339636821184883,-0.3982699967319696,0.19621115500037947,-0.40616253903856636,0.44022629133235613,-0.18555462415737298,0.37261346226022096,0.48315083519842517,-0.35093644152955117,0.3810589379764445,0.34933013309181915,0.4050154837926937,-0.2524829803826112,0.10840311405821133,-0.3819483181255321,-0.0610397811873332,-0.04943625876150852,
-0.1869644766658262
0.27826265272082384,-0.39048376117650785,-0.1893971005707691,0.07999820662676889,0.06254421935295641,-0.09969917734494899,-0.19479626117126306,0.11533609128076015,-0.1747449237688472,0.18691869056560362,-0.08460042926699377,0.09886843117149499,-0.24319716912266215,-0.46729316632702633,0.17053307322524408,-0.26020907884566374,0.04573170673015816,0.3619830449240686,0.36379496616770907,-0.4389496872559004,0.41690252443693987,-0.4296565462796098,0.11321479830150494,0.19252570219762136,0.23139666912584606,0.0014224040117863956,0.4660339091015617,-0.37632536472613853,-0.06516316569598865,-0.3337919135774732,-0.38977632498096176,-0.28706616586135264,-0.4825467628204544,-0.43867996511908036,-0.09912391056649801,0.12429989947206921,0.3062406932437384,0.4512301922315258,0.33098657645052904,0.25883971776668596,-0.15012128111628797,-0.4813023980853481,-0.22023370495925354,-0.31970679783609884,-0.1281305212044901,0.36040805170036755,-0.14103005739145513,-0.003488574651905571,0.2759747499404795,0.4055281407553348,-0.05865173559779804,0.14942809319075934,-0.03782526165237334,0.47020516772664794,0.005927905831720571,-0.406713993278686,-0.21924116890979406,-0.17472670709894145,0.262368797992712,-0.10514739561620381,0.29403926137162234,-0.1490414758970291,0.1274956036928474,-0.12317367308551766,0.14196303199905014,0.07988287152218274,0.018632830385281008,-0.4562776657144783,-0.28497861942892083,0.18845647131449594,-0.3987742325315958,-0.32106015690181816,-0.47366677854392397,0.28678608591312676,-0.41766989639934665,0.18237780560602135,0.14450537885713344,-0.321483084647396,-0.12309451362092264,-0.07012113384811072,-0.20015125279875212,0.1145644976266382,-0.00955111473205086,0.17894690467756114,-0.1912434602842068,0.44848158243846,-0.24064394017712276,0.31959628644325505,-0.2254731704677625,-0.48375538577908245,0.1695006642988124,0.07485571212844663,0.11763870634563842,0.009533457916711896,-0.16612827125036334,0.09236341225138675,-0.13553261001031358,0.08911640862909995,-0.14828763040486825,0.2366545315325651,-0.21934938337916543,0.4937429068805555,0.19445404962682566,-0.20884442538667713,-0.12620500617943947,-0.060016257038191266,0.4678417669664163,0.2095648834348217,0.009937478374645647,-0.3202507902900507,-0.11500215629333435,0.018212154475496,-0.11084590309416201,0.18475349884221948,-0.448227025342212,-0.035845929656958896,-0.09206611930510569,0.060983534174443764,-0.2864149545399423,-0.4718227850795264,-0.5005864170519323,0.4612690876105238,0.44204780481866907,0.47754344516512587,0.3872940959447579,0.46033978670965053,0.3500427181635049,0.22022695476668452,-0.18476285331651499,0.08429492643046285,0.3154894764323393,0.34055653419661686,0.22076657600544836,-0.05480080684464863,-0.13307853635298428,-0.15440987094155434,0.011175665376582988,-0.278441857769314,-0.161925153379318,0.3322134526112301,0.06866818336414246,0.0467154762476226,0.134050605947851,0.4968678837119119,0.3629376002715274,-0.28024664809395755,-0.031788554925906494,0.15297760709730013,-0.4183849127965072,-0.4627337657163844,-0.27317394449691584,0.19555911258142922,0.0024942184589127306,0.4594174885167794,-0.30242450422640405,-0.24183866034040902,-0.07383399332282661,0.26997741060312136,0.2583875987043653,0.14419767245335602,-0.1363248670599112,0.36758015683236084,-0.2353327519918429,-0.017103783343289554,0.33103442605410466,-0.16577369815647558,0.2958413778868692,0.45950757168211226,-0.4590888176848425,0.4670963165943765,-0.3737601320904567,0.40007474375349333,-0.4984740517967306,0.03103028518475974,0.27068417991579713,0.45298259463555085,0.033780259635802425,-0.4084328133726605,0.2217581156498899,-0.39733060287687777,-1.430880868857708E-4,0.4222267795961005,0.04358558901513374,-0.22470358939068802,-0.3999872383281304,-0.3552439733892799,0.316042977568263,0.3518354610056594,-0.06098944872388714,0.45735101780446746,0.033684197319008825,-0.009050482381669086,0.18961273751916508,-0.46659552642578866,0.4552587093391716,0.28220358430952236,-0.41221279738805644,-0.06788213329760354,0.07255442797912856,0.3995592857920271,0.18275092350985522,-0.34764366420127585,-0.17860169701284323,0.10576880713287903,-0.2652955875230641,-0.21758613686668604,0.39299985883491867,0.1701992794181174,
-0.20743837223001188
0.056867905540741365,-0.47358933497413835,-0.4883068360709344,-0.085600375319463,0.4734958094245887,0.418845116913586,0.1109012334225061,-0.35780047922110303,-0.33597960698851925,0.0940403588275882,0.1668718415060858,-0.19295650337123507,0.4525994872788557,0.2286044550378993,-0.3953959598794127,0.10944020258406228,0.20865994755258277,0.26133312247246776,-0.3961150937526529,-0.4945997930559974,-0.4884989578454785,-0.04945011507509142,-0.38111418174338874,-0.337597661345821,-0.3040150573166761,0.2477676126671777,-0.1968309715880822,0.35968726354084984,-0.06728830829958378,0.3611266502993078,-0.2716319913748904,-0.38259008277945644,-0.40742717783028143,0.14017165829300873,-0.2288748306151007,-0.3887692231875972,-0.22098193343517963,0.46096992967258565,-0.4306426952003949,0.4967411920409952,0.0801763401252412,0.12491127818825541,-0.4960583837965004,0.1086775261941667,-0.21811864065240616,-0.1149547603483786,0.24714068586874416,0.12801266203880574,0.018685299908595365,-0.3824079617945819,0.04183473186876109,-0.28052373953190357,-0.40643514376744605,0.3191666122066066,-0.48020978814248216,-0.1741354585893553,0.48786183833112895,-0.4304965014611508,-0.4488382636469628,0.27868065445428614,0.40522842846470897,0.3332940828323059,-0.17177460106558662,-0.3656228408708321,0.04530217622505363,0.4915474729875783,-0.37033774674476017,0.1778814979458042,0.18673108927679494,0.29073806126052226,0.48612635962942186,-0.1514378885324157,0.07420799719160152,-0.022895938243079703,0.27349465437801024,-0.06148096793691963,0.050462952017588006,0.24381325681287946,-0.40288977082054955,0.289059638329071,-0.14829891728415645,-0.23968643900258224,0.19849565557730198,0.36844674222132046,0.4937625016796594,-0.023962409771940894,-0.48457475020246266,0.052482777612567935,0.2163199741832731,-0.4052680922843832,0.4569109781049707,0.14922014508350967,-0.4762808197082482,-0.3989667534311149,-0.08343038421697781,-0.28993507956535447,-0.036394953334507915,0.48751587030081966,-0.4589965722845918,-0.04823299208269581,-0.08173248355653452,0.3782851350921854,-0.2057595275188865,0.17726682750906753,0.348678159549897,0.07429436254997034,0.4149447475321225,0.4280952040807855,0.12747897333049765,-0.34408611166497693,-0.04997983544180849,-0.27300072498166017,0.32472327633116016,0.1698819200716204,0.1663973957796998,-0.3233056773198496,-0.43104223206024206,0.10061918039046035,-0.20779492555259282,-0.13088230424735592,0.3962740919796154,-0.22000924579598924,0.2191925075195622,0.029287422388866693,0.32124697732367213,-0.3750505092020813,-0.489815861019829,0.06884512541144537,0.21621521666653443,0.10909774270309623,0.2985102734512386,0.25658906982324203,0.46915117713235543,-0.3279448703479366,-0.059227130654007,-0.4732204409271047,0.3054027530956701,0.34962213903627026,-0.410030982730612,-0.4592738208762427,-0.3951182132079788,-0.23191986373481144,-0.30709104343224747,0.49314199047347373,-0.47618902731664703,0.28757093323227534,-0.21597075810894295,-0.18802264644725397,0.23893141865237466,0.5023497254259346,0.34711627856215566,-0.16107848522573254,0.1721109948916013,0.009807415155105845,-0.052881141011656294,0.297487744946729,0.12458357685457976,0.34550936297628276,-0.20385701880945162,-0.1434264188079417,-0.147412130517242,0.24809977629482027,0.4108858348880545,0.3796147965580442,-0.25003636183569966,-0.034228205428487354,0.043180218401686746,-0.4870722312790783,0.46830233107875807,0.1451056362191946,0.12098453432859578,0.11156205648711014,0.5015379001054598,-0.04657191300572759,0.024067693258476654,-0.3730387467210937,-0.010596664779351938,0.4774487709855878,0.13680206219096147,-0.012043535506957888,0.25296632316563916,0.11377931136098406,0.2698922645750568,-0.30490578715446315,-0.1345021237205175,-0.37895543704368606,0.22353071333083763,-0.1819741103978666,0.3832157300565643,-0.26135534808041017,0.4763859323197246,0.33666359969521276,0.21298399524872114,-0.206169871058125,-0.27200710231620406,-0.2009669112885215,0.47783943897860715,-0.4833974078704403,0.29652922064092213,-0.4177688089839755,0.1562536193301889,0.3610554896532002,0.17962476252931125,0.13762209619762555,0.21732969899152466,-0.007878792408259715,-0.07723342285447178,0.4773825034811957,
0.4125781886144375
0.24241898502537096,0.31223639451986074,-0.17924384482991348,0.21066882994156858,-0.2623903441133612,0.2794642319006457,-0.27158758789325843,-0.22253667678196726,-0.32032244154907413,0.4208367799546154,0.3581084899731071,-0.24918944647651242,-0.37621778764774066,-0.13518623489229853,0.3387392313394531,0.2911898545611665,-0.02761490098994998,0.31920272811629036,-0.33613059488235875,-0.17955485417777256,-0.08429622114675718,-0.36689581674871113,-0.47692880523695635,0.40833278972111553,-0.14211913627187395,0.22761026193845346,0.32023160262658984,-0.2603464213767312,0.004467284026697463,0.37144551771041734,0.2766009027293965,-0.1814753163665862,-0.33164518480777894,0.38257832249868085,-0.085977701742296,0.3100420743892136,0.023018257488327327,0.48742837862875904,0.4046825241119211,0.2174651630436902,0.4957555378412665,0.25503726839092833,0.243530038836388,0.404861281476456,-0.28995763476435193,0.22253555050231763,-0.05453309778971941,0.33539240367139317,-0.07593731455812582,-0.41012535594939065,-0.4879906054614143,0.27805601831334675,0.1968428912609562,-0.3799082210608849,0.21494180547878802,0.147072147033207,0.0959065115005263,-0.3043816503284798,-0.15456587527579027,0.08790108798663042,-0.3782194211367465,-0.18451577461287308,-0.04890909287656701,-0.0999536153094336,0.1653705414477223,-0.3132310194843047,-0.25910633155803425,0.3957945994736943,-0.2627522867322118,0.4630647679856031,0.2764751909598017,-0.16591705139313243,0.4119948849819908,-0.3866199269540858,0.2878914845193686,-0.3600260458650248,-0.08389212686911864,0.3668270872138358,0.4530327739510422,-0.27724343808879254,-0.44544871586540596,-0.3284001044127011,0.26204243369476515,-0.1605189828233682,0.21891943770476072,-0.36883536864467253,-0.3484117584081425,-0.38422529181548254,0.04925422476205917,-0.0637532000582224,0.4385580422816386,0.032075070497916,0.4319233347297618,-0.10188494777366187,0.20872761976950702,0.41095419004493333,0.40756434406257264,0.30682462778736214,-0.27682460712060103,0.19999978464161114,0.235951047445866,0.48749801664533793,0.09369545318507298,0.13475505619763237,-0.18125965936502111,-0.3916157776155695,-0.05181369965901687,-0.3124896083137762,-0.08359045640974085,-0.49364790414908805,-0.4420299679902086,0.06027761126398342,-0.387704402675281,0.03863742766244812,0.4312226600725286,0.36406740855698144,0.27449882439785517,0.24407737757452228,0.19017305059495446,0.04162935891847682,0.34551604375038764,0.4027298263749283,-0.35554541037755255,0.03710304044024357,-0.35018110196743774,0.4196898084493807,-0.15102989501113342,-0.3064323849999841,-0.44880486652094803,-0.17292172097909778,-0.40814275681528284,-0.13173327446294872,0.21452194252152276,0.09759365069140157,0.19661802250660596,0.29532427604761474,0.4307423211831059,-0.10632025381097311,-0.2577972066862226,-0.20294425032522292,-0.05083369384215045,0.33827821719594203,-0.19418445813531107,-0.45248093147698637,0.02782156294721613,0.3862976422869529,-0.38456620524808754,0.22573756337599568,-0.039571762896118,-0.0996547533657446,0.06251338928064933,-0.4389326605129606,-0.3323244678457962,0.08993168922185633,0.3700741191928328,0.46946969265060073,0.05082799761120634,-0.4397270588673637,0.337340082784997,-0.29301121895249344,-0.3027075906055446,0.3349777936666157,-0.010666376271825052,-0.2744762654508139,-0.29937384226816294,-0.13367677071638853,0.14829972621237428,0.2060231567961067,-0.18842899411695205,0.22748423685215832,-0.08643681861505616,-0.4344804402881513,-0.12795329841491745,0.39299837392980014,0.2873981027677452,-0.4130403613811397,0.5006408180588073,-0.2430899327787507,0.2167157820151616,0.2045761011916247,0.295983001824813,-0.1875471607306132,0.13385303906172794,0.39258545701915165,0.40349294421275644,0.2227924244685919,-0.325529586097895,0.05128482943500542,0.15134297499667934,0.34926742334267885,-0.37345434501534286,-0.23783914668246567,-0.3969215168279053,-0.32827142645643853,0.3216746802137002,0.2924121511377404,0.29718955538636754,0.43499108616120225,-0.3816313732242064,-0.23067431330996338,0.1480303384364152,0.28607939949243605,0.34676259989697905,-0.48376269875514094,0.4678329267083717,-0.37114273652817936,-0.41487252483984466,-0.355655233634465,
-0.039933197528078286
-0.0893094775178479,0.41570659149234684,-0.3766871741397251,0.0859309443874542,0.11594670866936634,-0.0934429892587614,0.25444849791085294,-0.46017687394365436,0.18951439943235776,-0.19645036054154646,-0.4409051664901697,-0.36583811909024944,0.37985137749705333,0.2224811002840046,-0.49807073921418343,-0.3614085088008025,-0.07202072521005927,-0.14412610716396063,-0.45340318142767955,-0.3297259865972476,-0.20982760398713296,-0.4884762794037346,0.4425118908725669,0.26928398243467516,-0.2780019590337708,-0.2730768001384305,-0.07721181807854727,-0.005203233506387506,0.271590037199306,-0.036000488963612305,0.35376616829295315,-0.47263900365854067,-0.0279641169718639,0.4194207916814611,-0.24074997884819746,-0.44107269142901373,0.2970532497958566,-0.2009168846829847,0.05799654888684752,-0.16777915093780288,-0.24880069151743883,-0.49873012906008646,-0.20085522521709825,0.05031258602697669,-0.20013562629729903,-0.47332732937579963,0.15755441014303856,0.01976445103745027,0.21596203647359263,0.09355399455066431,0.4605330506513448,0.3133927073437433,-0.18290884677920644,0.3724803646736556,0.056663449366290364,-0.05758002186369232,0.49865838814688707,-0.024031820467156472,-0.090774624293905,0.013514374334786696,-0.06980160972700085,-0.16098525153596926,-0.10091634478338436,0.11266642436066436,0.27526198992694,-0.09124175723342294,0.45572494572711514,0.205729811782199,-0.18033126035857178,-0.37501381297437447,-0.19983478943371874,0.17455245168347594,0.4485839718624734,-0.48206059243498695,-0.22026084367735216,-0.2820231660037606,0.49979461542642406,0.37583423550195777,0.002321217121854916,0.23858955358889683,-0.36127796377936267,0.341752643076292,-0.2636823580368613,-0.49104824709591827,0.050124472625669936,-0.011973035136400632,-0.1671924317471029,0.3651438547998898,0.42210540367992194,-0.11402888288676401,-0.2524994956843471,0.4108091033508526,-0.09004168851758661,0.4397886514582868,-0.4072837047102435,-0.2685173319694664,-0.4894574443631918,-0.21428711209531276,0.03338321346576262,-0.08315595245738745,0.05229890029757639,0.37091171188456856,-0.24391164134948357,0.26763206643587606,0.311677472971208,0.4214163961212543,0.18650404349101551,-0.07568584124901885,-0.39633524581063545,-0.11569048654048449,0.1080524698297071,-0.20379826584229582,-0.4377392094032219,-0.4133653482987511,-0.15653933246571067,-0.40744344203223387,-0.2738289250775859,0.29196612803243344,-0.29910403223695153,-0.0386666240092291,-0.02435767935018752,0.0553045203673736,0.45766204951232,-0.2734434551641977,-0.1717148115208969,-0.2220607205643526,-0.2430258357625184,0.48192892621611266,0.09489080484922623,0.1461474290431452,0.42712160940736593,0.34612437454706696,0.42066243962582345,0.20107279819311025,-0.10263587029356121,-0.4856852443303717,-0.20705253935989826,-0.3681423210072238,0.0811984176754275,0.35083610596761866,0.18346884917901068,-0.489925188573563,0.32516960985147253,0.1594981543453589,0.11121953183054716,-0.4092655152722709,0.2801921498498183,0.4408947181949238,0.0615970371158055,0.4936178251169208,-0.15761715691569017,0.4001724301628054,0.3780199091454252,0.04841421807629881,-0.3683014356757692,-0.2959317670796459,0.45418126274899534,-0.16188288707260629,-0.1707900679225945,0.0026266851309142184,-0.20174072272404447,-0.4926409723864043,-0.4223688475625597,-0.4711397425084644,-0.185181922339482,-0.28415646851015014,-0.43523433382272786,0.1687167212965363,-0.044203138700838196,-0.2882421118347554,-0.1441841643973158,-0.24592979986263513,0.22889888219714577,0.37602712420862644,-0.48195555966211484,-0.02694686974037187,-0.08014373370072432,0.24549673486968576,0.09006451506605821,0.2148985051951125,-0.21553952855889807,0.46160758133075913,0.4880731301754157,-0.12943695900522806,-0.10308764359492813,-0.18914655406011766,-0.4873660458438784,0.09575376492175085,-0.19704010128812172,0.02428800028988153,-0.277847617482663,-0.19041842768954492,-0.3805443701777142,0.285574440368156,0.07297602957711373,-0.25008232587297957,0.2463799436776663,0.46054815563633783,0.3910925759277996,-0.2643706768750927,-0.08695964354973636,-0.09401144214279374,0.43668591356419856,-0.10377590438546165,-0.13292868803284558,-0.15872659781516923,0.05035064981195542,-0.47896785194446606,
0.3316170488351434
0.1744818300398929,-0.37076389035370944,0.3535607075266084,-0.08257661393947902,0.35828593135301245,-0.033339420641645794,-0.39385596730691685,0.41308715425150655,0.3347054686361857,0.3240126343553687,-0.280831478575203,0.4813559423607037,-0.14359319486485236,0.43464340890713116,-0.11651916106344842,-0.08749491438829635,-0.4761232384570728,0.04058206493205314,-0.3377082271175644,-0.24386743395784988,-0.31536241031816337,0.4744168886732615,-0.3796727557260114,-0.48422134862924854,-0.06776456840067785,-0.26102332434622955,-0.2737549509828545,-0.167349443754631,0.3228230115958569,-0.47918230596600825,0.4395237668119908,-0.3424400639761471,-0.4169668558589285,-0.4198877070711235,-0.1857589592765124,-0.19301528695673628,-0.4792278380533952,-4.696101975991061E-4,-0.34293403074663503,0.23079924876559815,-0.42791202512472976,-0.15253352432640815,-0.23885695985190042,0.2807175139824359,-0.08483291662101729,-0.08955372652064604,-0.49492565376077163,-0.2389184645697175,-0.13181023312878865,0.2872877024235166,-0.34628807031176173,-0.43030159565901643,0.3489244727557473,-0.20065322080704157,0.026396149669659277,0.29027023788178913,0.019429637079704767,0.3691760785871823,-0.19110965104338612,0.1859745972124262,0.3652427773303574,-0.253045363147611,-0.32325150155333654,-0.33844072728807745,0.36555875183102865,0.22290370129307863,-0.42927766156708674,0.4107789098824231,-0.4006018353020498,0.2539413320004615,-0.08108390956858953,0.14666500735356697,-0.39750579413910897,0.25411831922348765,0.33574913811935275,0.024034606708884767,0.04060156156673931,0.15091637507297168,0.344387339200339,-0.3931925188882705,-0.20284090895895884,-0.30672070373661714,0.4671565107560977,-0.49288476360125016,0.3867130324333166,-0.08771365342778943,0.10755204757384888,-0.3711497474271956,0.20023528296227083,-0.4183337233266435,0.007811294821009043,0.28521611673314623,-0.035553003866478215,0.0028897677456805088,-0.292384118062007,0.32800524801485614,0.45448495910480474,-0.05163328500127442,0.35234336961836504,-0.1742560003114308,-0.062275786089705465,0.13631405870279806,0.4033888671570675,-0.24149129395548624,0.04629729819023574,0.18214892939094712,0.28842921848626274,-0.3408689785069287,-0.22317288778615324,-0.4261990907681645,-0.2038967966496414,0.12367464523733367,0.09811647130766969,-0.14787365763521426,0.06743351829640436,-0.3615207753043513,0.2110146644483028,-0.1573536832008236,0.3654174380664698,0.22673207666712775,-0.150592707548373,0.4811197986351771,0.41456472520915627,0.00444179404099961,0.13725274667951076,-0.49699855436980395,-0.006237190781544186,-0.14614806638418804,0.4238146465151436,0.025623646409055314,-0.3612987735813829,0.07174752419571477,0.20771675031179399,-0.15801937159135354,-0.23581188568950223,0.03077043953800426,-0.2698269450750936,0.06628213650004004,0.2520440949058094,-0.39622546554191057,0.06872222518738784,-0.376017223747184,-0.43314057949180057,0.3444148344178453,-0.40497740618048733,-0.03721757086191293,-0.24024728853908955,0.19157954733218102,0.47374000083998796,0.27613236204306685,0.2993706656092358,-0.22906233349753352,0.4742874281001405,0.4770701593451187,-0.47028040353348327,0.203788872758024,-0.2568477626407541,0.1377463545176944,-0.3039782002570824,-0.2984337226455253,0.341773079397013,-0.3812058139751597,-0.09735935135253722,0.12375767564890842,0.29340511598997615,-0.34726676904100523,0.07122021238135305,0.10767323272247102,-0.39786104794851734,-0.28311344240591,-0.04746302318280273,0.34040348226321143,0.20821506050718447,-0.36616963607027037,-0.4878379278609884,0.03647430482042111,0.12600210849710428,-0.028816194786048053,-0.44211517270002637,-0.29087993652251093,0.07448425164490584,-0.0224139485566747,0.3059496443185156,-0.12123980190094559,-0.2451713234214586,-0.012003651043463752,-0.30649058692090264,0.44917843279909314,-0.4444180990634033,0.4589924934783543,-0.3636989874863728,0.10006808020757245,-0.12673096334611883,0.05353147976519088,0.10339933361523972,0.1940206874031813,0.42464757523657,0.48467572345023485,-0.16499187233371632,0.37669950510987243,-0.10340673212331171,0.14907694841319724,-0.2354023925482503,0.26085333317495757,0.03057259869581416,-0.06645086717294842,-0.2767001283409746,0.3279904547772979,
0.13453213348257306
-0.04028954666069625,-0.19981452406054687,0.45380920503072053,0.4171855362133377,0.4617052666825367,-0.17387208801208295,0.2841212250782036,-0.16850333401674428,0.39345369578011175,-0.2354745406501774,-0.019928706471991194,-0.41876012151849057,-0.0865996307931974,-0.4924752399773006,-0.20626465081957698,-0.36953740633290727,0.33164794881202286,0.42779768362969445,0.262308851414602,-0.44105914609215163,-0.3159014238401986,0.2791279096101914,-0.2199131432467078,-0.452623486383499,-0.34015541008589373,-0.4846519381319639,-0.24088723198895873,0.3587188171663189,0.2095623552044864,-0.13772167686034362,-0.41821843678830745,0.326739192512651,-0.20255154654961618,0.026448720248292517,0.07428529528182624,-0.07241268180192008,-0.07542015581889032,-0.24655189804404168,0.2846729537457717,-0.14597361958047586,0.2460581488287061,0.05826365935959133,-0.0629227081213491,-0.3607375330519235,0.3356554205711569,0.34344423162283805,0.05126568507001628,-0.216810082400984,-0.09437594470466625,0.29130391943698913,-0.1339313732223704,0.023136725236563953,0.08324284135934203,-0.1274599384350328,0.3862379297667677,-0.1392723095853832,0.16504478333754688,-0.45207300508866805,-0.4160681132167821,-0.2925927901346396,0.12274601266458353,-0.24333749973333232,-0.4707137688976282,0.04343667238374816,0.018622623945419907,0.08275461364835714,0.49892942214814245,-0.20135134472817576,0.40311930167361704,0.0699385317664404,0.4169649603635313,-0.24203276680438304,-0.2862362230952557,-0.4840354508372912,-0.1801423123884394,0.17067971473737106,-0.3280006475642279,0.21869971981130173,-0.09517531596123262,-0.10032785903697948,-0.31666295721533416,-0.4306626417386176,0.12074560673522829,0.3853173056439872,0.2862682933696136,0.09211030000261856,0.19127183165192738,0.4184304099139074,-0.2333322117224839,0.015254895154186189,0.42172690405933916,0.21768432625037146,0.15695513721212248,0.22457509997999534,-0.36544429640583415,-0.4108971806289848,-0.026926495434652316,0.4988065831699751,0.1024933478073833,0.008726789387766755,0.20738188121217335,-0.24491663249785625,0.404289145148284,0.31427483090741654,0.29184707349680933,0.14316005479154312,0.21473462769953575,0.31759660101476733,-0.026539478927913314,0.21864509664858808,-0.341090708869696,0.05694328994203602,0.3025939345890361,0.09835191018002966,0.009971311414947039,-0.4034434866810854,0.22504707665707388,0.4549755967250309,0.19048444657180683,0.25080351038087284,-0.41017030767870605,0.44365554017779224,-0.25081280714164367,-0.13893700398333866,-0.26274082174753505,0.16958511016301944,-0.27172675290236287,0.2857923611582109,0.2157440810635449,0.10368141378328245,0.11066714049527494,-0.42231606448090625,-0.4093369195794398,-0.06757060463985075,0.34244282752414373,0.41654421405388103,-0.24496225484971682,-0.3116331419566349,-0.2375532038359506,0.24250673425162914,-0.3707632658066174,-0.3507225674491015,-0.3606483121528376,0.19141560260884613,-0.3542619728856791,0.41701109543495957,-0.08421973011805249,0.37269360803641555,-0.04498516319279621,-0.20904710863936773,-0.3101962607242577,0.24973501193090072,-0.14010005408063922,-0.46348799211204456,-0.07396772208885714,-0.11615999599710845,-0.41167765184586275,-0.08439466813158557,-0.11831996840590407,-0.41506594100530897,0.148098804075222,-0.10603925730141915,0.2574007280407192,0.0757924675486873,-0.3274973609742184,0.26916723393873704,0.13835387709800548,-0.3787838520482017,0.3616204043088522,-0.4262495120759064,0.3778761769987679,-0.3004176646982792,-0.14795347064374634,0.4991536685633824,0.19429614805959736,-0.2985808046689104,-0.3937446480720926,-0.2406442216228353,0.40084440981995667,-0.17186870796697742,-0.29697170041680615,-0.2330398677210818,-0.1307234401756844,-0.16627187033447746,0.23160365451804585,0.22993829473239033,-0.46026181389705295,-0.496614734671256,0.34475531331365467,-0.2061845298403341,-0.4674323505612343,-0.20510587449585485,-0.09020431467123945,0.15193564352314978,-0.3078553809500952,0.3825326289155752,-0.388462836949832,-0.3744543605803468,0.19855719485799747,-0.06238393972151412,0.3075360125615551,0.07578937111386765,-0.2802254623036931,-0.1440366997932128,0.41348061208540815,0.1513048740449818,-0.05482429732542803,0.2997411018281257,
-0.23193266914803343
0.3012959625202378,0.24409070145945003,0.36291242516684813,0.16860968701809836,-0.33535356655444865,-0.4000514904460628,-0.1338879032497203,0.3715200141715594,0.0012557509155046768,0.00307647866211785,-0.14275656313751173,0.41427807030384733,-0.017608706845904442,-0.13593373293894198,0.061327279936803876,-0.4769021305996283,-0.18342506080201817,0.13987836600354323,-0.30182172992028344,0.03115352950290394,-0.04291032824298844,0.37047523048700254,-0.12920159128664419,0.4332907464476907,-0.24124505910986604,-0.08669261656151091,0.36586744725294473,-0.36783193108802015,0.34795543941252155,0.2905102826748098,0.11903137813927749,0.36158823666554035,-0.35987806371006653,-0.29110248609890843,-0.2170298324951131,0.057716902668548196,0.3915752995097221,0.4931358440783411,-0.19296556285199795,-0.22698828025690587,0.41340731433295896,0.3875909479582046,0.18817293997815776,0.07682743358425313,-0.41784358437398383,0.41937588718640006,-0.4165320077213529,0.27323724013017314,0.09048026897740401,0.297140686795207,-0.2085846562614705,-0.31885658341261125,0.45280580156083194,0.11968760837075297,-0.29962850465184554,0.16683395132288603,0.14410796073142162,-0.4914941982569644,-0.31941380585419776,-0.40213246056231555,0.3912232421006405,0.14558773779946355,0.05281958616585978,0.3954934336848397,-0.4411704424694973,0.09741781141602267,-0.2948919466474893,-0.09707876054437171,-0.22363662819100272,0.23668655186134713,0.14896879297003462,-0.14195405097342884,-0.06250360333892181,-0.46480106334744375,0.30731000799666475,-0.13822831867531882,-0.02960420155403861,-0.005391485678044484,0.10854032966657266,0.36686705208609793,0.324843106331432,-0.49397626024501673,-0.4751529265267881,0.3773240722157708,-0.04861090267973047,-0.014803405617966446,0.03734032803092544,-0.25551817632798945,-0.3419269198058912,-0.2830822924282852,-0.3632645711365904,-0.32628546370832145,-0.37816329274963134,-0.03959348294816525,0.3754740550499974,-0.18572660467822244,0.00461414439830022,-0.4831012697768101,0.17565962477962316,0.09491046617499675,0.07818154560045375,0.14129732418919327,0.06691014776552705,0.289201455575266,-0.002798934862522218,0.39166813135401823,0.2792078356027722,0.14702409549674855,0.3764953589210158,-0.24647590816730514,-0.3519488747764473,-0.18756267424105322,0.12644087783119026,-0.3497429845511627,-0.39730811303439517,0.1632455768099782,-0.42053085762798037,0.2567396366633168,-0.3970333207225212,-0.3461781160223275,-0.1989826493691399,-0.12996543425783735,0.26620772017748107,0.22030219560481146,0.11987075621720521,-0.04068893532364239,-0.41705431652522895,-0.18394754417789405,0.3356910029724721,-0.08351551705694739,-0.4414069532046153,0.1853494906190476,-0.23437372626656505,-0.0402425638962516,0.33802331001611585,-0.4454951463684541,0.27725055228152784,-0.39584450950050065,0.370937996597671,0.022200948433575785,-0.27831920605778815,-0.39368513094522606,0.45813955909510584,-0.4354029521014243,-0.27142752967611683,0.31519268521936017,-0.4176944505814193,-0.2641978754967491,-0.34620438141366716,-0.08396442801777683,0.2715852851339714,0.3406005706988081,-0.4190553361314089,0.1418555323130496,-0.12968269176943714,-0.41614420844285593,-0.33056246579070436,-0.35517352075799447,0.4983921508829908,0.45980582925865154,-0.18518955293371364,0.36942897820070086,-0.3307383650993614,0.4345041388823523,-0.4590833259229753,-0.05016569977270837,-0.4936773241444148,-0.2040522202788626,0.2790893342996137,0.3659338601285469,0.2483796836557861,0.39897440735825207,-0.2940708745171918,-0.16441705308135524,0.26711662380220036,-0.08420188312841272,-0.3907694100592579,0.19504297417901673,0.1329861376172372,0.1180941253164076,-0.16933936948474848,-0.17473036375916695,0.36064987334324217,0.16283009460652031,0.19415610102584657,-0.4813912055454982,0.34108050381323785,0.33158221833459334,-0.029392461620547015,-0.4513740326562432,-0.375337558852739,0.18186240857937852,0.35224853163322634,-0.3947906385189305,0.1581054963585794,-0.39097777490510544,-0.3857286650006376,0.18775017334100852,0.2977111386729767,-0.1114115579290449,0.12654116851224212,-0.4888814662214458,0.4225085941791654,0.37142395947004825,0.14488288563988194,-0.027683204530781214,-0.24699592424628847,0.13789686693365033,
0.11015652931159255
-0.2532285094580382,-0.4585900036985242,-0.4210417936272627,-0.49805004804339054,0.16227809624610898,0.16740959911687453,-0.40837539851880067,-0.04745705185409138,0.01539817518471067,-0.27057542564378856,-0.2660586442513716,0.09824402232494646,0.22942504800424815,-0.25624524015620365,-0.4405742069762316,0.49588635706827106,-0.2113305039984826,0.1413589538791332,0.02670312292427588,0.2252420712854034,0.12857791033210433,0.28193028756517213,-0.23343564585866627,-0.38161799937988283,-0.14370518848622377,-0.05741096914470455,-0.17670905474082577,-0.4463324440705226,-0.08123699040186842,0.2679704669901268,0.37063666502870335,-0.20257804920313577,0.1108468755442824,0.4840548361533229,-0.18067634676106378,0.4582379345004425,0.1223831201515223,-0.22731837398044646,-0.32145139874459616,0.4780264592679745,0.15825021984211002,0.07879742458250677,-0.4876817406821037,0.22623555312351745,-0.4637102690810899,-0.21831868166439033,0.33949839180699015,-0.3132819109495222,-0.435417705886867,0.09716783397071244,-0.13332074779259445,0.42944900696425437,0.4320405732847552,-0.20003575440074123,0.014557697251200246,-0.4536200917436911,-0.1923407318711729,0.35486823591226235,0.30073550243394565,-0.0037920219554985067,0.3368468312176176,-0.17169411036598597,-0.2242359553768108,0.35106216322614814,0.24778160718747605,0.01503466319075227,0.37428244677455724,-0.23284115291428437,-0.1636222656574135,0.05958320123577429,-0.26061486790274924,0.11183066766986899,-0.3146401167724914,0.4779757735215163,-0.19410618309038236,-0.4290666801374923,0.09111014624613073,-0.10748382692643471,-0.31300182141535604,-0.26651264783035944,0.3213649136530129,-0.019117639431747588,-0.30123199254989674,0.10451292818198449,0.007502422164812693,0.11050934766986847,-0.321670324560858,0.23236757920682022,0.18707731338399852,-0.11978491974974154,0.10403762360153285,0.15349820639726747,0.2554210595284515,0.32324977338444216,-0.09023839337532474,-0.34462970574113916,0.359542523692152,-0.16057336854525855,0.30044893978436327,-0.06256106376190146,-0.42677420300134916,0.018717552521885797,0.32241035643719873,-0.3896225551355518,-0.4708623764733284,0.3946747681057633,0.41931693137080506,-0.384618322346419,0.05191973034092276,-0.1767347364808473,-0.2863153084897303,-0.43178134375285127,-0.2643436331287571,-0.3788179386706064,0.2936626630119943,0.23679080708709593,0.33977071916987156,-0.1825776508211085,0.3562289691411642,0.34633770715445245,0.3393183867577477,-0.12710080155144093,-0.33956105841493045,-0.32700060736308967,-0.04118996549310508,0.00508099877404635,0.3781578618094774,0.4343168168537789,-0.4568909681706522,-0.18187258282766133,0.09475062235278947,0.3143460455656475,0.1746148415655427,0.28371962344038615,0.4084888467824447,0.07141521988772054,0.03285593254126237,0.2437569287678441,0.3049759010487737,-0.4318459149365197,0.11078065396802311,-0.4866799272974722,0.24167865382160242,0.23627795757333386,-0.4485511998555367,0.35077714464704857,-0.332305563411745,0.4427092525854821,0.049489795014345445,-0.46836503277822605,-0.4748299981586217,-0.04102849559111868,0.47360842888063626,-0.4862847304164153,0.13132925551589752,-0.24760781399228632,0.10958254610059565,0.21346152657916878,-0.27614517501553004,-0.3844977596708754,-0.30238873702707947,-0.27334082715044306,-0.1325920374844068,-0.2708780579226875,-0.2564632577642816,-0.07842221710543923,-0.13463970338660497,0.11497403679547608,0.42037577451208763,0.2085212420483779,0.29834999202657364,0.07526679975208211,-0.2552374828947681,-0.05300218013488958,-0.17993621537231524,0.13954136254285793,-0.38768303833156315,-0.10980105533082879,0.38068590957888726,-0.25682135964381014,-0.29338187100513735,-0.2137980198215707,0.11974312856193797,-0.15268611360333,0.25837514627418223,-0.24371120531188933,0.2726151924188882,-0.023493034216367822,0.12455319004253125,0.35299853932267955,-0.43123169518023263,-0.3016307413466004,-0.31837468684885784,0.2640097100128074,-0.2351914796109979,0.3984491859522479,-0.41721427067911465,0.47267284090240613,0.15174110146654168,0.3140296684587023,-0.484126732913862,0.31199213771982814,0.10336101408340209,0.18209294616747324,-0.283080967761147,0.2560804287361722,-0.008511585549514948,-0.47044082094849793,
0.3550731976452668
0.4806281791322527,0.08278703425084924,-0.41291154780101674,-0.10711623082591601,0.200479904975315,0.36029541680437116,0.04962126603564965,-0.33504240883655817,-0.4771029355740017,-0.4553967031138791,0.40376969089739917,-0.19970898218222832,0.12031444484492228,0.004962670079381934,0.37189808766184734,-0.28006752635491855,0.3109590926449631,-0.35810415953223795,0.07340774496878233,0.3829768839579097,0.24035616504451168,0.2709681624242388,-0.12529116495731318,-0.2868914042379645,-0.2622540578900042,-0.4727354129598902,-0.4551919075715494,-0.1731984439619216,0.07188629486129237,-0.19170456613352876,0.25020826748261976,0.28429563599579344,0.27187961827085344,0.3168410033383796,0.12974795426645588,-0.4801539556905048,-0.10104834408018236,-0.16333226725993202,-0.3253615140865291,0.06694955459352611,0.15263146110138678,0.47422508093478805,-0.09501070747877174,0.19096698203220328,-0.016537067533671606,0.2381183502288504,0.38464596428467807,0.06261392127912513,0.440713301885237,-0.013133574727396805,0.44070811418917116,-0.33715516524317196,-0.16717436768507168,-0.023079010052565622,-0.4312209731614209,0.19697199996096668,0.4030450030831421,-0.03216521962891662,-0.10582190605686106,-0.08671817556327069,0.1296778917803952,-0.3989864792931231,-0.2670533985293329,-0.12884680441703814,-0.05084185757136612,-0.44157086938344975,-0.24951960114691243,0.3842944602697453,0.16977277799805776,-0.1710379817074729,-0.04902617728195963,-0.4233708134137523,0.09487646242427814,0.26257843289401644,-0.2525383508059588,-0.2684744664447401,-0.09334926007274472,0.47633811883919946,-0.3399030362072574,-0.11052221199826043,-0.32505937475896934,0.09126711691237496,-0.2305960075905711,0.4550128663548672,-0.049572612313709304,0.22541888420633502,-0.08840224467248639,0.4105083246209796,-0.22262670068067128,0.14598626621424335,-0.2553375969839719,0.10277307279557643,0.11840030196366488,-0.007883897475785485,0.23673291551026973,0.467655226006993,-0.3777584605066486,-0.4798829303714712,-0.16757433171040306,-0.011393541956482858,0.3851308313614403,-0.10595956910972862,-0.46188460943818804,-0.3529542607324387,-0.14252785531432868,-0.3528474295949651,0.4337570613584763,-0.38447065238549755,0.3296572564842322,0.07360722143020657,-0.3332964152813704,0.46914855330896804,0.4943767091240863,0.47466410162340206,-0.18792898001657135,0.2462401285117026,0.4274955990045017,-0.1199098246898456,-0.4054452715024082,-0.22359116438789342,-0.044457807310779036,0.09291853197345132,0.3582021977293873,0.3120252874059914,-0.21491583605481904,0.16452880909820342,0.34349846323911376,-0.3512233682891264,-0.04225640031529638,-0.30294728205027094,-0.2147769953582889,-0.3984885334206936,0.16432836908166978,-0.3086036227498968,0.07988743890601688,-0.08646553630877332,0.20253482260642605,0.011711308909037751,-0.2118341076260767,0.42067026243044364,0.39490171873630514,-0.0790659213444658,0.03558048904441185,-0.43416951070542836,0.09717399433377347,-0.4429458703296691,-0.04619320854790827,0.16548131787716122,-0.4780405315832366,-0.33394172702413566,0.16531518733466397,-0.33367647266927475,-0.021460453119942595,0.3850394882715909,-0.044334290246085435,-0.0013392461708559263,0.2869211430451128,0.3777464527536723,-0.2993743150852833,-0.46765393488507917,-0.4373068214357729,0.1648896410135777,0.31938086263434035,-0.42813951638504794,-0.21102179063986806,0.06280865977193419,0.010462267825494462,0.2889917398984125,-0.4072538561921399,-0.25335542385961635,0.2936127833605043,-0.015254805232755669,0.42498296838184096,0.0879502779075216,0.4286688392343236,0.09653319394062274,-0.0923149698334054,-0.4182895250530079,-0.3883657894072278,0.4223528475230491,0.45537506537853606,0.37403268979156407,-0.04152552478634625,-0.3794231675550182,0.40481310152383015,-0.37069102558965955,0.17876238783933893,0.1621451987722818,-0.20619801130107088,-0.26556221832488686,0.014155549303502168,-0.43863926581602924,-0.3815362330631525,-0.3722662981069155,-0.029210018596928837,-0.10784546391304464,-0.13191049957571113,0.3614429104725622,-0.3899757308388951,0.30860174484638286,-0.1123577831900501,-0.14067998024783904,-0.32142945605708145,-0.46836717490923513,-0.3497815031366463,-0.2854878241796445,-0.34309957399982366,0.03829815939461472,
0.14159581261199156
-0.21407597996255773,-0.11823018668132058,-0.0064564754422916665,0.20080730970772143,0.3124233939456607,0.27406608409469496,-0.18403328748797027,0.12939531570475168,0.19734689033895622,-0.1992864486799251,-0.4064791196190958,0.3396126408681475,0.19580483946636312,0.2907102296157339,-0.46502867813601073,-0.236681092736357,-0.28525316307011334,-0.12611008356005002,0.010768348856447537,0.251856125105418,0.029703035606662233,0.3091806307632646,-0.27668572326513485,0.2886438448379064,-0.16682584212353843,-0.247288382543526,0.046002947674544784,0.18491421915582923,0.15102171335614112,0.0470555426272328,-0.4159113976202378,-0.21840970591306788,-0.16706756936808814,0.4483751680544112,-0.4297667207465612,-0.46770936541982805,0.020062384131897263,-0.18223775490830355,-0.20611446622195043,0.46477004601106897,0.21575842937239761,-0.30685984072863237,0.3813569133906002,-0.07025499757440695,-0.14684752378482105,0.3356210948601186,-0.10432623937344271,0.23117607982972352,-0.4670058274029224,-0.20892310685482177,-0.0995519410487033,0.20170595072421213,0.43334018035355415,0.24964891621974367,0.34957127308196656,-0.45960428778922136,-0.2568777381603359,-0.5011077054850559,-0.0956149838798191,0.26000653301029364,0.3551881835767172,0.06521478693321453,-0.4445437072842572,-0.09464551319089848,0.4697973634817929,-0.2827756639933049,-0.268395122610506,0.29887301626664076,0.20576966816040063,0.36495182396816883,0.4157447062960906,0.44549324447980243,-0.20597490921562614,0.030516270133234307,-0.3447348195612048,-0.11382065261498325,0.43704081882894785,0.4886517804845829,0.25409211786981845,0.22793294627278035,0.45779132847593795,0.3796172978945207,0.3642324073707185,-0.2021936068530266,-0.06697366431954838,0.08236095036810115,0.15652034224140995,0.3694423170699155,-0.3917197095839672,0.4024132074427482,-0.25655214951214167,-0.3071176844832625,-0.47420366428633465,0.1768343151225584,0.0513744034102396,0.12186517482813769,0.4615868346593478,0.22764277954918108,0.3950773347174875,-0.022439132883859153,-0.03585904854532216,-0.29449632043275675,0.0945162989668828,0.4136635243568392,-0.4851700204193107,-0.24294318168269594,-0.40814929062933414,0.4549932182857317,0.0888489985126148,-0.3778836637288707,0.176162003791781,-0.4297676060262905,0.18557336145306477,-0.2789246121876965,-0.39600227399777843,-0.39084990684887266,0.21849699821085541,0.028200161632117,-0.3842324506259549,0.18564312726660923,0.00745913755530576,0.04310010560115642,-0.4088138967005007,-0.37984983862499855,-3.455422638194277E-4,-0.02948807059757877,0.3613709277646837,0.3684710859543383,-0.23903854481952405,0.29763723033567946,-0.4991314030679763,0.45875097872625403,0.2254121335367145,-0.18137548639999038,0.25979558942753966,-0.16563609762156353,0.16816592356680335,0.2973882826135571,-0.3355552811722198,-0.3423410627635468,0.3761391729605812,0.3828096846513225,0.21412211263838485,-0.431992965168122,0.03048108246223974,0.094463973503011,0.03264375244490338,-0.39268584700306697,-0.11362440090441478,0.18237249107961492,0.2948342234774505,0.027142235264855458,-0.06181167330402735,-0.06912199139714642,0.24153534180385303,0.4738067747182345,0.39176616046194557,-0.4754064493949599,0.12104527467928078,0.11129564532093067,-0.06926354816815233,-0.07652292898559637,-0.04942639205515174,0.0865809316779535,0.4599420924746773,0.30443545903717073,0.07821165295804627,0.3678716443339487,-0.26331296559262873,-0.4815372312135614,0.14408119723540178,0.3935823496933122,-0.44074319512305515,-0.31483026231609534,0.18873917091790912,0.15826847233446514,0.472216968295606,6.624537064886185E-4,0.33757966967848296,0.3315063529332739,0.26928181109331206,0.07008035629423665,-0.2981111687898833,-0.2433276299049502,-0.07291553244865584,-0.40729541475896736,-0.11962782283973056,0.20880193002941203,-0.013030825525865309,0.025400080895013638,-0.28061191389812823,-0.3958140760136539,-0.18303549289861312,-0.07074472917373148,-0.20421506335408404,-0.050911425150217605,-0.3676132945760149,0.06463619762968015,0.423153987569168,0.19094730551949565,-0.3689397275893339,-0.058528008411660816,-0.1495264548801907,-0.20735811413158337,0.10793228124260063,0.45444143727581265,-0.2784655669649896,0.2888963988210054,
0.3311839465024708
0.437781373125316,-0.20488536945519653,0.3045828793841695,-0.48417301859281625,0.4532313693389854,0.38137569586227515,-0.49108501014882194,0.39109372542206466,-0.08900226763047059,-0.03699555598203305,-0.2179089589901695,0.38305295946986206,-0.36309751254097794,-0.04247416273254162,0.39901770142761833,0.47330223318442105,0.36781557979013535,-0.3219168926292444,0.41975978152265997,0.4073138621650472,0.2346811753564145,0.096000573171801,-0.4303612787485192,0.1768047775098583,0.20523683569521334,0.15447266206626303,-0.18078758105316672,0.469355225219349,-0.3786733015514657,0.018470493165360116,-0.44612886504864757,-0.0686873659314668,0.4221704218823579,-0.16922683137799266,-0.30536211025235105,-0.08333151410891441,0.38234446912942494,0.25574433825028514,0.38294870746467674,0.24490221247656518,-0.29550461634671493,0.334093431151874,-0.12588007048463978,0.3762937222554516,-0.3871554741387086,-0.050129021997330686,0.09841726623124047,0.3278005677361809,0.16411492961673446,-0.4885415383361395,-0.05846213858335822,-0.4027483906987082,0.3583963522036631,0.2898504630499202,-0.3254908062242838,0.3437181123877923,-0.2277421982029898,0.2231490257885621,0.11879379217141384,0.07892589333297473,0.3592326671723071,-0.10360979925337832,0.07135877195515117,0.16524013615129418,-0.23288035285314246,-0.1636185647467534,0.23412565159987353,0.4869530490084299,-0.4931526781541306,0.22314329950640754,0.3931923686471334,-0.23585720291985657,-0.42574901103666435,-0.38728806824544,-0.12455454114737352,0.11216188277315187,-0.3260377033694714,0.2904741984676193,0.3736580785470011,-0.38514829256426425,0.023713586284414966,0.42986991558163873,0.07589469078813094,-0.12413071155676703,-0.1722893024780241,0.318211103630677,-0.33897893902198434,-0.2599486337453479,-0.10067089485811365,-0.4704688669022194,0.12934378496755294,-0.36447011873823937,-0.41375974916349006,0.07379143558930079,-0.3741190595103297,0.2773518197506389,0.10517635289290095,0.23243700771342557,0.3834913625935699,-0.20535384579670957,-0.3711066814718154,0.0022065871095315924,-0.33593280729044467,-0.30408139340711976,-0.015506669422187888,-0.18773351847747033,0.10822008664850213,0.4708449695615305,-0.37988006322841844,0.4541524117454225,0.2173693059069327,0.04197234685072851,-0.4238597572320331,-0.03033351482015704,-0.21313505827572587,-0.2739732907799311,-0.4427199734130309,-0.421208668036468,-0.015242515728661052,-0.15793567778090034,-0.1562201385878681,-0.4021526489629192,0.42805048572104926,-0.38750629124541,-0.2975091156933976,-0.3024674151774727,0.04675031828581802,-0.4569660481706847,0.16293139059578576,-0.21885048191639822,-0.254246894224,0.03896369526931823,-0.4913235789660169,0.22523675445045133,-0.12441420830473982,-0.3824450193539413,-0.39894589793792196,0.21798750843331982,0.3052447019394507,-0.2896252278402754,0.19997437065347434,0.4552510721130248,0.45385162576627,-0.28582412502658355,-0.22418297003026877,-0.4904222600296651,-0.017426131787323808,-0.35461163639164467,-0.08334242953631132,-0.22531888097459996,-0.02576854300110757,0.480761577346791,0.32671103198963886,0.005856251752641287,0.3352410317173726,0.02549582009007808,-0.41527438405165923,0.1263060609013883,-0.15697709885926348,-0.05975811563445807,0.28515914013685445,0.14999249700438788,-0.268276387839303,0.3796355819813874,-0.07967671566921686,-0.21645716667436365,-0.03991608229254437,-0.4524262884980241,-0.12171800727240711,-0.487094175811521,0.33750755060703524,0.35822669940768864,0.22914184216124256,-0.24513382402522477,0.49786360981641226,0.3068225158920899,-0.4485258707031326,-0.04080963859437478,0.3052814559849672,-0.3994749086669918,-0.08904058448377372,0.3840901806422731,-0.34782628292459444,-0.4227300004173889,0.24494755988674333,-0.3641449040248726,-0.23305043812158188,0.4492089157208376,-0.1705230819613186,-0.03708178616001587,0.08735710769661065,0.44745358030660926,0.20939900893906704,-0.2747150834024355,0.4751198388879771,-0.4839009611102009,-0.042394470866066264,0.42216694598644616,0.04850953502807723,-0.1939553743976158,-0.10404322418399314,0.15382932799810867,0.1917233731549579,0.35292120686078116,-0.04163793891228881,0.41807104248109744,0.3634108082109621,0.4884709000949558,
-0.04590021729240286
-0.2889647944983178,0.18514341668168394,-0.2554974508535888,-0.3747530707257345,0.3933592799197112,-0.1794260295213044,0.1412783522376158,-0.35329315657745886,0.18674257505954756,0.34854230338787373,0.29498762655960475,0.2573208897990079,0.34760167984383344,-0.4391029196085726,-0.3973941901373006,0.10145929690889463,-0.3132302277522414,0.00870147247440978,-0.4722855910478036,-0.3992687530902292,-0.4042663792306791,-0.322160647491588,0.13607267985046034,0.45735052735854903,0.00845027420584349,0.20903681129561444,0.4467796164181211,-0.29719530202573213,-0.4676800871171177,-0.06624774980064979,-0.39494793352322854,0.07517143093478272,-0.22718834681980646,0.07326248036580393,0.3150062529907749,-0.15196788879449438,0.21156264958693488,0.3242948629177428,0.4520343768628827,-0.11417276118717014,-0.1193490498959315,-0.27708778069164264,0.28312580886176664,-0.38831325280950324,0.4458990245983888,0.09267684911344153,0.25660870030921606,-0.2145314379782131,0.2766660674750139,-0.36510119562875987,-0.09161946677445677,0.47745751602273345,-0.481351639885654,0.19281660464439904,0.019557666882987663,0.3814917881775416,0.1867538856870818,-0.48217427974294336,-0.1971595129465074,-0.33439276767080195,-0.18012543837562472,0.4251884864326152,-0.4428053181714666,-0.11496987453751097,0.2940535434403876,0.0719223769492522,-0.07289052017257493,0.09304694028345138,-0.022328716462579026,-0.284460911201904,-0.3697668664135366,0.17688093197022553,-0.4695608452330402,0.21953473910599158,0.27597450478277985,-0.3814422689863455,0.2974029490397503,0.260006958405019,-0.3123008882668745,0.3348427875516724,0.4298225074350449,-0.34249804747896917,-0.037563190905739556,-0.014314408523778577,-0.4232918252415746,0.5091705398649822,0.35455741305610855,0.15720733851821894,0.2339586552560587,-0.17146046173706214,-0.04634047387847794,0.12311930593149777,-0.3875412565435915,0.21368044210074272,0.04195726906158848,0.467562278183151,0.19215992582523495,-0.34071502921242636,-0.03726200059996742,-0.2872926051140692,-0.03391965894275139,0.004132566334605141,0.30900397861500384,0.23606142761633814,-0.2536749985593113,-0.3373376458865227,0.25019921490897634,0.1852706016305537,-0.19635860276845368,0.22783817835364167,-0.14503745626505865,-0.19768147453768775,-0.45731096568376317,0.25222196020071863,0.3391363297400696,-0.445634066408403,-0.12288371690402472,0.015147190244771718,0.27079982751767273,-0.26491934605602696,0.46170141657973507,0.36611121696318294,-0.10211510003615111,-0.25184135803640095,-0.036770981007403385,-0.20201912418687756,-0.07102877954636712,0.11383781304452288,0.10743709911713138,-0.251666635459866,0.29414668405846245,0.3495583927098018,0.32628385765787304,-0.24676964806856203,-0.35964170313969124,0.2675247860565293,0.4479478636870642,0.48494982336478176,-0.42553244235749343,-0.09522418876552864,0.02138876908942814,-0.10632289781167183,-0.042736515054178185,0.25547139870907126,-0.4520401180493946,-0.35711727637636026,-0.1270243680565068,0.21045567616377386,0.10447852769585929,-0.2209084750941706,0.25136819497461826,-0.3742422453541373,-0.414676503545799,0.1089738110076287,0.5032858807756422,0.23954310100206694,0.06554312256398824,0.07016617677477976,-0.05443941448809333,0.23613031849733773,-0.40737795850175196,-0.02304409732259236,0.23747764413013633,-0.3839612220655808,0.05146804986785992,0.39793959732076856,-0.4714608634533738,0.17263546657273315,-0.38465478575361467,0.07999322010256714,-0.4739491860374393,-0.20120035510595774,-0.3051072478539383,0.2713671544816041,0.23109839573423868,0.051126413667791255,0.22803397046989998,-0.48355323475352585,-0.3372322517165959,0.3845413407381575,-0.3845067804204866,-0.004304898017584429,0.4930031485154842,0.23680006895896427,-0.4001973584530094,0.2665211785152133,0.14828617524404214,0.1901983849677759,-0.08990467653001578,-0.17570589747503768,-0.4006428824181144,-0.2330802481684376,-0.4493552073741369,0.2474490139743893,-0.24350972511475572,0.024798677802963565,0.19802493430436147,-0.18339146586264637,0.115372628708985,0.011880372766720559,0.2899291816730143,0.4048689671097352,0.057425520615356114,0.3110082048949686,0.03810088051505386,0.12487766233705398,-0.0015527037262987808,0.3597720473875132,
-0.27357469446118554
-0.32082473189961086,0.39186373134428437,-0.04237936617375482,-0.22520114576960729,-0.3266074909206335,-0.49242156942307974,0.45069550253202445,-0.10314433147821704,-0.002389702088401817,-0.3954713348663124,0.19628522846777963,0.18310643941669957,-0.4938439203606312,0.3421153363906087,-0.20072981073062465,-0.08593034588214636,-0.49247986805918037,-0.09237398815541974,0.16032834507565147,0.34624254466496884,0.14307903657572146,-0.4934145937893023,-0.29224936188691203,-0.18357222558917688,-0.17635961608425713,-0.19615493264870798,-0.458857318244946,-0.24214285335177838,-0.15693752160416774,-0.04440315512065604,-0.0690440883196037,-0.387439221649739,0.007061348948381289,-0.05736447307746002,-0.39783918302955634,-0.4149250650098566,-0.38392159446699853,0.017794860770093957,0.4972508304467828,-0.3237525471079013,0.4242475553538079,0.214624282372177,0.2615107842416972,0.45969676783009467,0.25821310151369753,0.028710358655649637,-0.4776107860638044,-0.3802883964466293,-0.1735291716904993,-0.41974236296979023,0.1457618224981907,0.3561757258239637,-0.1258783752319551,-0.2067093647823569,0.04278053674478448,0.380001323993373,0.24602280375126462,0.3860540466081704,-0.2257092153861524,0.3722417138112973,-0.3904357217260081,-0.24290256972577629,0.15375415015099636,0.46060754405636745,-0.4419542432394374,0.17283623868481124,0.28498645133017736,0.4790423263650812,-0.4333909039610911,0.014920663817864147,-0.012377288622589374,-0.48082362700421705,-0.19509309155858645,0.22953264121252304,0.3610717209818192,-0.4431066461266699,0.12416480872713523,-0.46422963458474603,0.3168248852313546,-0.25709327669065735,-0.36897864925596785,0.39656883925005,0.26933541459124827,0.283158047881052,0.13650625107145198,0.23314416927349868,-0.1827146458906591,-0.2969870262406931,0.4257440316331464,-0.127262095186657,0.16990967279781555,-0.31135535028412736,-0.26755316024400594,-0.2405226925427021,0.27714838758758625,-0.37034120339401605,0.02198671375252692,0.02945628832274827,0.10774866871459723,0.4489280932212774,-0.3121858812579685,0.1536806665607171,0.28604116694200804,0.2987683374125965,0.04821624069636614,0.48631089096699415,0.34596564603233987,0.22700228788505683,-0.40611512062756466,-0.2793263310453989,0.19002322757815637,-0.02787871776840478,0.28149056793193933,-0.048195881779554764,-0.04881626920755895,-0.3663306374266135,0.29443599378751256,-0.22818210590941268,0.3473780433512074,0.0821376503531688,-0.4008115620017922,-0.4167971606923296,-0.20894251110481266,-0.3779281783269873,0.31406722311886,0.10515799981708487,-0.029596727780719534,-0.39724111532093903,0.3770893283883154,-0.13060240163288128,0.35412087893129746,0.3827739864009709,0.25045214644424096,0.354375851737793,0.08835573936331889,0.2978314280796511,0.43145958899369247,0.29067838208678637,0.05211825202775626,0.05579918717459058,0.3531737625430445,-0.4146356315860968,0.41670743134827676,0.2883989033118855,-0.14719859503177424,0.2593330585961869,-0.08502551212003204,-0.17397131507939856,-0.23819935033513506,-0.2306727785916769,0.16786880842689333,-0.36969075868155427,0.3289202709220022,0.09497493394832493,-0.1614394464166744,0.21836845193964716,0.12586009378974272,0.011310711708997204,0.08853568620843913,-0.15645692334869754,-0.19503209712381964,0.03850542921712345,-0.20458931380537015,-0.34090924866985445,-0.42063540041602016,-0.33692606082224136,0.25881579262882487,-0.4153305059304407,-0.4218837633649935,-0.4413816382025792,-0.33145255161656556,-0.3802443304383469,0.29254766553868133,-0.30079631658081946,0.4382915122142868,-0.09616444318614123,0.17451929744603678,0.4547519903946499,-0.38142883642207964,-0.0898799447083187,0.07346548336398243,-0.014619909635854708,-0.0058253073930144145,-0.22230432174500458,-0.3937814327474776,-0.48960508758929827,0.14416939136905804,-0.06356088412622837,-0.2578795792253266,0.3176995755122503,-0.303289698983415,-0.14031276983359675,-0.14435125383216563,-0.29934751269670995,0.24620340406339025,-0.00843253845079652,0.2497628657837857,0.36196098597360177,-0.08301541050085712,-0.3609413346148253,-0.3146002643584543,0.20797942013984094,0.355527436906983,-0.10673420500643335,-0.23397247739259697,-0.128178455987371,0.012294355561480156,0.4500561979335616,
-0.22980652476802582
-0.2508546432741238,-0.06614428051443542,-0.46371958477748243,0.20571872087290022,-0.18610862016476737,-0.06660783429324327,0.021839402324620172,0.20277478496066026,-0.027605035406434393,-0.08710190284306146,0.1796493851018272,-0.07703223048695912,0.28370851188551277,0.34382922865074117,-0.484440151837312,-0.13821534673920513,-0.08398398298665809,0.36920168911131884,-0.47702634842134134,-0.4673069176882786,0.3288684530474508,-0.22617110791914816,0.22739987527287303,9.726135116834791E-4,-0.20074748207406248,0.11192831021986385,-0.09495169356372901,0.09910355598488961,0.07514363957802409,-0.38907132314529613,0.4158653473683005,0.1500573748720205,-0.36344096492151023,0.08077194683788869,0.17839213900271145,0.1509426102786935,-0.2283057957838199,-0.0504061428785662,-0.06801037534776938,0.27661404188879746,0.4343990791234028,-0.28051273147831857,0.08135137911672946,0.25143411051556996,-0.36050847380255,-0.40975606060403236,-0.4010028254311777,-0.3930077201454062,-0.02652260022411563,-0.2658125661504954,0.17318378906915682,0.09462240379209735,-0.3490776510366236,-0.27806970340149795,-0.4680087052035188,-0.44621754027338345,0.4304707846018825,-0.10332274520676904,-0.35132933565684876,0.3508226339519058,-0.3804591572974957,0.07381612182259895,-0.16097127388890226,0.09740241066376881,0.3430202241051684,-0.1971124018409411,-0.40146279051434164,-0.2662082022000636,0.2288254921093616,-0.42937330397456375,0.39501699037402704,0.21951928899421053,-0.3280235208560188,-0.2533802418565294,-0.4678380417750032,0.012304915693001838,-0.12112367969357046,-0.22277708006985558,-0.3701680664884668,0.23594394598998197,-0.03522303364686057,0.11873936596231066,0.2289572233821901,-0.06121709621378762,0.47994911620899905,-0.33254565292801763,-0.47793756193920045,0.12665647612271763,-0.12613599344378085,-0.008022001587575168,0.23482994417265396,0.3176300429443316,-0.4282655549778924,-0.49755145709471604,0.23978907851099368,0.2106196263625812,-0.4659491510253795,-0.19850103803188274,-0.4298705398797146,-0.3140628320507406,0.39728734244882624,-0.14650750407220808,0.11980254271916108,-0.236964128360783,-0.44725808243209997,0.2813836284321406,0.4654882229908265,0.32920677886588856,-0.1894857176319183,0.054662719474784356,-0.07333169794316347,0.4227045613553303,-0.3830870601963081,0.0671942846534726,0.19196205792303217,-0.3952435857356652,0.14612344522130832,-0.37963995418908536,-0.4169562068485698,0.48713559027222364,-0.02924218602656376,-0.37523004571200824,0.301875694591765,-0.20454353419092913,0.4309446458979779,0.4129055053032701,-0.1873459053106556,0.443075499469048,0.2679083447387953,0.4154113999834149,-0.15321963415397527,-0.03354130804338878,-0.4344748355738034,-0.4046465512343741,0.3873328464325926,0.33010246814560984,-0.44786740711146367,0.4576114584907889,0.38892930641495715,-0.4524281140563433,0.35490763709281137,-0.34532170169323106,-0.08046594136024093,-0.21505351804989875,0.37041893011563043,-0.3045128668491702,-0.12732231164570668,-0.3860595582825951,-0.48250362204105535,0.03049094321195172,0.39172153669139054,-0.1358092860814029,0.2723512244193854,-0.16593047079792705,-0.32778697300792803,0.08768272747531675,0.05091834054953288,0.13444126304784182,-0.1359580211074593,-0.006989350423290299,0.19968201597431828,-0.44839205539948757,0.38202240778154717,0.3331449285095761,-0.41621506677935616,-0.20453704901778308,0.05168789855782314,-0.36239305986373305,-0.4799903619380922,0.2490444476667238,0.1665029477997098,-0.13157299174668774,-0.407739124368683,0.41601678423264643,-0.28664301285471794,-0.4510115964212824,-0.2915345201948849,-0.25318497671766893,-0.2648787015929204,0.16583685900574446,-0.3896533101966243,0.3744888201092196,0.042213615059018834,-0.3242386114739553,-0.0686820512010054,-0.41086628419080995,0.2595289082807296,-0.23607110364752587,-0.18721945619064922,0.45889938889411697,-0.49924078645321246,0.0935816748217751,0.03539898019992833,-0.13408423150317333,-0.20096091569549673,0.16378334012150014,-0.4005339360762734,0.3670796972991379,-0.20898235590570863,-0.4510746731114431,-0.30274022297340286,-0.28750355167807273,0.050872040537025716,0.2321826817603641,0.06033237716996249,-0.4415283321251555,-0.09855851337069527,0.46483456202615747,
0.11998049478365637
-0.09432898011634488,0.5000426124163962,0.0926025895418852,0.45803596545397984,7.986540189748422E-4,0.4304416120692255,-0.48573860571257654,-0.14808900002001507,0.16424420513806884,0.23263881820221335,-0.32453681434530446,0.05450335692414514,-0.45324925664587873,-0.4249078930748139,0.05951761040425638,0.2427473750628162,0.20028840756158728,0.11700764962593073,-0.46593316697222337,0.04908636841034755,0.10600049845675133,-0.3848548841286113,0.18307867166462824,-0.010958719902415853,0.48767929580550334,-0.027772167636158165,0.4590825534098014,0.308952274108854,-0.28602605509736706,-0.36434939976414193,-0.022004433527504193,0.015542399075081457,0.3187317764794564,-0.04573685157912659,0.020938118045771233,0.18568303379445233,0.18291493527426497,-0.15574993170970217,0.34090529296584793,0.045669435694629154,-0.26960852144669767,0.3962332669105476,0.18751119181299972,-0.2827098711226169,0.050007575265777524,-0.15317094822283325,-0.44930838894668956,-0.02131153256327732,0.23699906043584376,-0.30563511948972344,-0.4875842305480985,-0.13281303519659302,-0.12399959539577392,-0.40996976145768405,0.24080332520443318,0.4547831646294209,-0.4863194886862624,0.04385351592462354,-0.39368943045574467,-0.3288377332148569,0.17424019787495895,-0.08702470239343672,-0.38276213896035227,-0.38114036902915993,0.45547698893843735,0.10193564720957994,-0.12692434245417103,0.4279676826481168,-0.49010874207856303,-0.10214218707252286,0.016432510398214552,0.33156958038760265,0.2631588327641048,-0.11217572460897073,-0.2722352171877286,0.3081219899414015,-0.44860234049354397,0.46140544121371996,0.15185489491295248,0.3332974697714183,0.4690062048836249,0.48821525118518694,-0.2290390577750879,0.011337045589623711,0.110454714483351,-0.12146803426647797,-0.35321248003520045,0.1147516484902973,0.06226019264639364,0.3844366507567899,-0.35809612704054616,0.35125078875651483,0.4554788142470718,0.1795855946628713,-0.2990377423368472,0.4980657959201772,0.12440054408651503,0.46764750276885747,-0.47695427531051904,-0.10362639271820116,0.43373209812793845,-0.3874003523716104,-0.011298638816962124,0.18231686236371417,-0.3655935654670541,0.05849204949450475,-0.4813087006493374,0.04615436687625889,0.18725816169713286,-0.3880480433616288,0.1362208416551343,-0.2426343271572838,0.3541560704515173,0.4976158178928879,0.38037883308588105,0.17107225697487496,0.49778506738254347,-0.03516076318467727,0.3757529067971527,-0.060073300295942635,-0.04587786761275832,0.12344986968438,0.30165798416919554,-0.30433907620375045,0.04575183411156285,0.11697255195831703,0.22414341914222305,0.03577290275521621,-0.2104814424166421,-0.2963308885540522,-0.24507916983503214,0.25337078373756244,0.11861480993954733,-0.19109960888120223,0.2835806185672508,-0.11801774537244412,-0.012944656229456683,-0.3632685266534912,-0.40705746933028675,0.29217609941221534,-0.4464100818832476,0.48436525024973265,-0.48788841893237855,-0.2268681424653822,-0.24754249199821501,0.48990372578435404,-0.11221248895272894,-0.2401671767818195,-0.0500125288749131,0.16210028726618556,-0.4383975575862674,0.12534617226564163,0.05890447224460231,-0.30981960763110616,0.22973783095494374,-0.2523062316077125,0.4362951035525111,-0.2875279287631568,0.030798746877126817,-0.11789448854910899,0.12654613626603517,0.4345019382912644,0.4588995558186918,0.2219869112729668,-0.4728340867817483,-0.2696240879114965,-0.26885787897461144,-0.0842791216453339,0.3532517083563368,0.13567871487728825,0.052143802505747947,0.2214634666828356,-0.14453263113353063,0.4457896797840334,0.3129995508169434,-0.07161821247961996,-0.39325212519815567,-0.029573570414392906,-0.36196162579048907,0.15032184562763476,-0.18545239554498114,0.3633927707191167,-0.1500384113452676,-0.39331712714791434,0.03830234139979842,0.3459199426195545,0.36242643972929023,0.04531369763878139,0.39587518734876936,-0.42734389205298595,0.22886546315609227,0.03353601631440459,-0.171891081856092,0.3512711817672083,0.07730835842356044,-0.05406165187876551,-0.24279123562335056,-0.08019027878258443,0.4431997684755339,-0.38862642813297166,-0.4774693204375685,-0.48966222452770336,-0.42431691633246815,-0.2533681893172751,0.30645266561129736,0.4830938753952295,0.13754656437619464,5.497977958190326E-4,
-0.2508844895144496
0.39302743462227707,0.33572721680903256,0.15066128560111328,0.3270813173727084,0.03356381244422253,-0.008563250806053312,-0.182234878503791,0.32995152353100865,-0.04248577539759251,-0.44676326974610053,-0.33967733806713746,0.4865248666619618,0.47812987699402015,-0.1534435659617973,0.15330550552625244,-0.3492768849116896,-0.45222902269536813,0.29221100508277364,-0.4086930240527355,-0.37999851115220906,0.3364484675170578,-0.4678319914433636,0.022379646075237132,0.15130614120484115,0.056132550936542104,0.1708205266970106,-0.3182014203686525,-0.2306674382491857,-0.1173584298588709,-0.06905928279606073,0.44208582897503057,-0.3060091040333544,-0.3328506018354363,-0.09590867900527641,-0.22304903112868874,0.3608814419126419,0.497158724407008,-0.26811933399483606,-0.25609424222328964,0.42831751495884157,0.06429815927476838,0.49140947291355136,-0.4690794133765836,-0.12732763507367437,0.23172753155783446,-0.21786166495237033,0.18525131583396762,-0.24479730921371753,0.14992013087113568,0.006418280506897088,0.24158780354172874,-0.4881467585584978,-0.2332933757261023,0.12332684740142391,0.1041450323103335,0.16572972164697944,-0.39917141091376857,0.21619754269245386,0.2001998862543675,-0.309758985101298,0.2036196282431665,0.059768834210315376,0.11955276013680376,-0.13837771492878312,-0.17938474822304792,-0.501249345304153,0.1818388513348477,0.3310940691496275,0.3830058746006913,-0.14316683384561232,0.13240337154030804,0.31976406333124036,0.10825932842316137,-0.21636094873725994,-0.04250627405652945,0.2934797107670321,-0.330095002430471,-0.08315311906946539,0.1308112249404532,0.2101915471191497,0.10838489563540003,0.4876902560742132,-0.04399701376289416,0.4489886707619039,0.3980411593325737,-0.46973664894838724,0.053465242800960384,0.32781927389459714,-0.1402762272686918,-0.33145958369879297,0.4548666468959896,0.19601064574697305,0.4141661043109303,-0.4502567466831035,0.2150906407135941,0.44805475236481557,0.008190113678387732,-0.13133255407075337,-0.07116576982752983,0.4467271707471488,0.41396704494250186,-0.4151958549271612,0.047889709345502025,0.2664583315298073,9.733079552477284E-4,0.37257138204699175,0.435175025406032,0.37197794076865837,0.010945876517927553,-0.4353046945256955,0.16286781618771332,-0.16739500991626208,0.32805487763784197,-0.15024228734871745,0.1645364129238263,0.4391570148887048,-0.27032435878888,-0.2328460923644505,-0.015048978714938934,0.13830410181734068,0.12755625383541316,-0.3938196676833991,-0.4637029567490814,-0.4717050470779042,0.3648408655212743,-0.3393012299006615,0.4658012280161659,-0.22966695732399897,-0.27867687276658953,-0.08319982514606357,0.46732092122084096,0.16148338548178867,0.3974677434179021,0.1581178056672994,-0.37176441652134024,-0.2121584778672739,-0.10284697510019954,0.16191578442638113,-0.30698152189452615,0.13079789612667406,0.40975046903067197,0.12880591520907728,-0.053844002605702594,0.2345824523766528,0.0040721135861030615,-0.2600777904774357,0.26962100172996434,0.0598759324801525,-0.3101198245367715,0.2676088409961676,-0.1861048560881534,-0.053874320817349046,0.1770676209091803,-0.020845794416408596,-0.3634250229219584,-0.3156944420422369,0.4682823737910821,-0.33217010145869247,-0.3911147153912133,-0.43778902344134457,0.25768200130483204,-0.4785296383470103,-0.13203806005613636,-0.11401835077138518,0.47666950528475865,-0.3039446079377726,0.10155613550894176,-0.09560363173416082,0.22687532009586345,-0.0997659898150753,-0.008149343094025804,-0.23341455209347492,-0.22868553633454544,0.01645525257070219,0.21636779604208203,0.12915815595671368,0.2165616919928968,0.28534751302891065,-0.4935122815327791,0.2953441088484005,0.011951871797768797,-0.13778506532609722,0.39788541724778653,0.31659888838941147,0.4162266273501413,-0.3820041055152397,0.47223268063337603,0.3162260865005297,-0.36228729114363795,-0.0982450900767949,0.08580153029224451,0.4049193012859807,0.44103087662529566,-0.3922437122139017,-0.1918560017633427,-0.05027105048350305,-0.36850081587016087,0.2973940386667154,0.05281225811501595,-0.3691890236167535,-0.022192470491608267,0.3147293223685889,-0.3278776453367032,-0.3255844231541655,-0.18579449434708914,-0.19588689391344835,-0.39074605032772086,-0.11407457113122528,
-0.13746332456672308
0.29214031345455144,0.05632357563014668,-0.37385325212023196,-0.1369979423672227,0.008853497328666212,-0.06878279313626218,-0.3476495031785625,0.2982689560347824,0.4952186334789473,-0.04020436371330354,-0.11668032348153927,0.47810664405804343,0.04124779471139868,-9.416920569644172E-4,0.4105221793405226,-0.4063511844438555,0.47147299087253913,-0.18998063355051437,-0.1842732696886839,0.43231506182877033,0.3956324427754949,-0.05689600931772154,-0.27816806584265147,0.2301251800094782,0.49773064213816587,-0.04554534759016213,-0.2751064602382171,0.3867348236565979,-0.3448386326541505,-0.2575805842612408,0.339404729736934,0.317439167543155,-0.3195851197567515,0.3952881615792219,0.35491775724275704,-0.29142804101046293,0.25901680291759205,-0.4248661528617815,0.050304740973157465,-0.03244854764326315,0.22333082093405404,0.12786097064143448,0.04056972259451148,-0.28610087123478894,-0.3574938878654333,0.30555793266469417,0.14181273979720094,-0.2547106058501066,0.3396999558181341,-0.28489992485118804,-0.46838316135017316,0.030128741003267533,0.3507910825959492,-0.1344929477338918,-0.3453228048674937,-0.07202380978348748,-0.47030052181608145,-0.02328901423850175,-0.22217332162419906,0.01965153636710123,-0.025772419740926512,-0.4663509814959223,-0.16611966178570453,-0.35918723935654834,0.1975229960044162,-0.07786386376900915,0.2103358784158948,0.45594747496194293,0.0024690287964071324,0.36676376862234666,0.43681765115382015,0.18413656204823164,-0.17021502656284987,0.3061088214169198,0.30425378669736286,-0.10638660167589391,-0.054654235338506045,0.28682611833913646,-0.19087253986921643,0.1190547190149825,0.20820623925379017,0.4357373230592481,0.45774515645801656,0.42370452337779146,0.3180420974310683,-0.4221823239292935,-0.11168425909402717,-0.0721545248409176,0.37919667051506506,0.10802112065999021,0.47273642267657473,-0.24420282814865674,0.3382483590105629,-0.20382600488319086,-0.4546672451823997,0.3155338299409311,0.3529908845494904,-0.19329453196650787,0.17240162213916715,-0.18182104668665505,0.43294448442935735,0.348773179174481,-0.07574247379754,0.46904772281297097,-0.24500652362570857,-0.4626193950915814,-0.059415515964182535,0.3175725790108019,-0.09752894027024232,0.24237223477772446,-0.3097534664637969,-0.15963886999068616,-0.09800988109520485,-0.07026813821127346,0.21831274486890756,-0.05020028906568957,0.33954423811500883,-0.24160250221180107,0.3459026475856258,0.2700301449894245,0.02588035528552487,0.485846905105024,0.24256096869826088,0.20279089663256938,-0.34912923466583806,0.05699521146766002,0.02622097943988152,-0.48247158470417467,-0.3824111448253284,0.103486358511879,-0.43758176802131826,-0.05665196854594739,-0.2209805813884767,-0.03575130498401862,0.4322674109432007,-0.4852118516017277,0.11381107607388359,0.25322398030722854,0.1178167677500745,0.2290654657934446,0.4722048691305167,0.4464683067653296,-0.1862535519557043,-0.09064712698012727,0.39924954274152274,0.43836280419281387,-0.084022034311163,0.03681604255841515,-0.3003593774430044,-0.474539783768726,0.1606144005530193,-0.2864516452178894,-0.15300271072164745,-0.1834665691976241,-0.40926821447219136,-0.15079157169646068,-0.4398831237515543,-0.36131938610551445,0.0138941786421827,0.1260778303125008,-0.13027565835234772,0.11188058664387941,0.3798661368156298,0.290421687970792,-0.21854025353153822,-0.30181856003098534,-0.44415183592949664,-0.15755236172313153,0.20432379266933925,0.1967443837516894,0.3056621409617511,0.25282381686071137,0.158528203441841,0.3522536277314657,-0.11033493351502237,0.4206299255700458,0.4026735633169161,-0.028257521348681126,-0.4062282832207336,0.20577988920103346,-0.47259519750878315,0.2036746951757003,-0.33118271016611506,-0.48163178344565566,0.25117011178417264,0.42315934786586024,-0.38440619964743367,-0.37194323209514785,0.12343637772723055,-0.011533684511072593,0.486244905513237,0.06853238201853591,0.09169034061266475,-0.013451143785037398,-0.11069481404343366,-0.2447701215770252,0.4207813155243692,-0.03093153085417089,-0.3164774289866596,-0.29107083917482107,0.2666381347102455,-0.40454343389652586,-0.07529751488097385,0.0834990285353658,-0.19888074612046686,0.04583642651475268,0.49016561734817415,0.0329745697533444,
-0.22139826495139012
0.04380446350673107,-0.053318284210212306,0.3209412682150333,-0.351146941142017,0.34036571478289024,-0.3470916841987276,0.4772298105134357,-0.43814422115646207,-0.4568707163545838,-0.21543960902076698,-0.27000831861553004,-0.2775143141094702,0.2571027894402805,-0.03288829320572806,-0.08521829384588532,0.3156978022250449,-0.4025102498206267,0.45701345671880617,0.046154950972162795,-0.10550225759905224,0.27022962463125066,0.36521538685258587,0.26390000174160555,0.4913761541413155,-0.4161408353713442,0.24552316473355715,0.4238675497581856,-0.3848874442224244,-0.049900406601441565,0.47990066146099997,-0.311192745088657,-0.46131151538731485,-0.34081583648784664,0.2849013992153889,0.09239239168539629,-0.3091763113572872,-0.02616622031317684,-0.16416374571301662,0.19963454595329522,0.15252861266759044,-0.1229380636099962,-0.040436125626198506,-0.3321692782183793,0.22920791092813841,0.12897368685681054,0.08299106807183826,-0.2769967340444753,-0.1788105082053585,-0.35850464658811815,-0.3609809765965691,0.3112845041153158,-0.15414356028907283,-0.4374258575658592,-0.06842203342217629,-0.04186398349106305,0.2796749263787804,-0.12258776271333954,-0.4607261846273328,0.17440375858732537,0.4822783350076684,-0.21997791593212157,-0.3020822725682723,-0.41499275286711795,0.3410019635108585,-0.4538820600375439,-0.2562439437104725,-0.17576086491767573,0.43145593410137534,0.1471200002165115,-0.377930118807063,-0.3589353775295188,-0.17180030104084487,0.3850868453179335,-0.3300850899727094,-0.41152490826916305,0.4193082945640925,-0.10031866313248189,0.36712410826306147,0.13286341745652286,-0.4204023649297563,8.129189655606908E-4,-0.48370325329053526,0.012553726170424905,-0.1604980807992774,-0.08560975442803559,0.3603495810627388,0.19903115760428747,-0.2499269006414932,-0.30634492481996894,0.4753069376416527,-0.129917841087679,0.48929928289721386,-0.2551409034342718,-0.11364156994502489,0.39096940616255843,-0.11908534792135578,-0.3564165894571451,-0.2531858427882186,0.41792993284270924,0.4041010857008602,-0.32321010961262814,0.09243965002996574,-0.11230157357234222,0.4609573121137967,0.3357325066314117,-0.36224701895493855,-0.16257735670589313,-0.36166140767967075,-0.1938539968485773,0.31621970718683484,-0.2887488782271252,-0.048353850506059705,0.35466806740989115,0.2828813780880342,0.053037882736858465,0.09037237725381803,0.394240421238713,0.39580594736055735,0.2590227639905511,0.4986842154388558,-0.07372669028285944,-0.22815071921117192,0.37001003490039747,-0.2809463356305402,0.0036467590011766827,-0.12743076270701525,-0.28051773569081934,-0.1970787386180628,-0.1638387839529366,-0.2822656383384948,-0.37775013918634787,-0.2503955614144756,0.16883922269399043,0.24672203615356092,0.1876516988464082,-0.12686053626104166,-0.39648126725991734,-0.44779864313647505,-0.22801464057954868,-0.2835272952608941,-0.3945321634163235,-0.3041518570558947,-0.4532398516661544,-0.36660774429948734,0.03928965608076437,0.08244122153678995,0.1525301060291413,0.4408191830494102,0.2121752658083379,-0.08345986927107624,0.43247791567419175,-0.39244722661532777,-0.43239819486729997,0.09504627127665116,-0.20441482872722827,0.2902914809881539,0.3688612315643886,-6.986980793825775E-4,-0.15386214083044314,0.1537279058704818,-0.06065458993036491,0.041977631731881924,-0.4655189153903532,0.3187420533151835,0.2853010543606697,0.49686781048392986,0.23334948029834768,-0.02880558080464784,0.21680832228506108,0.09378120285463137,-0.17523410711371368,0.13354648928043378,0.4040244624760084,0.09610746491327088,0.09441258583559214,-0.1474868040088927,0.1582748632803862,0.09520846725362903,0.47354577054218566,-0.4118220455371155,0.1113607766779347,-0.4463484939528331,0.44293627495336,-0.09652194660848573,0.3814941048781966,0.20839826721324872,-0.28101576057130134,-0.3523057408079672,0.2605569734167413,-0.19458441699812723,-0.3209299810582101,-0.2964447818612937,-0.0650758481080645,0.27877585748011685,0.3513663877665247,0.02479388021185664,0.2608746853988048,0.4101659307153826,-0.3062473636585498,0.12946973525668704,0.15565849546981314,0.20882557444647465,-0.18286586123645687,0.4340969381460917,-0.2634274551041838,-0.26271249862502405,0.2703854766421589,-0.1854047158994917,
0.16076325496682875
-0.12907526979165357,0.49327046624673926,-0.44158304563913187,0.005670144429387313,-0.4448950334539371,0.09631269833171492,0.4630786088900291,-0.17784392920982034,0.36891970092688203,-0.401615332621245,0.09865928716559717,-0.09279037781315186,-0.046709450521506206,-0.024586066306518578,-0.4858303805943092,0.4530704741209467,-0.3802200946844822,0.3668158346302086,0.44281878328121543,-0.33374875137007426,-0.3008741986030094,-0.006692055621534964,-0.17928843065467837,0.3963969032791429,-0.3693635590462546,-0.4805664653389012,-0.11088044695029889,-0.10790583056247827,-0.4777770591361018,-0.20655370369943124,0.3961014388523827,0.35928649471653634,-0.06787667841798763,0.14622229851011959,0.4497686138511171,-0.11203542675763818,-0.08047297715090611,0.20498797696893173,0.38694942594361953,0.22383245165381,-0.010427381030462693,0.47946044517181824,-0.38364187007009337,-0.18714405726831634,0.42251284711597886,-0.1758882157469926,-0.22679328221745093,-0.4792569419742802,-0.38595119411462436,0.2359779534935224,-0.3247416864749683,0.4378397165189532,0.4777962890442335,0.3573017238801432,-0.4869520284338296,0.22259661028393624,-0.3330707075873976,0.4775541297412312,0.42426052633523187,-0.494080400293653,0.3552576728171504,-0.20711993434729964,0.10401321812103585,-0.01796328318340118,-0.4145250118367216,0.1739754612037741,0.3849117411932694,-0.054810156136079424,-0.2599732584944828,-0.28218296062509557,-0.21577551800766964,0.19649809974982885,-0.48084847215511023,-0.08567030201801214,-0.1397535349412295,0.4416284020320131,-0.0790020244372271,0.3459911223875651,-0.15409857440133706,-0.4725510239973784,0.11032325095326483,0.4565367172446499,0.4348562284482537,0.12462940369752096,-0.26487063334058186,0.07434225767144524,-0.21610091309149443,-0.2468095638602154,0.20469577527775734,0.05672580757860124,-0.23494057841072608,0.369296130597816,-0.3221820783488257,-0.3666755204126256,0.2519235734992645,0.08411922079122185,0.02666329995714463,-0.23013473623220332,-0.24317269523076218,-0.030599723414797372,-0.16049218178509367,0.14806411512216494,0.049082563061688456,0.3193601193172337,-0.39528302873515136,0.16305060329410898,0.4791226648247417,0.18491393416090357,-0.4213119983207338,-0.3233701485562461,-0.3905737577575347,0.47367438303760995,0.4820705288183634,0.13285798779862007,0.41030736992508793,0.4180208583212856,0.09143500302312739,0.04182063646905265,-0.28286463747552654,-0.2464499724732167,-0.0023404867625100917,-0.23183150230554123,-0.13472513008729897,-0.478487331985567,0.2876575366005872,0.02287815773336073,0.42001254422637274,0.01138067706321898,-0.3273297843067485,0.4498700592368568,-0.29903568096277194,-0.006523248083508809,-0.36580109656504495,0.22352982901184354,0.3639328889228239,0.0566390865056734,0.4877546876250847,-0.37115687327315544,-0.3520880414358875,-0.4378181557002215,-0.12504635311833856,0.18276845628728883,0.020910530555956222,0.45295139018734837,0.08608798361754415,-0.02636398236598385,-0.13450337764108894,-0.08493237207984601,-0.21184546134341892,-0.45522486908721044,-0.46656301562635644,-0.32002152612900775,0.18742411217630356,-0.1707632739788934,-0.4314648257084878,-0.4242553946329501,0.39098631967810876,0.3543913203979367,0.14774782710770423,-0.21098901125749242,-0.2516935274859903,0.17834707480291762,-0.17711557981341247,0.18291042444041955,0.2516822215652103,-0.2054533176846211,0.4586737835943901,-0.06881637882483645,-0.34641035303357576,-0.45343445206542515,-0.14229451057110393,-0.3249109445399166,-0.18074020990255507,-0.06795155490350287,-0.0612674181130457,0.38721554702390876,-0.025571739905792576,-0.457115031464528,0.49204711719110356,0.13509880490609966,-0.0689479560702085,0.28813914198334817,0.47411771911786277,-0.022417174257055736,0.07788943881476267,-0.023088315581154803,-0.47659588703462047,0.29815577936252863,-0.09180977090213278,0.30022843014697015,-0.11975941788314566,-0.01797071689364546,0.123345098709414,-0.25578829567298605,0.17590699188098452,-0.022481253089784145,-0.10080534290813432,-0.008794375223085824,-0.3805181659256312,-0.052678026898845265,-0.26919980403034544,-0.07880895016071827,-0.04420061023472732,-0.08841829553276266,0.3818295368574564,0.41273892602131795,0.19380869752114188,0.012157492101100386,
-0.06327805119337915
-0.23489274211289285,-0.48389817918391476,-0.2095017745698197,-0.012380224392834172,-0.3168806034662796,-0.060838517066915336,-0.36775222820919823,0.16391138356480212,-0.4648397694879494,0.3523024701137783,0.4408825958011931,0.03337760225407986,-0.339123920508226,0.16841619142814443,-0.1904853677371506,0.40331084171683523,0.3907930530043343,0.49252814427926944,0.4869277556019962,0.4856845872006858,-0.3655276047472305,-0.04851096844419302,0.26759766062433044,-0.35546855268720395,-0.27982630556700355,0.4396306987504076,-0.0961186491588643,0.17819024570129935,-0.4926610509474463,-0.0852214906511656,0.11647437051986928,0.31397156878425536,-0.34066345856543917,0.03365710393320409,0.2863328551522966,-0.4870103446758006,0.3625767848347059,-0.146342612426093,-0.048241587363283926,0.3883703473152759,-0.2871185771403561,0.05101702737070996,-0.19439465201804448,0.02451516959504999,0.44414596504282283,0.09977748824787552,0.4894446347132729,0.25090014850754494,-0.3237014041067547,-0.3535576422941686,0.11665261888535977,0.47439490522181355,-0.1221521134872467,-0.12798622544520086,0.12008332630825308,2.9485536121512455E-4,0.2963604767224,-0.018785301449469074,-0.28295409413697675,0.3843100592563316,-0.30319234580448257,0.08369529249140556,0.011604197098747963,0.2488193184459652,0.36578977069805935,-0.36062717929016647,-0.48696188630491205,0.16962055224539643,-0.01090946947673674,0.328531470629189,-0.3606555264603604,-0.3064887870527007,0.19067816054539735,-0.32296517632793426,-0.4040549134377868,0.282383042276487,0.2331834326010738,0.017980291968539373,-0.12769224156821032,-0.00388178397597333,-0.37695048974747974,0.4033514894094164,0.482976179931443,0.024424010561868856,0.13796192300613466,-0.10729903370137056,-0.005457379695870162,-0.2431537535702659,0.09983177589666264,0.24062230420499622,0.32638733885389765,-0.05944792086427191,-0.44648136942842903,0.3807473310024763,0.29054690259568167,-0.3829250755120687,0.3796438937228331,0.2612303112533068,-0.15513670707851476,-0.04793421232823596,0.269259976829118,-0.4748417582258511,0.07360429769259108,-0.22380339204852026,-0.08119630400327121,0.24905206481392186,-0.01896498008076594,-0.35928702925205896,-0.23432280655952362,0.4536011439344419,0.2859592577626144,0.4577351990896312,0.07796347512406437,0.3829989157208982,-0.46096135116404985,0.34325801472022627,0.23619770907923124,-0.38727484713283883,0.04973649686912391,0.1099010263784474,-0.3992208353979388,-0.1096540637198084,0.30602217033692375,-0.033186633500289435,0.4455236883052331,0.23987982681183853,-0.20248859782335224,0.37573788437964434,0.05601939221650438,0.26750461750024807,0.41150613281190657,-0.31490865757289516,0.24086334640814025,-0.20514406181665942,-0.138562354017242,0.11801887045979226,0.18452075402992754,-0.0841042713554277,-0.07149540475571853,-0.07426724890008135,-0.21753828899660074,0.3243044639068963,-0.350162033789094,0.03404664744915382,0.34239569123411223,0.2905785540074535,-0.029687477534444864,0.3088682516865899,-0.19016306135538483,-0.018509995918422808,-0.2098351384154233,-0.3544849534360219,0.4818987447176121,-0.09070740857176368,-0.21313390479340463,0.4470689690333263,-0.48987162705177073,0.17403502082431502,-0.1327630469492965,-0.30141217404425796,0.3613580984130707,-0.18043173727880465,-0.3854181700628199,-0.23315746703288073,-0.19503712282243732,0.06231092034259684,-0.36434251799922796,0.25935097022014325,-0.07442199998973559,0.371562608777869,0.28358107776266356,-0.23816925727415325,0.12224518819780489,0.38113252655017976,-0.1646786251393851,0.03979475601112798,0.04811887324200843,0.3942763630564183,-0.16379398656357,0.33786507607272426,-0.03072092938201069,-0.1925882318913543,-0.011083303602777069,-0.26051808306123864,0.07686091149482416,0.12280863698561456,-0.33926666642043607,0.16003656440117,-0.12637484040718402,0.3464274624850077,-0.18967284771923973,0.43805808074213054,-0.12574214480744003,0.47430546943673463,-0.10580802366830638,0.16193581380330604,-0.4918980492745069,0.4593666389282855,0.1028416346141185,0.3237606256516113,0.2936866905509829,-0.47974159326441285,0.09819108897572243,-0.3727801054267002,0.06633604161072254,-0.09520554468076853,0.2760771803953274,0.29308250891127835,
-0.13888552551393019
0.25405706269430256,0.46286970255734716,-0.4951253300228974,0.20648387173158722,-0.48211396355483055,-0.13827068013138213,0.20790058710718975,0.06000312319352384,-0.006599603497045308,0.03511982633681157,-0.1394780350149379,0.1217023739538968,0.39251654113980683,-0.3507137086375225,-0.16216612780101117,0.03713935988191195,0.03734577128381905,-0.2537796076514496,-0.3546764923867114,-0.4247766053444545,0.2095113926226629,0.3418876419900175,-0.20687218808575322,0.46870528963311997,0.39214979593649524,0.21077905950048695,0.16033372932582268,-0.06590214439323692,-0.3472916925462763,-0.17085629899794433,-0.04697522760411316,-0.030755533547210716,-0.30627012703086737,-0.42046056672269144,-0.09458045741059959,-0.4531168540224996,0.16297802790495233,0.48448253216407544,0.20150303140338058,0.37940686002672486,-0.3419529346913527,-0.06542138831172989,-0.2926428685307787,0.016440676273401865,0.4885601856044337,0.10112907078524441,0.49202736533320923,-0.3455478455341754,-0.3371887116057255,-0.01385450638918018,0.29263573480298943,0.18911864108337065,-0.24114430016862817,0.34902889948703353,-0.4707769692893238,-0.28074297250711944,0.3055198965347842,0.07250597269547882,-0.2874874479121545,-0.0752842429700546,0.05220710596210501,-0.11768155388334817,-0.3963414954172779,0.4832158793076775,0.03782205116878781,-0.2809639914742411,0.2829917647936466,-0.03437519522942875,-0.3172778818988302,0.4754020447609184,0.36387796186646437,0.4548103158279587,0.22232903678540952,0.25891064225250326,-0.05184664127992808,0.47013678455921415,-0.32298847861827695,-0.18314736365491488,-0.4387933130740922,-0.35217061209888245,0.21007644486916058,0.26985711148527103,0.22762577395191888,0.02684609976017429,0.16418167772755923,-0.1600058288979835,0.05242991155570667,-0.27943854985410443,0.28621146638319317,-0.1692065095413859,0.15826012499340672,0.21648025067700463,-0.34836936356895676,-0.28092723166898903,-0.40449856137221896,-0.4606369172758843,-0.41843841780252855,-0.14774134639278244,-0.10983771485526866,0.03755990854223115,0.40930346281333174,-0.09007773792043722,0.22343836967831857,-0.39198809112424193,0.29774072107636884,-0.01545987563170697,-0.15276073298022427,-0.23770417561573917,0.43506337053412625,-0.1359692663179509,0.23155809452536671,0.05424925070630329,-0.15655059439977767,-0.14259422129144625,-0.3875841122056016,0.0391289269049824,-0.2761651554880282,0.29491414407624184,0.06321377923809135,0.1149190760800583,-0.2703750816175452,-0.3446540124540577,-0.05232185636638351,0.3083195797966447,-0.18682501015496886,0.1257033166543918,-0.3708153627922315,0.3111093057682226,0.3210978524945878,0.2822321005081221,-0.3909004871448416,-0.15300746110396254,-0.17207072865830794,0.4968506443402032,-0.15412269840193613,-0.2452981631521116,-0.20758879487933599,-0.38070230126419546,-0.1329936186903756,0.010043616857519828,0.4966281100188512,0.4628625257790916,0.42749447216586645,0.2777375377652883,-0.1145415843937036,-0.36965098163821264,-0.10856107870649573,0.4833145137864526,-0.13771971488956944,0.2569640905977274,0.21732695356454948,0.3260023400913703,0.316596335560433,0.31811044338252015,0.4130635802223681,-0.38455812633132236,-0.3397802504949464,0.25260221116964104,-0.40667424269007446,-0.1917590568465539,-0.06911023685684031,-0.2143884484904792,0.3196935029298549,0.14478700268591718,-0.4143382449987515,6.930851713014382E-4,-0.2668901146682392,0.3424039659983379,-0.04885659746226509,-0.09347803810528571,0.09857315557858476,-0.11214774290141444,-0.07637517175601333,-0.028479099544326904,-0.2264332570373617,-0.4096646465566991,-0.08062224591976092,0.3583401479420336,0.2845832291793593,0.2055906783469266,0.2638745458849865,-0.11980657305673165,0.1502008812434729,-0.3776943453965327,0.17840507171657563,0.02234247154996296,0.32452242598092595,0.31401487560146024,0.2735457764903516,-0.2754389752939581,-0.3486124529892316,-0.49720207150206497,-0.008838307905448083,0.004198877668870586,-0.48237809874707915,-0.2444886912695143,-0.24990084852639843,-0.08549458786699188,-0.027312685660264437,-0.4610476503913564,-0.354547090786387,-0.2208389489676815,-0.05755093941823661,-0.40273326067453086,0.42726846983048805,0.12150412455939569,-0.1936219700608087,-0.11692435040395993,
0.2855816794545704
0.20516822425316297,-0.4802854539524102,0.16277332675678496,0.2459726733963925,-0.2828577534496097,-0.2593164159231894,0.42055672733074445,0.30111341545508935,0.47359146260366264,-0.3124829164541974,0.42777587270906753,0.1295097467064075,-0.006992299044121588,-0.4295179369633969,0.19693640987769462,0.4573221758684571,0.07841869442907849,0.1743917077789479,0.2265281098992313,0.310040856598966,0.37461778721627176,-0.3709313179770912,-0.33716258674882404,-0.09454683271685704,-0.44429869002599925,0.031023495309868285,0.07843751019688024,-0.06884209644927038,-0.5052432834248181,0.4282317090216748,-0.34139870139116635,-0.043521692878046074,-0.460558166074494,-0.12948583393201643,0.24822088577807946,0.43767904176861555,-0.1904761957029431,-0.3192800946572731,-0.10859771035986392,0.23598612942464872,0.24126850867636787,-0.16900308630798808,0.20522479490503745,-0.1712106535288884,-0.021184338745118842,0.3407176495857795,0.18135841703226965,0.41998874602603414,-0.4285695567915046,-0.11200240505269736,-0.23221666525493265,-0.03322040032392042,0.36600562498719974,0.42563030768707993,-0.09578210723217655,-0.2574517838450962,0.4270165958174476,0.4419892115163954,-0.48729938983205073,0.4254528934922219,0.292057629827647,-0.3477414337834583,0.3158175161273619,-0.13826594016436453,-0.11891178099019122,0.3277880547503939,0.25408964450770827,-0.40905736081305394,-0.08266936793681383,0.17546657255237266,-0.2953002633229321,-0.05999831129036362,0.28904822434198735,-0.3356373514857877,-0.33434898355878234,-0.006006813428440268,-0.11602672447225697,-0.03651969569306253,-0.4373846453492663,0.033788520008915274,-0.4380577301103909,0.2023307840004708,0.36014165461332975,0.094117508918889,0.09633561868741143,-0.40487777895875104,0.2145599191890282,0.14039750546940002,0.11120761699458777,0.0797207012073375,-0.007169745667995239,-0.011379271682402959,0.2685318369410648,-0.4858619863683889,-0.40025009896450886,-0.5001754789473339,0.21877603871144505,0.14615258448350568,0.2053459982924715,-0.23085448058724242,0.11805980444100712,0.02577200053393768,0.1449452713567251,-8.140521390927884E-4,-0.16356306801057172,0.2655968263912008,0.47632641764854583,-0.5016041644612338,0.3343842830276102,-0.42925278272287465,-0.07847557827459077,-0.2225974451622271,0.06836698306731466,0.2578651155315838,0.1952709338291139,0.029694943039963183,-0.29861031036227054,0.06180665157351542,-0.47228221873806137,0.3777959316835409,-0.15926749913549795,0.38899078023174355,-0.4739938963174049,0.1420344685556322,0.002608640789691921,0.3179716927296769,0.38740632674365777,0.04625381354511557,-0.48772903098899983,-0.4293455935152109,-0.1238308991034696,-0.2867299647174279,-0.41186727020758435,-0.11832592361799037,0.4068913938317403,0.022620583162390615,0.42975746191321257,-0.3211886963968649,0.03911527001081047,-0.09587951643545882,-0.26788837647742164,-0.24608228638450388,0.18104187346569792,-0.07703113265175836,-0.31773698060933014,-0.34832335028786016,0.32465647223619304,-0.4243736960238444,0.1597468822635423,-0.16737348587327136,0.19022504511360253,-0.43959091282157,-0.4418895460828138,0.2772249725004608,0.24503618605628336,0.41272395787517785,0.3726864776911672,0.08933443602723752,-0.3205725635983239,-0.1979074267050561,0.4584342454172589,-0.16963994187535578,-0.427452447166269,0.4765920935705889,-0.34827329692730097,-0.23062580767662363,0.16097186395381194,0.31006484492866054,0.2712507650611415,-0.030088674713839095,-0.16479909590673544,0.15842596800196343,-0.13427286961081616,0.15072061570072073,-0.2677631263985171,0.2636253718499931,0.45994490931458715,-0.4443866689270038,-0.43315322556209684,-0.24270364225108607,0.4656455543166304,-0.3533548510979155,-0.3502151832493336,0.41084972494949906,0.3700795719512527,0.2952242444184681,-0.12183924949360307,0.1547493065190684,0.2925985107209483,0.2873375740858484,-0.1486948836573598,0.04693076993322662,-0.49156603177147223,0.38193993141761057,0.1648963312917129,0.3088026427560852,0.07885410843657122,-0.13434872290953379,0.3667783556982553,-0.23300525722056573,-0.20182251519606884,-0.4677404445911007,0.01981218748143003,-0.46000415451584714,-0.2293368431356437,0.28212833135506005,-0.189731876338165,0.09104895829915079,
0.12713366193291478
0.09026483393880823,-0.32951810426220124,-0.1620378581951386,0.05763915655503953,-0.11971597767125433,0.3995461475824747,0.31455170807326144,0.25749948689762553,0.07375688388195345,0.4747068326810523,-0.3735822769633277,-0.2971083149724143,-0.22752924149102083,0.1602856045364568,0.14734461588039777,0.14027372300147345,0.4087592729897586,0.3762104970098355,-0.2042763234266098,-0.3608609036641187,-0.47179944202535995,0.3424620480819691,0.07556470519526119,-0.4821554581165169,-0.3517336461699909,0.27287286447773434,-0.13885083113991384,-0.1545112036861236,-0.35480861650507417,0.12628451715545055,0.42891069816249117,0.16122101049906376,-0.080006881610656,-0.3015925382198967,-0.4456102930021025,0.4683362009751541,-0.3264659607268204,0.14350978796041786,-0.4134373525162872,0.006375507334224515,-0.019489024152553384,0.3511030740464812,0.28786100219295874,-0.21753133895462679,-0.005194590515132293,0.4726410868649543,-0.11427488085163695,0.3516863443376066,-0.4596640827993781,0.2905841849311781,0.21938980136608827,-0.1240283258218342,-0.4536479271942645,0.05451250922997924,0.08596121608941232,0.0630094762710025,0.27135064526978825,-0.12995772351089901,-0.10955108408601477,0.1885660614593025,0.02627776933715453,-0.28029095181035424,0.486762164816574,0.03975134160225673,0.15560528472139007,-0.2806364694613106,-0.3398587483350324,0.2816752581710804,0.36395885646055937,0.2692903064441693,0.046219934721498705,0.446259207575049,0.08632593435134528,0.3461739402874967,0.40789203952577113,0.46950284752417915,0.4914740910514349,0.3002003833048279,0.09838217334821375,0.46229521279401786,-0.11893894374326497,0.17099650861660248,0.22739659827341402,0.18989831922521766,-0.2989800175325449,-0.28322605984516624,-0.48304306248969797,-0.4434794129969266,0.11715461795865023,0.06295776133515141,0.08449642672438373,0.24393625960389503,0.12348071909068647,0.11974479659702775,0.42302403120219845,-0.4631036620710076,0.44970193881255605,-0.30755015241786543,-0.3383603591212241,0.28311521288057706,0.11330915061429114,-0.4858369741456764,-0.21559129300549035,-0.11809322670626854,0.3221448961226181,0.2671544138709643,-0.13841774780027333,0.1730823376711788,-0.42512489662689235,0.027627236969900878,-0.49562556989798945,0.1065120361089642,0.22966247954934532,0.4678345761078858,-0.30701379423178365,0.11279037398168046,-0.48456269025721443,-0.4197621291879201,-0.15270944132818082,0.1667357605858742,-0.05448706055498915,-0.34969875686501106,-0.48942906475621173,-0.36200729048714453,0.3598948787295799,-0.3023221080429941,0.29893154262287724,0.15679442165452656,0.3704838976858029,-0.37004001053090685,-0.16752583289305129,-0.11201672340545843,-0.18752486733212265,-0.09117255893833465,0.20906353183706022,-0.197325745542209,-0.0843932663096042,-0.38465541077384835,0.2074785597503211,-0.23551267065969422,0.3005134018714479,0.4193181368962926,-0.18602496671399033,-0.4939377502410178,-0.4217089147972577,0.10704390809138686,-0.14523978463193504,-0.13839078605640448,0.28548156490251597,0.0024337044073716933,0.48660750044343415,-0.057462458787587774,0.1220363204210636,-0.17157214445714858,0.048815538452061595,0.29574368089519076,-0.023578649012158562,0.29876305756464505,0.31194233810468786,0.46792902733437314,0.019875768896787546,0.004579056935761414,0.47222244159141247,-0.18564331932036499,0.230938603650007,-0.033987970924529605,0.3353005263385117,-0.16325401629208164,0.07171006859660634,-0.44416374687096716,0.00889243943891712,-0.18745789022580622,-0.32108520224551296,0.3703800768857597,0.0812109965152854,-0.013412469389181648,-0.14431390544590955,0.022355841392249883,-0.2995304802174973,0.13626075398164755,0.35409231451462897,-0.23909190750453563,0.1905043431163525,-0.10756256407147524,0.4237773422164468,0.28609763232979457,-0.1614676599642974,-0.19883260326832125,0.36868922276271643,0.11820381237131106,0.27328749017876774,-0.2552495759847585,-0.09827762752623204,0.40664125891192304,0.4152559137567525,0.0059328832745702866,0.41620027219484446,0.11895078612134202,0.3254563803676317,-0.044763864910996105,-0.09652263716025478,0.13723940920723326,0.4051890002342231,0.06896666881762281,0.13754012256930587,-0.0923927090447546,0.30640216396946196,-0.25575277380134487,
0.0694240887988896
-0.06431469151812476,-0.40102377532118527,0.16566105066100711,-0.3661335597232815,-0.38506941895697006,-0.27624894480743484,0.31197183685208674,0.09306462676450053,-0.4521039477240926,-0.026834395638775214,0.006257413555852779,-0.3273410237923673,-0.17417436826394317,0.3341928897809931,-0.14202996830397477,0.03863773409829407,0.45002726090808387,-0.21180641720732804,-0.19645866702500955,0.3418511417880581,0.4085148843742563,0.27777968791906593,-0.07506323875639774,-0.3887317744346264,-0.2399169534257717,-0.06826053562435802,0.20239313642121273,0.2313737842424411,0.4390649781427331,0.28734651468012795,-0.13902734394135927,-0.1977071106612093,0.3970684329481501,0.1917095022386865,0.013169556483839778,0.38913063773480444,0.12637374589184824,-0.21689253658163912,0.3700264738919142,0.1510096822404937,-0.4258151099545929,0.45181499291396116,-0.10340149856714705,-0.39321664122668015,-0.05273589449615146,-0.03130002142703036,0.4213929456788467,0.3454392284185585,-0.06526951988849411,0.024061892842040074,0.37338818988931094,-0.1876056524537845,0.42710764791105166,0.2719029884191005,0.017880907575162804,-0.08110884749711807,-0.09813550425963609,-0.4034131468338609,-0.21091341860236493,-0.3898411509460727,0.26072345939600544,-0.27267784154460567,-0.42350060493774794,0.20182511934996625,0.054459336901650834,-0.485777642209786,0.11201436760882581,0.2480365718029353,-0.2885703661135503,0.14941986501906,-0.07389585340878486,-0.05990223987117804,-0.4020076678385321,0.3676881850459543,-0.30611819606068597,-0.44895993193089584,0.4821303273497037,0.1932537537141916,0.17566956892032423,0.2393834598555525,0.24601641629596435,0.11295423648459184,0.3717337280275556,-0.3955443839024994,-0.5010835009101055,-0.34937212307455895,-0.042866786944779744,-0.2540156299443774,0.07874263696123056,0.1935940945795602,-0.45982969781814703,0.2222813454735024,0.29873180585167075,-0.4206872629235821,-0.2032805991584771,0.22418569474815894,0.19514066573936636,0.38878554100454016,0.07274993546690549,0.4860389313932136,-0.03749056896819014,0.11299032759901566,-0.3813519500620208,-0.05968713208462695,0.22496380552955117,0.359614345382739,0.2214806361858471,-0.11088497662587345,-0.2148135603118048,0.049580699438948606,-0.3648649682538025,-0.48635361992109744,0.017104289624502386,0.11633741461067919,-0.12669411467307296,-0.1282111541074046,0.12400197063881131,-0.4343941008056003,0.12659031119071026,0.14435099880605448,0.07068561031044,-0.12073820108302342,-0.20750848730028984,-0.21789809447894762,0.11648517833736298,-0.34575206662705554,-0.13408010254849392,0.378575207822707,-0.4747020818002626,0.055895577704274224,-0.27218034112091644,-0.452273705794157,0.2095393922804137,0.13475673152352483,0.19083842823775996,-0.1791224873012031,-0.22321752237386686,0.30702699467468425,-0.486503970989241,-0.40601208186091237,-0.30897110907976927,0.3308645317605919,-0.021902201693619453,0.4541353707274101,0.03497209102938936,-0.0756119037448529,-0.45732309842395863,-0.20679950633500901,-0.33472589036198824,-0.23413721190270445,0.02353896028810298,0.47709357922825263,0.3897930082727789,-0.007440898738139374,0.2425219268060896,0.4804670941595351,0.1638620001264006,0.47199794114805443,-0.41812762442008006,-0.1802921126529811,0.20213500285224925,0.05776956955573309,0.42967914059077134,-0.17889494792885688,0.3331774873957884,-0.23815758761192776,0.07009402729974816,-0.2535596398925625,-0.1141041314519828,0.27625309681697,-0.324891719273731,0.06485072438941301,-0.10993765312706978,-0.44070333565896574,0.1884427338324984,0.20766255036061063,0.3976063404749562,0.2648112083098993,0.05714868978545673,0.4720003057095041,0.28700784268663576,-0.3621207841261744,-0.03719477952213879,-0.15067707456852833,4.1880346645176334E-5,0.12624314151324398,-0.0682617136639931,-0.05335716791933043,0.27828730804832374,0.36396019419923314,0.4624753955343767,-0.15896529903506876,0.11622759067990822,0.37229748105957977,-0.4013105358926446,-0.337858134719818,-0.17156520724457905,-0.2074048138945628,0.1971735656235953,-0.06725967239420912,0.3402423326764438,-0.2831977908005004,-0.007071547014791974,0.21402182933816313,-0.4455237358010771,0.21361529038846114,0.4472325059754289,0.40010873086075965,
-0.08286163519822365
-0.03649777962284093,-0.21853545031966748,0.08729125967976588,0.14517942079917265,0.49752075601344214,0.03271024530012959,-0.20928070614262526,0.2888698314902202,0.45006213285974567,0.48388798371173797,0.46214252494768454,0.43762346351903963,-0.17248869026870925,0.26427098199093135,-0.38017992799759703,0.4256621404029315,-0.2012496367664367,-0.4771102665004394,-0.32889876718549976,0.12007550221136425,-0.30645013080516975,0.10719796521631013,0.45418582672279745,0.17990202987579743,-0.09042683462139657,0.2972654199845131,-0.19422529221645082,0.21614055100363158,0.2085697817364913,-0.22376589876542474,0.0064926679866745985,-0.20057744234758806,0.4458706927517783,-0.31671593078186466,0.28590789205315215,-0.1814332298023914,0.12256287106406596,0.2918142236200009,0.17862444219857476,0.27953401251733007,0.2743882640757896,-0.41731560083722524,0.41498480294293255,-0.2465104706349146,0.12089583109349952,-0.25861367690705755,0.2026566578879364,0.3306140605320183,-0.41611310314291233,0.39815734593251345,0.20925675525368959,0.11839081617779876,0.2567644780018051,0.25106279398061,0.2918568529213242,0.03411580334331488,-0.3445314996719003,-0.4351854690856853,0.03559262923316131,-0.11509888416956951,-0.38525274616711985,-0.07818964103689754,0.4615238677126285,-0.49722899980061547,-0.49322825082503247,-0.48307080504567984,-0.157014332018531,0.008123526397236198,-0.446147919791778,0.2339050600705691,0.43002173357794,0.11174443698813649,-0.117008935441442,-0.28135719500515416,0.023092065782957086,-0.26627582152984614,0.127237825787325,-0.3263730942067586,-0.23990015696676303,0.11704292043131934,0.31727951193297516,-0.36238584150427705,0.18488249057794692,0.044252631104817364,-0.4735632138507169,-0.41391011625543855,-0.3493350782952653,-0.272401086555442,0.23320487201200446,-0.2094933020066737,0.37857342981590486,0.4360900724949716,-0.3522916018277395,-0.49188671397708433,0.03916076808961977,-0.05256555690955289,0.311915228306712,0.23922061810481032,-0.4460054710440214,0.468430817104233,0.12818069065887772,0.4850409984974348,-0.07528777713167326,-0.24568799593805168,-0.4033297306287202,0.16677572516164785,0.2885482446177778,-0.2242960492851903,0.44943555944849095,0.12541463410813358,0.07218952027065392,0.4312785436087507,0.057394507619226265,0.4117515200212451,0.06991794439550045,0.4848411441132983,-0.04380601121510641,0.39740700494361675,-0.4926505987595205,0.11750858774210912,-0.412091215789583,0.09019060580177582,-0.33131905329840644,0.22879695788209442,-0.11224205952038782,0.4209220739569964,0.463208924834488,-0.10514686147684962,-0.34150379028293293,-0.3161283398790014,0.3859824612897121,0.1977276217634505,-0.2301356304622223,-0.24073237968710304,-0.31219132202530325,-0.023499754191917074,0.09645890261841358,0.22385851316848937,0.21142687166908913,-0.08076496425206384,-0.23539136832090657,-0.035692935300008055,0.27352122313260424,-0.1858463179104568,-0.28267845132753927,0.4482310869042678,0.17634252122574878,-0.2909181950090301,-0.17390748954716106,0.3789962937212185,0.41806131270142216,0.19013603358946551,-0.22066165561979356,0.06290484847199537,0.43757636230634506,-0.016216249764698484,-0.24054607178617127,0.451212235169882,-0.2226461041012967,-0.3891778629461828,0.4839592954365584,0.4844448981981449,-0.123025481678712,-0.12351394397954288,-0.46906594705406496,0.06277901585319531,0.3204164544064136,-0.43219037011000666,-0.0050876336717509164,-0.3062190645165948,0.25170525968395613,-0.15247053889584639,0.4266383213077683,-0.3724018069988096,-0.15358841916790722,0.48323222272225347,-0.3014425852800329,0.07972926021063473,0.18058040638984685,0.2311126012225545,-0.09235241092402982,-0.03721072909781642,-0.42597367125251456,0.40562264827050104,-0.32183148145222235,0.40122823924007983,-0.4984684239040182,-0.09054330745243747,0.259135608985778,0.1867466883288087,0.46333438994940485,-0.22726917142741065,-0.375199258780259,0.2471935073749969,-0.21460252323101048,-0.44412086464534556,0.38114908439724876,0.14801948094533113,0.18029754574279233,-0.1922958227975038,-0.34260251164265515,-0.3771012711287732,0.04117846159647398,0.1381817866751166,0.3187065509407864,0.13892009483288914,-0.13593761916454405,0.36503572006564927,
-0.0768379938440732
-0.45797562678035875,-0.10184887406020136,-0.37600676846554154,0.3791097129186476,-0.10200274345677637,0.10744587711742251,0.29291183972299456,-0.08748196942380436,-0.2481760278961589,-0.20146408241687908,0.07803538274023704,-0.0673449529090094,0.15386972019689393,-0.19070091281019147,-0.3730177285240345,-0.17444936472636868,-0.02589406952723043,-0.010312834565875485,-0.4035496050118034,0.2482291280501342,0.21797806824935897,-0.18727184723804366,0.1855317007367368,0.2735750441959484,0.2855788915812241,0.3455672418231261,-0.2356597821116749,-0.04397076562875147,0.37504100186128914,0.48392025505256037,0.37746748533629193,0.22591335021255937,-0.4791279062050388,0.3071010600523741,-0.41778229231027936,-0.01048392263294774,0.07926660741686305,-0.3538316285376146,0.29354237276649214,0.06324216549944485,-0.17497930705646958,0.47443981349055137,0.05075890741527381,0.10214563177948822,0.20833802676614954,-0.47280061350476515,0.3954487861706531,-0.0032110552052405615,-0.2650156685577633,-0.3630708437214369,-0.14418265667681995,0.3071217429628817,-0.12048254615641472,-0.3696121638165721,0.36947452093361727,0.17791417566447332,0.41877520740209556,0.27565541840705415,-0.15509739416651191,-0.16238312820099987,-0.4183233499415899,-0.30994475458987286,-0.03875584620561576,0.2209556913180113,-0.04860291973751471,-0.17602571978372228,0.23671448211751078,0.47530109614640054,-0.3727286117603739,0.12095378369736544,-0.14214390074431982,0.11182906997975763,-0.2436802371071496,0.22102436404282055,-0.24498195135167766,0.3447171648167217,0.17807840866732882,-0.3778890930246341,-0.06614472084934196,-0.2749044995470205,-0.4085427427365011,-0.45656574529622135,0.12830905823578198,-0.4788007889076294,0.3486357721824574,-0.15481175666109348,0.42744247062462654,0.4221455183883916,-0.2914532794888682,-0.24962783800893218,-0.35333100604952644,0.049985267913686654,0.14128713507637036,0.2875106666767779,-0.13667297060810502,0.453154576701202,0.06483465744207963,-0.17290622395635014,-0.28278344428535235,0.22418009393428684,0.21673632131410991,-0.18007765974956202,-0.21137148833832275,0.1354667749333306,-0.28402360348508365,-0.1378548930128486,-0.3904385301049796,0.21922409321169245,-0.24598169685028737,-0.49037469097062375,-0.36176580293307864,0.031063329402757623,-0.2309447472040549,-0.15662364110246674,-0.16733300720524524,0.43152491968835954,-0.09620693745500007,-0.3518423610737283,0.2960182520567504,-0.40422855416483155,-0.47537246821314566,0.20792302598125278,-0.1654725620362718,0.11890815272721934,-0.4111316673084943,0.14466656998065486,0.16832905179876467,0.02287039238656412,-0.3133003341406921,0.4313105367000794,-0.033933222150552694,0.19054255452268243,-0.34414225579902874,-0.30536626621176527,-0.1638492795732115,0.25375072532471404,-0.23045620634212705,0.19083865608473782,-0.09933522363241597,0.24399733128185663,-0.3681196768898883,0.38420790967522117,-0.39765464447372517,0.37828290648455637,0.08025785813932985,-0.11159796097925155,-0.049283274733757015,0.1970863651046595,-0.40979220179019366,-0.3596978014486019,-0.4996180256588075,-0.1024481764410483,-0.09402330992806761,-0.4320970862173022,-0.0273667218842097,0.11215681610575702,-0.12123402968185469,-0.3133885012767607,-0.41904143436177904,-0.42838692763965763,-0.21535983988682794,-0.4875875698387671,-0.1983137165649027,0.06047741188427916,-0.28460377897196526,-0.08429335148923643,-0.4570765290233885,-0.1750724059290074,-0.011775290172529651,0.056236718514353884,0.40810717784117384,0.12438336939885698,-0.0962163107799031,-0.16263850007096103,0.024902293055012837,-0.06786916790869767,-0.4026554838742025,0.39704396311926854,0.21584407170104114,-0.11516626425943831,0.17395799170606696,-0.48673088308539453,0.12403665174116298,0.456792442710298,-0.20387140796212233,0.44320887143241466,0.27538372309442777,-0.007962287118391309,-0.09872684214569703,-0.3616964811799532,-0.041759007093651074,-0.33417694051624286,0.26627993673805733,-0.01846947774090586,0.2320446890282799,-0.33319406084311604,0.20777258750748495,-0.3215172173227106,0.33838373341756983,-0.10781554898188404,-0.19077695481388024,-0.299519779690607,0.2811480359762107,0.23028330000689767,-0.3001541563949001,-0.27420957585828737,-0.13320108984349743,0.06855874503106708,
-0.2248002852454258
-0.13800546555286458,-0.44057029576079815,0.01748532467253945,0.35402582572234176,-0.01237597476322792,0.036505967443447564,-0.08791458187624235,-0.4634778675460736,-0.39223374585550075,-0.38579353173457187,0.2237433958692796,0.2550462148218672,0.023545721761181068,0.09756801253837023,0.4364701152663048,0.03288198283679339,0.3153854740534677,0.023969648044997297,-0.3400311446957224,0.3220353126048516,0.26455353258772657,-0.11050137936919426,-0.11419173355384166,-0.3480107590139838,0.3515007389414053,0.17040252319029925,0.32957011963209276,0.08565771608711152,0.29545326844800124,-0.23570972110652766,0.1389043575342613,-0.36945708149467743,0.16669967301780317,-0.23417286875150845,0.33080043944157017,0.1828022156078296,-0.03856851589430383,0.32901699487838487,0.2011527534167602,-0.43222363038003286,-0.3148055902194856,-0.25471203505891804,-0.3953565424550243,0.2404473379419686,0.3849052916286372,-0.25437715673551564,0.43960632969088975,0.25395254352203556,0.3073517116801815,0.4932706865710792,0.39963715666817545,0.17944550650900826,0.32392336174927017,-0.3280331574831524,-0.45406562251148797,-0.24508527464317623,0.03640946544310422,-0.41986535969747896,-0.4579514479731568,0.18032865608035265,-0.47390386877381596,0.16225978683967968,0.45438320107340335,0.13939780653053857,-0.4632062272415408,0.4647730969872621,-0.1332320787634974,-0.17516069044208182,-0.007051360002908174,0.0906902054002709,-0.3165975563477583,0.4715697321326402,0.14559335454648548,-0.15457758634563468,0.40169589770877834,0.16103966904000733,0.3117433499038469,-0.08441470879996044,-0.17499713589395494,-0.05003635705665906,0.12694722521864604,-0.39670302678601344,0.15498350278850082,-0.3020127080845729,0.4660509584976301,-0.14962851561737978,0.15429266708190092,0.32137345319142807,-0.29616257475442875,-0.4700233186090388,-0.39747152777425154,-0.41642282139066744,-0.21494604514985394,-0.24225955428539736,-0.41815195558495066,-0.05138077714693442,-0.3475573167249335,0.2799529894535595,0.22338431912711998,0.4694567145897358,-0.0582605017184544,0.33342677064703696,0.4215746028552565,0.16108812076234313,0.4942093894079843,0.23974005577909796,-0.3192619571876757,-0.18308044465845574,0.16013744468179958,0.39600393220168284,-0.30328438826115933,-0.23304225289400649,-0.4292039734538512,0.25495687326095107,0.49611312688614084,-0.35231525954522036,0.04176046641414858,0.34910451251744123,-0.04333627677105486,-0.1439922319644107,-0.4629524617226546,0.4067871320606684,0.3144538030071483,-0.006532554091099909,-0.3285984385134958,0.13247083132157567,-0.17276816200512823,0.27192610197802347,0.05715560884829988,0.2792224584452867,0.10774688838686103,-0.4517527788846296,-0.08755387105258411,0.22824269426267818,-0.2329600596836452,0.38301609466564224,-0.2608387482657263,0.40849579176282025,-0.08516250612392323,0.2771406338907245,0.051854271270609965,-0.4611121000165689,-0.24732613394357922,0.030210810707905007,-0.40704405687338485,-0.14388906482286645,-0.034905126581202005,-0.014216269661975688,0.20496977797889893,0.2031822065184682,-0.13472780581074995,-0.21869938204427875,-0.4530624447143131,0.09687445361895192,0.28358451056503686,0.10413131476501042,0.14031208457036604,-0.33335506021260997,0.001197650009653756,-0.12971956165040643,-0.19152262176532187,-0.3366636207424315,0.12540295869194282,0.18857885149810294,0.43450720651239616,-0.42716373323390533,0.17944936717315318,0.4507229532612075,0.10335423887256373,0.23804577128999782,-0.16316859603527467,-0.10368660977690253,0.11751444155549923,0.29192263648085104,0.16847185280052512,0.04208386134830381,0.07931232635673174,0.13502753819789748,-0.009035688775343389,0.4357997711973709,0.2183042813385292,0.15291644866127774,0.40501745728128447,0.2978454992839876,0.40889882969093805,0.36188656181893686,-0.10453042367891913,-0.2526917488059295,-0.128855398790793,-0.3040035840559653,0.4277181408561942,0.47440515434865016,0.37673743757564593,-0.2960542078471339,-0.17986389450979134,-0.08260997741017079,-0.1073491848994686,-0.4886853875920337,0.29802298843546493,0.22961426748672353,-0.013605753959242413,-0.4781761022366052,-0.45813467274573827,-0.41879337510439196,-0.010243464604429162,0.480696651980663,-0.2688422211767305,-0.3701254198552063,
-0.41291754704926087
0.19123751409357323,0.042005552581700974,0.30412540435180196,-0.004018277205493464,0.476312141536766,-0.10300472166655855,0.4825083621410457,-0.46304223598157235,0.45375146616724815,-0.46805004898460256,0.2729107678863696,-0.12542619280223433,-0.09201049110389155,0.19182986124350568,0.4466032714438286,-0.21656543903259406,-0.07896373465648648,-0.047036792673263356,-0.39574809853326637,0.19651411103807787,0.492865504637027,0.2517901745551772,0.3614520218414335,0.16543867474787605,-0.299748041728831,-0.17112751237904691,0.2962739091859611,-0.4646739867198209,0.3298155594597546,0.21189768940436884,-0.06750398763873001,0.03247388259351282,-0.139339732545898,0.09316050069191005,-0.3897099630571104,-0.0379527229626706,0.1341542412472667,-0.0424122141922382,-0.30130884254126733,0.47351657298017735,0.034797911241302576,0.0928417939292994,0.23477025108942814,0.4048900758384496,0.043187982095827054,-0.30744084802127936,-0.25226472377768444,0.0447612462871719,-0.4344406501723732,0.08634734584383477,-0.29036949674347035,-0.2445064239841596,-0.4642784722170422,0.27508796296822735,-0.20617271199083667,0.30139013552780536,-0.09398743053627553,-0.152623485468266,-0.12540510188304121,-0.10742094658604681,0.28965466320520905,0.04435486468837577,0.4931565452531602,0.4114866402529126,0.19912637511603823,0.20953919850445887,0.33664743638907935,0.023832955688269333,0.03683248748034104,0.11122276727978089,0.12893153085220752,0.39268612474074127,0.23751571223862086,-0.34274065326487246,0.2160221837001058,0.011963569428286204,-0.26373096242867056,0.33550989366528494,0.043891100808492206,-0.24513065780752077,0.24167145088279438,0.30796134969445565,-0.32726083720483246,-0.4068911939836348,-0.3695163091472421,0.4625033935672952,0.4493416934696155,-0.4156766366651288,0.14850500642928474,-0.11642493162386178,-0.032130554706551934,-0.35196085048461034,0.0016056582003219056,0.1413701271824984,0.48962669279701576,0.3545258285189308,0.35161419019186224,-0.48098372126856737,0.06343529700401765,-0.0636876301525467,-0.30634734275834596,-0.20187954842755676,-0.3090658333838825,-0.0012909088136094434,0.08467644844831781,-0.4947019092373621,0.014851919993983694,-0.04646386858586907,-0.28260957462422476,-0.4142183040799343,0.17334915982456375,0.029360407069027428,-0.11062403489599945,0.31493027615706193,-0.34018290009287167,-0.17810523485548294,-0.4958212177808612,-0.11556272953071398,0.2550569348760181,-0.2601856876902743,-0.1407295785344194,-0.49273766061708113,0.35755456411794817,0.3740965352869483,-0.37478907656229465,0.07378764081220837,0.32760334696660554,-0.2269062751503558,-0.3989957465914321,0.3614266179282817,-0.21768223099860132,-0.15910266634530315,0.04255188659110418,-0.44911031396386847,0.13111854507565476,-0.406844437906968,0.10427410255866401,0.33453771599089577,0.02506024227804078,-0.1976425022801163,0.20838274428807133,0.2157305308336693,-0.19158965724997448,-0.35630233003514944,-0.03804688449401164,-0.3071951968306995,-0.4928214792876411,0.31298778212358724,-0.4211434378628508,-0.10270812910098412,0.3668335019380584,0.22968278931708117,-0.3682198919527251,-0.0867876551444646,0.4602342338067337,0.36094059140050894,0.3589723117132074,0.44276163422283243,0.42684101299170774,0.4067363026447808,-0.3189800271962874,-0.29657370493126956,-0.024438708187523292,0.07140304737824435,-0.4551267694909521,0.44254848351839937,0.3861239494190908,0.4135735541235318,0.2055014440666628,-0.26241858471243407,-0.12233518934302798,0.31434775318077124,-0.4200242628634142,-0.18624387094873232,0.37824571973592547,0.43261331456529595,-0.1355613496266286,0.4556062210294536,-0.0746825137607948,-0.3732020013405062,0.19133504356942374,-0.28522687153129656,-0.3453225634410225,-0.2860664804191637,0.22244254631319524,-0.47625796815217813,0.09426023695694544,-0.39023690218220164,0.22265404207774028,-0.48636529668311956,0.26914026254280154,0.34772548746734744,0.34012857210975045,-0.19608840913522166,-0.05458703152091318,0.21000062540447148,-0.4696587266285279,-0.21718705825418752,0.19316114782925028,0.2204030654841321,-0.19527324086037348,-0.0704053838706725,0.33250186984453933,-0.45323865990055123,0.259024680262424,-0.4569087758138536,0.24174821349167305,-0.0604774242410048,
-0.14405576475712917
-0.153539796154983,-0.03629622939330473,0.2041861905244388,0.07362446649820514,0.23959366147766092,0.4487966765291282,-0.2270416435024974,-0.18771119389864768,-0.14945957501511223,-0.49435616457651715,0.08521239022591307,0.0988002231675093,0.10901491094885685,-0.2945080364202259,-0.17523802498493807,0.16430633408699197,0.13835198214949998,0.4024976800776079,0.40217786429541413,-0.19890557836018877,0.07369117559230114,-0.04033041872169643,0.14319575292011374,0.21078241616535207,-0.26485127114294466,0.42913877744260015,0.23566476703812067,-0.1049607905844117,0.15992540851683207,0.11971686067586577,0.3253364545899129,-0.07159922202948561,0.3343341689876542,-0.3289726291389338,-0.2459690271712666,0.028663325657356544,0.09213516188109276,0.48071979192957176,-0.17269983898912358,0.46369490211971226,-0.43995297442677767,-0.4025034813285932,0.17139672305873474,-0.022203379130888913,-0.2945849707690909,0.4667556453440233,0.1902359635332692,-0.3966380837448222,-0.47335073838915825,0.2577316096709171,-0.12479033495328239,0.4391727930624543,0.16853863307324543,-0.16356919718438026,-0.2697087818660899,0.2136711065990858,-0.22147168687316823,-0.15878961775066305,0.37682278747672476,-0.2698102966472215,0.23480984649790534,-0.26966492494331035,0.48017232129251847,0.09533392200811772,-0.029045511957808703,0.11746082286653922,9.76397081153464E-4,-0.031174199835921432,-0.0020493845584134422,0.18853254956671625,0.4152867788253268,-0.058713542247384086,-0.11826805717459468,0.5023728269694198,0.47078945403988165,-0.45415345117438827,-0.12723920608883435,0.017277028202182156,0.25036738676778286,0.34013898833865824,-0.3960437955138691,-0.24278032271580277,-0.2003709986312863,-0.04285825603259829,-0.22576576133142925,0.13381587279004944,0.34162622865375797,0.016502780258218087,0.017153240456747515,-0.4260293100135126,0.14983781710931407,0.312393508481752,-0.28236531082661104,-0.23181168044805325,0.47959465845719434,-0.2503993550281129,-0.11554415204699223,-0.4491979921995231,-0.43152414304790937,0.08648103143565686,0.3121871242807413,0.150924952679882,-0.39219443860321485,-0.3384324677591985,0.17347425571739658,0.3117110922917062,-0.23976764494998107,-0.0699715413276423,-0.12895884481542977,-0.4344459523468244,-0.24752573696469238,-0.18315287507674152,0.44851643406503533,-0.2258584259704647,0.3076645008323002,-0.39449809346941206,0.11016273469966695,-0.10517854771423321,-0.30166597130314615,0.3240911600358654,0.43181505828963934,-0.18147530911307855,-0.001080954514428002,0.36526231789348457,-0.3411897568163578,0.039529991765036805,0.19578279930521034,0.3819670572149529,0.08141692682329024,-0.13635667504708474,0.1730929868797317,0.3379799000277616,-0.14574868685129064,-0.1610951503955134,-0.2655029315864396,-0.03971917475258934,-0.21660882428949904,0.10172511419471883,0.24338988777173307,-0.26018324833359324,-0.45662339067342966,0.37139096292541857,0.16866937516542443,0.057821028972280815,-0.49398718650341994,0.39717092501617873,-0.19177247842109837,-0.02321623102722096,-0.13613303651090772,-0.23521101915244583,-0.27097445107477997,-0.27166981627482206,0.013577299692617211,0.10282460305603333,0.010453735831405016,-0.045321882535595985,0.22756971570984516,-0.10536436186071321,0.2067779493500643,0.3160098290135593,0.4875029814897857,0.2976906385500359,0.054826294650537906,0.16300751599652605,-0.021258884145593772,-0.40026491454324425,0.3446711282140373,-0.40803437375687196,0.1523772534462667,0.20000589456828474,0.04391319548173701,0.3493076273343238,0.4498103911153804,0.2937474679068411,-0.279724118915014,-0.267001454081148,-0.2453972294682584,-0.24042867335321663,-0.45743035388793335,-0.14974128054258531,0.3873222216214352,0.10174070466736948,-0.3433119220878313,0.33414860089961,-0.00869978744784618,-0.31674949477387476,-0.46885204866809055,-0.10399210042378618,-0.02928640498537318,-0.09938802253362714,-0.054211289988533744,-0.1036028461229366,0.23712337154607696,0.39754068315189767,-0.34240349727876035,0.4541031669600511,-0.10341844894261967,-0.10771482877351371,0.41922104331745497,0.4809342929106352,0.1666432464400169,-0.29787696661480983,-0.05139575241997229,0.42944556420495944,0.2510975263930338,-0.4114097692161794,-0.34775867716026915,0.4713972808374853,
-0.3443311220233282
0.10941788432183941,0.38102643792257346,0.27784004931983536,0.13430472849333236,0.32798641782877624,0.32667316502627775,-0.3731929280049982,0.3002512702958052,0.1781001901036113,0.02807882943250102,0.4032184971380717,0.31328576321212687,-0.243866425204759,0.09248572780115413,-0.08074834052806117,0.20535360148438836,0.20666078163743878,-0.44821130643551915,-0.23173515434351136,0.23818709679992203,-0.23574826158432075,-0.17559228054451506,-0.28588342852501614,-0.24788178304624173,0.23009450921340513,0.39243987011620085,-0.2778920785413341,0.3343624325716645,-0.051419493472917875,-0.2506175516079114,0.4163996989265681,0.13205693597180448,0.17476907384589213,-0.08500329801716022,-0.03528922609393137,0.39305605417597006,-0.4240106857902214,-0.1698700767868662,-0.36683971036642127,0.3461757181415521,0.49163773369411434,0.23930558701924196,0.02855013358685121,0.34981577057396096,-0.50324261847708,0.2549010402154155,0.35308302083868337,-0.16955277549466188,-0.24601283439411517,-0.35258540148597894,-0.17082592291761758,-0.09272785249914528,-0.37994670555032695,0.056311073931452724,-0.17541413861929026,-0.24043745890429805,-0.018464122788668744,-0.26567613818947833,0.10492951295674835,-0.27056613025748566,-0.16636618354046653,0.14353404835660075,0.07207518953894188,-0.12666534990397685,-0.31249417199904905,-0.29327601270320747,-0.19118489884659365,0.1763940806469176,0.494206424462458,0.28410405218589974,0.24328600291503286,-0.0740039057807752,-0.09297547536172612,0.49336317932478735,-0.22892753729981455,-0.195575170708753,-0.13092822197023293,-0.1799049509742844,0.2285760148669301,0.10515292325863235,-0.2907433195574707,-0.4239963488432881,0.1981494776040372,0.10332091708201474,0.15731911686251207,0.1538930842118977,0.24365980200238033,0.018182338465862646,-0.0526099905415648,-0.2987014066714915,-0.1754432240526256,0.19376559387028922,-0.03042124522169104,0.2887169010385402,0.317189097957684,0.09373064826254429,0.25038106873072086,-0.11625435695832553,-0.21597660738533245,0.45737459229175503,0.39523811468807135,-0.04095658494017597,-0.12541445897079925,0.4959673329541271,-0.48963220371611116,0.35987329765818155,-0.48364181434806774,0.3220745159294477,0.0360271567134539,0.1360942157309359,-0.14046793225919632,-0.10074802648625403,0.3696546658753582,0.40381657008712246,0.2764228471267418,-0.3245278778373829,-0.36512012511529857,-0.05646068691699181,0.08452935677243612,-0.27913026965449883,0.46117691975785957,0.1644379789603889,0.06162317354652282,-0.3711296113601571,0.17897781142727784,0.2685744104565596,-0.24807665603035625,-0.3405077462448025,0.40634998678396506,-0.06584977645989398,0.024324491758071,-0.3954121032106549,-0.3941179519901068,-0.39647186294488757,0.3368101905072405,-0.36298044442442656,-0.17578944546101097,-0.49040329668942395,-0.3144021745702289,-0.030762273221764447,0.49165973472126734,-0.09684499274642999,0.2732251049069181,0.4914598652350618,-0.14424482813277809,-0.44565359643948277,-0.48329732431251715,-0.3143780273493251,0.34991147458709115,0.4927709651060648,0.13502085708935482,0.01850305187137463,-0.04261696325766985,0.12375883752183744,-0.2952869021367832,-0.2941016522717964,0.42060604907754373,0.3123872139327315,0.2528426459309576,0.2094443154037414,-0.03265099769102965,-0.23782391953908513,0.16869282126781457,0.0786748176387344,0.07762818401890559,0.03199907767119413,-0.04139455092127632,-0.2168859365585997,-0.300866983537843,-0.1674026893828641,0.14282626530993411,-0.007310963468689819,0.2339462809435405,-0.17681430927010813,-0.10112014660879853,0.35947056518339704,-0.43436766673457694,-0.011007189571894081,-0.10708901719415209,0.22972814386367088,0.3733057909403019,-0.1778229381365132,0.1085930535529448,-0.12748869336212093,-0.011917191568326012,-0.048586836688638405,0.38261858496796086,-0.2505542505264639,0.08735485056577619,-0.43045529631198565,-0.2135490796271218,0.07015961596411702,-0.40638455419552477,-0.005949720932927486,-0.04407032853404537,0.3787321188062116,0.2471081921543476,-0.038328081129246364,-0.03651244935778199,0.19878234170456952,0.45535421649115726,-0.19359378586050438,0.3521493655630852,-0.1717062621909992,0.18765576182330532,-0.5008396854080409,-0.4938515391669913,0.2199954432828046,
0.10801208651276892
-0.3606260249583256,-0.3784500692016803,-0.48924211502119397,-0.46333492765449724,-0.13098659661676648,0.14694937221572082,0.15912447528106052,0.4911738830660685,-0.11313358507727062,-0.2514197620679724,-0.12664156746658267,-0.4439024559828538,0.13597427251833114,0.4746811548635741,0.4230126474982353,-0.37519713634191726,-0.46433649957836276,0.07140127348323565,0.2406075973976091,0.14845221126659963,0.10145968417695314,0.09782522931528742,0.2086689074276892,0.2763370690406419,0.1161920332815911,-0.21302990234840674,0.3617988664080453,-0.12079705297146737,-0.4134643339966319,0.3955734947239455,0.32077252256587796,0.11306967381918691,0.08165578120270268,0.1251780806356996,0.153649953275983,-0.3385802388642637,-0.3073031718799974,-0.4351492194753789,0.015370768415778396,0.3008249605174017,-0.22799543889974647,0.004456593985244177,0.3564637795744341,-0.0225146104959376,0.3204938947753091,-0.09968097325622077,-0.2888404715302104,0.1510281547621112,0.3701937948956294,0.23372154962952366,0.07517331650249887,-0.23437097189629583,0.4808586079594621,-0.5011953596734663,-0.3329339749449107,-0.15761311812900133,-0.48509220538773445,-0.42076856535996965,0.429626784296512,0.35150362537247715,0.1846654532294504,-0.1708535529252406,-0.02723044384191796,-0.2806852233568551,0.4761877677371036,0.26080215216329194,-0.21463302156753236,0.05272045825440539,-0.05444158318827332,-0.1406089208501947,0.4506707742766676,-0.07764374735567953,0.05638372799241107,-0.3049635940035269,0.2884452874587562,0.3358815896270464,0.18132071407920572,-0.31744299863902337,0.3166667997848276,0.3540535787375868,-0.37417710485849465,-0.4484620148545492,-0.32338210779311194,-0.34520816258438136,0.04889018285833877,-0.1675992662038492,-0.302567132483319,0.23423037145661466,-0.04653905097495383,0.43858165881322,-0.4103733314636593,0.3487904083282467,-0.5018144305007927,-0.26940809008749644,0.3518663675683459,-0.25140203926821686,-0.2573274153721484,-0.21535499757546325,-0.14877930627258837,0.23010852892554626,-0.420099821276839,-0.043296708609620226,0.19434990500023977,-0.45540934192877736,0.03233717795189348,-0.2677919978191938,0.4455746924947137,-0.26084103657200297,0.2924190192610293,0.28242186477830045,0.46748927669093343,0.07833630275061482,-0.12662352111806097,0.1102273026435478,0.16076077722055596,-0.2033359286507622,-0.49698431467158855,-0.33861253839289085,-0.33801703232641944,0.06666833118045029,-0.05910006034617556,-0.19830919672069233,0.12192967681978623,-0.2684714150686476,-0.2715145736739024,-0.38393493574586324,-0.4687208379365161,-0.45191438165502074,-0.00788569546077096,0.07265914808952151,-0.3131423774291451,-0.08663705264293281,-0.18962969046403497,-0.2869429917326479,-0.20132341966477793,0.30656629922855594,0.3301536281503905,-0.3207997163553341,0.4265151970834634,-0.031435840875336886,-0.23006687063394368,0.06826147439848201,0.4045254584328798,-0.3378582330305998,-0.31601406180317293,-0.18137670562987637,0.16331450100188097,-0.29114031701207643,0.37803578165072416,0.07328327988924438,0.3911849134165595,-0.1178626239683192,0.16455274735026307,0.24141790646993214,0.2896907126464441,0.15122124308823384,0.22507916634145345,-0.21549657068494862,-0.22660727944394207,-0.28301434774497913,0.20729784611675975,0.09030560856549957,-0.16032565696170128,0.2580542549455158,0.32615982300413016,-0.33378628979828073,-0.008295724433890298,-0.1854813203665606,-0.33875863469457923,0.282809130612804,0.03611062658815998,0.2765696250778116,-0.4533994959804749,-0.37077773527170177,-0.2033437918993982,0.016645726453050638,0.43475566665247223,-0.49625410610103315,0.28618191031005225,-0.19375632073224233,0.38301034438806814,-0.44366319728874704,-0.3386881700179877,-0.207677688745972,0.3581989384313985,0.12405233014392858,-0.15211030209236018,-0.026727004501318694,-0.1149688449671305,-0.24386859046519158,0.06984372782131826,0.31071698731306674,0.17356315146553017,-0.3876551014250733,-0.359847736251969,0.34092987822692544,-0.2470740768148105,0.036403278946543806,0.27981055684471623,-0.09151769311800345,-0.18870774017569966,0.25562406570030993,-0.08082558888552899,0.4347250488473696,-0.10383410971586732,0.33872565965920154,0.4057837255621466,-0.044964195705380926,
-0.1208429494672371
0.2564327704173754,-0.2053262185607523,0.012187397083484557,-0.010891779036379081,0.126406116174934,-0.07709572395365771,0.3706777901815438,0.4211559611416727,-0.4823319694618037,-0.1967515692333347,0.45096919050359674,-0.19650392604306927,-0.03793472694970341,-0.06731594593723016,0.29613820039655414,-0.33940781822829585,-0.3063157446440618,0.024268947035146465,-0.10361857173164703,0.3658192857671652,-0.021583639752079255,-0.19865343531183846,-0.3200070821759844,-0.11544358373696004,0.30937092959328544,0.44538172245154795,0.03260944995543032,0.2089056122947354,0.16904597530124887,0.002986274487072724,-0.2272881714918271,-0.11986873523598285,0.022620231958434746,-0.4397652728255482,-0.384485093579811,0.2629343770724428,-0.3004686811941477,0.2748181102509345,-0.20944286193821837,-0.2170403850067295,0.3448394529854589,0.41850908190714153,0.14381692521352996,0.16863020422909936,-0.3217256237173981,0.4299258577535702,0.2511421076605024,-0.15141361927901964,0.384628274332378,-0.3996962446718533,0.29734532881928377,0.046959801455836746,0.07812952989747803,0.42475192485948765,-0.2656868211556114,-0.20741899693248567,0.43268531715869296,-0.1613290992604871,0.02130819694555567,0.011617690098880744,-0.2495916994596149,-0.47089303685567263,0.07202104639160702,0.1087394335830726,0.452850955976406,0.26174791193531155,0.38545365511577634,-0.041530083265276664,-0.2774829186872635,-0.3035092752423739,0.22150409127036386,0.02623998532576525,-0.20336598803977968,0.47798890368051294,-0.4028376539577734,0.41775590740726964,0.22083339336097108,0.4823135616946824,0.3255157077435932,0.01564859761897012,-0.29269785545759563,-0.02316150992348206,-0.20269898002139142,-0.49602793092299213,0.11012950518334531,0.10768678704102953,-0.2864692402945058,0.00396953897463809,0.4299901663585547,-0.4324474010607836,-0.48224170180782777,0.24862866287764096,-0.3090328257595756,-0.4835619651408073,-0.15216272641697515,-0.291102310491152,-0.005767166881801286,-0.17117736791467264,-0.07043121419378194,-0.14896334883723983,0.046469788634433816,-0.4769919130617293,0.4684194490582817,-0.24757104976742228,-0.014671991951737136,-0.20814107247994884,0.2605318331985085,-0.36771952100779337,0.3798783691616363,0.3988851466138038,0.4405387282441483,0.4639845703666541,-0.12906322516489643,0.32959004948860926,0.011231114755869069,-0.2724668134331599,0.034297255017505655,0.4952331396371853,0.058918669293116586,-0.4667940375844031,-0.3006734746269778,-0.0253660258565371,-0.15163848956505155,-0.19812992596824774,0.13603622403145255,-0.25063000004965036,-0.18756000000686568,-0.07742370466172731,0.23566354409080548,0.1386975999321809,0.30426909385108647,0.324737054386274,0.052954907963847685,0.17275228937698583,-0.13674754585278182,-0.2999751530458675,-0.14723905619901012,-0.043939401696255466,-0.3383890119833791,0.18823022139460832,0.1092159631693841,-0.3318774960332378,-0.25579092661338265,-0.2983294227136559,-0.2573115624095912,0.22380019030034193,-0.347958965988322,-0.2956575670406236,0.247853147732212,-0.2265248447664835,0.028529703874167568,0.1848610753439417,0.26565039029256377,0.16141258896111688,-0.1521725399858982,0.2663337423256441,-0.41743939108527583,0.18049794177101375,-0.024400338879671378,-0.11833671110976217,-0.4974620141400432,-0.03751201632254789,-0.1246908260256878,0.20938141052251824,0.030109628882832085,0.12514434535631525,0.4068099272899889,0.11296195873160976,0.327561961627422,0.36109482877795573,-0.1709035871236103,-0.34433403266854024,0.46479899098877553,-0.002006234141252316,0.31534502558595323,-0.12667757215574926,-0.43262774012531036,-0.3144701867059545,-0.48407753127125697,0.3790495980807088,0.08634538593754106,-0.22794450818841494,-0.03617492235180978,0.04677369471893752,0.06307075710658462,0.12208996708802657,0.40705251479824134,-0.025496877610614775,-0.05738004693730606,0.0956727923278309,0.4737079128832944,0.1636681949767974,-0.29847686911357163,0.16152279600695663,0.4281557381411365,-0.13256237390624304,-0.2013627506221226,0.14818334526072952,0.16035783252083236,0.3587745904182428,-0.2676234910711911,0.45081107260760744,-0.03445292238382495,-0.05190274165155643,-0.20679704230333962,-0.3940076158519644,0.11768697926731143,0.4407594311596823,
0.3648632194224519
-0.4629185092639993,-0.26799338899988756,-0.11989168386552379,-0.41107469665746205,0.3303640255431255,-0.179391510349982,0.2465788694896227,0.4814209512924184,0.13817939587591016,0.28178988011608413,0.2815858998354888,-0.1322714963104299,-0.4601422114100189,-0.34028803062000756,-0.3917909893941281,0.42611758509554537,0.14447520413328319,-0.4608203878917327,-0.4582048767520562,-0.40135971902790235,-0.21315871010830134,-0.10191498295957287,-0.19235693229637263,0.4519501734675933,0.24204236471187943,0.3811163221846309,-0.2672089442020391,0.18096662393702678,-0.22987054671673404,0.21499091398901649,0.12482146660657557,0.02285153811798806,-0.09062891592670558,0.18763692197280038,-0.0766995761907445,0.43904704070728295,-0.15708505100784126,-0.12521659079451902,-0.11113061159759607,0.08757985641883581,0.36902035511620795,0.09722664872869524,0.04665368942786631,0.2690119192924925,-0.0611014188910464,0.3888710388388064,0.3293804360771389,0.25803226876206425,-0.4797365492263869,0.14262336984830054,-0.10075170113467347,0.1721326478082112,0.047141595317044774,-0.04478754413973095,-0.09303340178429731,-0.20311268025873136,0.03998318495967439,-0.3771794982244237,0.03653061755816212,0.09956731555951259,-0.42497517471618135,0.18098846439495914,0.04108673948640682,-0.0028728719305172058,0.15662297720534152,0.36040874699017295,-0.3826700978154111,0.31316513239030835,0.20376963697951017,-0.16099401798538898,0.3887278469691921,-0.24212807933771782,-0.19952053384856788,-0.28925280768490463,0.4719677022350924,0.19564629798784078,0.07946310983967042,-0.33708911692399485,0.08637220386958211,0.4269713238172373,0.10947904890968652,0.4560835701007771,-0.06736539815012665,0.20430778806172428,0.43898209334517474,0.43494223764582224,-0.38492747427071755,0.2261762333917579,-0.4878364048003189,-0.03708102249047594,0.21070283602575784,0.40926271358323846,0.018204956075914613,-0.12986570078608634,0.19879117810835517,-0.17470253462448,-0.1394577205433673,0.23152375914245144,0.35613114789890804,0.30761992573041347,-0.15983278021273467,0.05087246401217162,-0.10384008863736693,-0.11824247390970957,0.33546492810946066,-0.28348981090715825,0.08411842144771597,-0.14499047036886586,0.23081703636530732,0.41570963709756364,-0.204183805761392,-0.38805836364190055,0.09717395188443201,0.04736891843824244,0.004161852825099998,-0.09413911730738356,0.16002734841006622,-0.4436510923587173,-0.0245275447503097,-0.2892456585801794,-0.09630946399515627,0.02787459328701667,0.03667621701669948,0.5038394782169262,0.25552038582886805,0.32669909524246826,0.1348744700179664,0.1857879527040301,0.16969173345914773,-0.4567322192445455,0.052330581629798326,-0.2861515071216065,0.08736118272718629,0.01790928577553069,0.0628052109962621,-0.07749097343181455,0.18853429067030575,0.2541188091566231,0.01925828690189245,-0.06299823615839095,-0.4293239424486089,-0.3967113570821697,0.3482903605015006,0.0468692974755829,0.4900819624971256,0.2057798476634865,0.1932969684171169,-0.10002594394834108,-0.41574741569109924,0.30701753191047926,-0.0038383380866847004,0.40174687584902374,-0.4430079062532785,-0.267667953827369,0.13641441926747216,-0.23986490509700314,0.1526769754681771,5.568153935963997E-4,-0.1428655633714841,-0.29637543235086244,0.37211803786396364,0.2839330995060175,-0.4015231479196684,0.01787351539142406,-0.21033448387727233,0.18066062026132151,0.03255565769250529,0.19591113336882243,-0.48031653435121563,0.056472198237866436,-0.45248433687699635,0.1775169719869773,-0.14975402252749076,-0.4671001846422183,-0.3360215318861289,-0.13468815569723275,-0.1871149621903569,-0.4475617258231915,-0.1163510614692892,0.34825479130074893,-0.01055464136619338,0.3346017448281701,-0.23228023424886518,-0.46234534702734803,-0.3294206920607236,0.45190791419461956,-0.3781859045584873,0.22646918081524675,0.07514024990963064,0.2011127789433183,0.02455686943782677,0.4195781045987315,-0.2842893797059453,0.42255912610272156,-0.42153228817978755,0.1508814577075645,0.15272618888351513,-0.0707101394885773,-0.31528037253532076,-0.09751253703940166,0.31813586151211376,-0.2523827814906287,-0.15259105479508378,0.17191952710206776,0.30926184798320594,0.4421273181227206,-0.0016657561446355058,-0.304815053429994,
-0.041865548285296025
-0.10831135148418111,-0.40905813063262103,0.3177470687036515,-0.47419565071114883,0.07943925850894921,-0.17746490074750884,-0.4074226833286988,0.2988959077708091,0.4368610955943033,-0.015062109831567626,-0.4480611175686142,-0.08100631637847075,-0.2077756408566389,0.36879919019407575,0.5007097255454931,0.4703100272684161,-0.11489568899149696,0.22028448210789484,-0.01898014365454337,-0.16311853700535134,-0.13899626872120782,0.11800790946539765,0.40054933941453674,-0.4730459918800752,0.38142157774063584,0.021083875342835016,0.4293457182878467,-0.16814962916012194,0.31882031384937265,0.4885761152986816,0.49432701290716496,-0.14476164438150904,0.3570782403330309,0.08549754312955858,0.4425892962509048,0.4790311395076674,0.2019310602777871,-0.2115135145429979,-0.2807240678501707,-0.35337741076184237,-0.47833137104889556,0.28415278915643305,0.21161980299307295,0.4377007606682488,0.183026196052571,0.41157482534209655,0.24682137374359872,0.28571905172217316,-0.17348441138361134,-0.35537747021659183,0.10108887677407029,0.3464132408177347,0.33336063854627973,0.43040693268059704,-0.22486975375839288,0.46353428478458925,0.2761357640345383,0.4054306235772467,-0.27712583517940736,0.39827074537217,0.01685703187089653,-0.00398333814828021,-0.3181460492097792,-0.010404576519989576,-0.2813591599444937,-0.3237604405499518,-0.25311393642032254,-0.304969866662282,0.17086318843172368,0.20443393802030366,0.35308946565517785,-0.4752020521369791,-0.007209118058420086,0.4884578071363407,-0.11004389511521197,-0.2729399680570722,0.4769464504058537,0.3402389583180879,0.25509667226050503,-0.292090266948247,0.06100615306298112,0.2717347061710196,-0.22554996316867157,-0.42297619235229267,0.17582064908942888,-0.34271332876364413,-0.43484129274347716,0.3983469641738151,0.007186122709559665,0.04145371258929014,-0.40202310133384445,-0.30508749377490474,-0.469716481027709,0.10675800338179463,0.4279915494643466,0.007878300595489152,0.028241735961543488,-0.16761947348273973,-0.19439914080540852,0.3420842450375138,0.19007055838848078,-0.3273060660564371,0.15410929268782628,0.14391340934050814,-0.20175260618378385,0.16362228482008404,0.20596132533499192,0.05196614202310506,-0.03746841436247523,0.22516875936339867,-0.07344890282661933,0.03703240856174377,-0.16588124723371897,-0.4299460827065573,0.22270841069875472,-0.29492495155289056,-0.2569634885841283,0.05125873051384305,-0.16762363243390774,0.4754120503993897,-0.25827724522590434,0.48536814113781335,0.22265930807917847,0.06601356481432462,-0.39098405684623494,0.47396242722749826,0.28533412779099143,0.21880535545232718,0.47132591488096176,0.011905259256526109,0.1120822161429149,-0.11990287728959072,0.3315438350016725,0.21922897052599025,0.1561129246409604,0.1147305654492352,-0.03871270025237911,0.36241885713755384,-0.3574860471971164,-0.12273108255858058,-0.19163255111652808,0.4412503852382723,0.1765777892938202,0.38952586557561164,-0.20109761917279798,0.008933943839216226,0.11751758519162302,0.28095858599807844,0.17229154978830755,-0.433825540775003,0.4343999403393022,-0.16307387697711725,-0.22269600569912504,-0.17614647991817753,0.44178596284503113,-0.3304590690732251,-0.4211772361801127,0.3643942256348741,0.02448603320998126,-0.12318222715862583,0.4773267628412706,-0.2515300076950995,-0.29600191248805074,0.2880511136246914,-0.07301950681618098,-0.08842974205258904,0.17361287056542055,-0.29317179057885145,0.2532409952667649,-0.2259624129446219,-0.26516608437264366,0.1578122823650299,0.01718054760017633,0.34854226930609256,0.40467402834544,0.019405911540440843,0.25126262031746327,0.27056202810494323,0.3315541468850255,-0.41836772536343003,-0.09990221053635996,-0.3997139654667472,-0.44305562090256934,0.007047562448615278,0.3397451333630581,-0.05153613837116517,0.09055125804859541,-0.1077748271610789,0.42041403419528034,0.46407201457211644,-0.27123087624384334,-0.37167170393505844,0.07995998561341698,-0.011728554023980957,0.03927791075448433,-0.45848560982905817,0.20935746585541717,-0.2730181119883436,0.4590832315239246,0.35739153192623685,0.11637161070924971,0.12349995410976221,-0.4910408659939438,-0.12152677778459266,-0.37006018308788247,0.2229391831749651,-0.28583218292650614,-0.11044550728790083,
0.046267203654211525
-0.2778711210754565,-0.05011843794014641,0.2232641069806026,0.4391839985375707,-6.964894962605695E-4,0.5064575395518781,-0.46466195380664455,-0.3585990896353587,0.08755706939055936,-0.43452875594071416,0.022114897361168208,0.10606138281396128,-0.05855150238115872,0.1464784687920084,0.21552819678632223,-0.4648960849720116,-0.315498310581663,0.1296281102558293,0.3477289432715692,0.21208532015962622,-0.3218234948790192,-0.38224651033513357,0.4375758161863336,-0.15570067375320654,-0.17136419405673944,0.17780612152484773,-0.14821259059559,0.1875311030326001,0.4444844678676511,0.38962110845304815,0.5008106956437304,0.18670199649147048,0.08475465509524001,0.4770576128490648,-0.02887761406464803,0.35106225224906984,0.2578663239208346,-0.30217796694120114,-0.16019512861161142,0.1343781076301497,-0.4493526265545992,-0.39220131535573277,0.1335542195918488,0.14862268244813207,-0.2769887596428625,0.25547808225219754,0.3926023320783898,0.15102326809389513,-0.39592685794056326,-0.11367143284346086,0.09292061755656918,-0.11963788518634516,0.1512362900594432,-0.2654858891768944,0.23093752411355453,-0.025495182653253456,-0.1308013687518614,0.049242075891905115,-0.2724288057768012,0.4045089909839099,-0.10269126369491315,-0.4143115607267095,-0.06823465570954339,0.08560638305740893,0.4640184911289912,0.4091642664092926,-0.08869644944798298,-0.41547795654661657,0.08028963024274145,0.01060036119294959,0.4071527922377026,0.1326341658110043,-0.20208817304106017,0.41209190841917565,0.29731420482265514,0.47576659587623393,0.09404255864973206,0.1531584457183184,0.16713544480219392,0.4439453629092329,0.45988012279571466,-0.2084612343378793,0.1152653246367042,0.5082395681004134,-0.4307675639942258,-0.17324561244462275,0.23790848542360368,0.006846186476771782,-0.01815362123748018,-0.2396605453318615,0.32876394301078793,0.16886706072240257,-0.30328629017827713,0.34354853146041464,0.20800824821542066,-0.45823416161039654,-0.48782881212691687,-0.06848157906780576,-0.24908982106550293,-0.06271879608423618,0.07246386350459195,0.2622736637295221,0.1251410150568248,-0.4493874897576122,-0.31545726620416026,-0.09037009578560033,-0.03442960955320483,0.47898197553476674,0.47421853689904214,0.12096292191642428,0.21631476464327384,0.46821783792582894,0.2173961896448571,-0.256024501444552,0.15203178805593523,0.34979078500532657,0.22996460327199222,0.4710084227811663,-0.34606936584820847,0.2957759907900148,0.029019506627200018,-0.3148946201187083,0.16069466752435294,-0.28449837513789844,0.08844745582551423,-0.2210433689476102,-0.15951012557484176,0.34518360889762234,-0.09649872620040316,-0.06399067749994596,0.4374582906548231,-0.1593636594255504,-0.24815132885894398,0.012446867840302776,-0.06542702262518267,-0.02681317950279718,-0.007322846523249177,0.339404180862212,-0.3555428383048854,0.35021009619200427,0.4807902355850995,-0.02330107087132935,-0.40925307213017037,0.4342417841883831,-0.3107688825636058,0.1925235630061182,0.07480340762256295,-0.48158661471345265,0.4318218671578149,-0.28204336213374537,0.13605687883213127,0.23099466753414424,-0.34389227230704866,-0.369183665192766,0.20899185346349983,0.08811665727063485,-0.3624526866592712,-0.43970719910289646,-0.34424131390657586,-0.4087122922420978,0.04739167953460589,0.2719600167289814,0.01062397029555086,0.375104243845682,-0.2104538202230299,-0.4078174790901443,-0.28905167393806974,-0.04940281567610881,0.20581093255187458,0.06159536201653494,-0.19089309289183518,-0.3390568137268152,0.23424738640691936,-0.3307492257701137,-0.3392554939049731,-0.43118996900479756,0.37201952069256616,-0.48781157609938175,-0.13301628288576925,0.12839380468432784,-0.1580894697788305,0.2496003925210253,-0.18831915919697648,-0.33975522439316796,0.190816538434638,-0.22357374080874412,-0.02044851112308862,-0.1567320098989404,-0.341128622086318,-0.37187288827051,-0.1330363267879728,-0.33417636799442274,0.04945720784748521,0.24655259818081923,-0.29557691693739285,-0.4633586325201311,0.5032078197510437,0.38622744635689077,0.3982519214618925,-0.4536984409457768,-0.46678720069569,-0.37895024510422404,0.06868896911754153,0.19132591394840373,-0.0860175293122271,0.12330605984582461,0.3126151268246343,0.22545871627078798,
-0.36870997735862215
-0.3826315208442375,-0.16137390270397853,-0.3261703050134207,0.10150466290818622,-0.2261075268068248,-0.47540624463553605,-0.4503681688256342,-0.2201517375704814,-0.15040423012396784,-0.22287106515032837,-0.006982578037415699,-0.1136840606341211,0.15350499749576485,0.38370091177624166,0.4687639382780488,-0.08798075123649048,0.36435302432256755,0.28830166374150373,-0.25822343523536145,-0.41127821727983915,0.3537693478375889,0.38127525992073896,0.12336049301266698,0.1728572765853508,0.04928462765179594,-0.43005020459075466,-0.002249193704851062,-0.4475436444365674,0.3225933638788855,0.3834221674448045,0.233248746457982,-0.4630700615791166,-0.11042565505793929,0.15584807946846485,-0.2780176869999259,-0.25383275537450195,-0.2665561832077188,0.39598718470010413,-0.04231750572852973,-0.1594656433173147,-0.3890423194433395,0.29116669298639947,0.25482324442773147,0.44926527192142157,-0.19656652839689379,0.4290676270761184,-0.054576885641957465,0.04176923411654869,0.37409914359889757,-0.284529207050134,-0.35989076703250705,0.15931244244671652,-0.1434343234489642,0.16529687414917207,0.43817607315270574,-0.11820301802185815,0.47387405264195775,-0.2917001046527857,-0.21195614375078994,0.13690717761526885,-0.2993933924925805,0.4034682152815126,-0.446479263046517,0.47657222225539725,0.2238107394228315,0.4881890706786098,-0.2751355883594638,0.24338378585245815,0.13284359332734655,-0.498290801785835,0.1286772332141465,-0.37129269565866346,0.4739102324806636,0.31715040537979294,0.43695855399021194,-0.015421415071155823,0.14198249477810723,0.29231576922089303,-0.24682335074891756,-0.10692170006713161,0.450948729751904,-0.09325140529724515,0.062012120270433735,-0.08027190457645447,-0.3777399910207276,0.19098303250799833,-0.13053691956487887,-0.31844523060831437,-0.13699877998824925,-0.026348644109604635,0.43129220987632483,-0.15418082077601566,-0.33376973330605947,0.47308980302276255,0.07033421075858728,-0.05799078821174371,0.45959262033413223,0.042311591801784385,0.21697169124546947,0.4175469700903332,-0.24736802025283686,-0.06030804501044447,-0.027873602862379998,0.19676241259812013,0.4888825918512841,-0.15756334065338592,0.18840157740639177,0.11303683446860871,0.3957423995728477,0.44588210541474765,0.29255081368019004,-0.024378676021902967,-0.25670980018096007,-0.10109808124538763,0.33123728465712726,-0.29451299320731456,0.07262444102270607,0.014170836045338451,0.01208653042228522,-0.07133471819035128,0.1349649006441387,0.1617641043031345,-0.16667473086316995,-0.3491123170260075,0.49467295676673056,-0.49445362537589405,-0.2521628948856808,0.15393712738157309,-0.0074901494836775995,-0.2259688066603209,0.19125604804060695,0.051973059856822476,-0.4601332526128769,0.07086861692906823,-0.2812432809773702,-0.4748046864290128,-0.4796359295445172,0.32484476870802254,-0.058509907209561354,0.10856260352682615,0.41213224034096557,-0.144745954638383,-0.06884775093647319,0.05488328772322852,0.11224927615220506,0.18573130554560305,-0.23003739163731737,0.21444763937018366,-0.1557746441617812,-0.3218926265830246,0.4633674785978901,-0.4225275826460014,0.4600882277867346,-0.22242146597714527,0.004073633930883613,0.11097974793633361,0.41053758966808723,-0.3385433866373914,-0.021444391763766835,0.2883347732263832,-0.35019970355363,-0.1340068772721323,-0.2590303347108665,-0.2424831714660691,0.26623277886618385,0.029247523117713153,-0.15555355965484516,-0.0766982248444352,-0.3146192478512983,0.23269597582797222,0.11602298834541849,-0.17111646932022737,-0.12087948679976498,-0.4497461609129049,0.4890145252651607,-0.3859346645312454,0.13267008848894937,0.32061142596441133,0.465414976304164,2.0866936385825336E-6,-0.42932721497335496,0.3472594074047681,-0.12904572214755158,-0.2954226509886681,-0.17578055066529627,-0.29969355535138126,0.3867298304003119,0.4278496271606474,-0.06741009244884741,0.04516858308739517,0.19386855351991286,0.0636041720768489,-0.18334149016089848,0.45543621917122007,-0.04853548238496992,0.09089866075458644,0.43532188426349444,0.48070110641062075,0.24307692335844203,-0.32140815770545056,0.04197210816377199,-0.16514758104187552,-0.42663824968620684,-0.10380355003356997,-0.20504824123138252,0.4463276397441068,-0.026050316971914678,-0.4340011020809183,
-0.48109807914728636
-0.22689202671572392,0.2905703932977516,-0.28169430668759066,-0.0810561057648767,0.19514920458658336,0.2347729756698811,0.2872860838110869,-0.15369549917355574,0.10237649320264684,0.440756163586285,-0.24429089165780535,0.4723910893185223,-0.3450453876143547,-0.2717353126256988,-0.4186106720464704,-0.1838849643884176,-0.38436321039569,0.04569870999897042,-0.07322611781377317,0.44376768561173857,-0.3643362801035894,-0.3467092703760298,-0.0398919999100087,-0.4684229283386772,0.24466276954964322,0.32443961426199985,0.1317370889631847,0.1917799357651975,0.4197379570634267,-0.4291873568231632,0.21897828027434038,-0.24434070516329776,0.01509810193924744,0.15421949760410117,-0.3949503968903309,-0.14493898420883872,-0.4781607078810222,0.43829107415875623,0.21176222919523682,-0.17471067655512126,-0.4011523513700811,0.4553607968426331,-0.25873394855800824,0.16339987017543314,-0.4363221108979686,-0.08592753841284108,0.3978734796646748,-0.4805943060720155,-0.4321694065149887,-0.23977969754835068,0.06027702025712996,-0.027163327360185244,0.49228384589294827,0.3157166566717723,-0.047774874605581316,0.1518690379474155,-0.30562500880505017,0.4682320566050322,0.22082197955266739,0.08976726777080223,-0.3867575684727179,-0.1388050841183491,0.4729885764675279,-0.41866523304854053,-0.10185858610415578,-0.45732280203694675,0.2435044700656999,0.20151286299871743,0.16244727444284648,0.07173195537183628,-0.4278491712897098,0.07893233148887945,-0.3141133341014175,-0.3479624173711279,0.35282681179726694,-0.020864661523560937,0.38851352354877333,0.4652422589342222,-0.11588612069258576,0.24534991003630904,0.1821730393087672,0.010191634454458528,0.09861265346340663,-0.3308869481966983,0.36867393672387916,-0.08073834709754081,0.27747995019714233,0.4187028166379525,0.09861518808004009,0.4193075608956973,-0.3330558969280749,-0.25974656521455897,0.03079061091424383,0.33227910981700914,0.30517909456894565,0.26459188277048473,0.23932081305032785,0.26934090229200613,-0.45923106352362897,0.402248512848452,0.10413871960525577,0.46237632428326636,0.1780954376858284,0.48975781925221307,0.39018153304895653,0.4980421493741266,-0.07966531911590792,0.062280032786915476,-0.02838153674438161,0.07208011968596116,-0.20265206554978796,-0.12926168720127015,-0.310329992036105,-0.23461911721455794,-0.43639453494940617,0.036079830277793004,-0.35394851329039834,-0.2416651954904072,-0.3696175462708299,0.03893366187812371,-0.17120033349436412,0.34629278781875783,-0.04318185743505158,0.07985227930441528,0.3432180660326821,0.09650031923960577,0.4660309750000603,-0.28651267351151466,-0.3220966644751039,0.4956554840637253,-0.024666308283574204,-0.4405353439162911,0.3742911325223369,-0.022717489717556175,0.33369435715516094,0.3233876956997168,0.1878869671585485,0.28939976903598164,0.444940420699369,0.32331184986150785,0.33032374181299484,0.2655017518591809,0.12180490461075831,0.21019738052696982,-0.33638538090035286,0.19566228253845855,0.2637649741958936,-0.4047383221483706,-0.2185542198446115,0.15960630446495708,-0.3192749957054011,-0.14718389499007997,-0.24291884006222494,-0.12011401033966974,-0.005052396962200859,0.45408697591327196,-0.036573402254399465,-0.11916362992171727,0.4452379468986175,-0.1943164745830329,-0.2219712419921601,-0.002225488484337173,0.09023773024060243,-0.28420922560343154,0.17425942823945476,-0.42905456612151605,-0.1382125779625266,0.2918283112186696,0.16966340962671636,-0.019993007800004584,0.15466623785806136,0.2852308127070363,-0.146575842332439,-0.4726149908825755,0.15562159953420066,-0.35783035361367377,0.2471279749379434,0.06261916598832819,-0.08754936539013015,0.293449530655577,-0.4335154224419019,0.15485880120882103,0.22299851744177793,0.022477417604739744,-0.4536123431313601,0.06695736540694085,-0.21571050852203108,-0.4128839788873053,0.36767627570088535,0.26215293667281436,-0.316391527045349,0.13939727030677565,0.38118433926508943,-0.316888530521401,0.2362021040586985,0.38648589576908476,0.2631415005253158,-0.4168516450444426,0.37837018897335306,-0.13305299971540993,0.45571617419631205,0.26073315279400344,0.31006994022937984,0.17828561557649084,-0.25253267611083996,-0.3490786692417299,-0.15224342086394757,-0.015109709578446559,
0.3489187182395002
0.3623835148202846,-0.0026914244271933814,0.16115116733649348,-0.36254560685443304,0.40503154542378556,-0.4229182641774585,0.4715542572005155,0.19173647542601172,-0.42450620881721357,0.35776138628914667,-0.19769704066820137,-0.3322824764398773,0.15339764969013828,0.03582354436436789,0.03521694756327555,0.20958332329890686,0.35778616537767116,-0.4343607538567537,0.34251460717239374,-0.40757298422493593,-0.21232855458727326,-0.18213631486360027,-0.155199399850483,-0.13829644129287347,-0.1106166056936608,0.2607733885083444,0.2855585433937706,-0.26609859532106495,0.35181935608250536,0.38577755204214464,-0.3767547320757858,-0.21936695683597038,0.21203221840425746,-0.10697579072565577,0.2145862614154329,0.2286452727568402,0.3679802791056117,0.23212283059269245,-0.43128831249754196,-0.19525848197164908,0.1453282472244486,-0.044466513614366994,0.4885708054791109,0.4287083121752855,-0.464417901669295,0.47897452770314186,-0.21628130029954618,-0.28464953337318366,-0.26015480461960905,0.27243337526785516,-0.3606304946152843,0.1863315973947104,-0.31329951758734387,0.20409275217633005,0.15569532607921688,-0.18972661123519607,0.2663361521944966,-0.2523527118249935,-0.465756627820165,-0.00808595157583612,0.1252394800178168,0.029251275311590566,-0.11881704440220911,0.4128758931923807,-5.110269218855602E-4,0.2382979557002306,-0.37844649954007303,0.19013722197036187,-0.2702586707183864,-0.24466773216851134,0.07434879323292828,-0.3369700646297551,0.29729940102039554,0.4607507717480569,-0.17481328693467213,-0.2544390651106472,0.4481863370448461,0.07954374063426481,0.15147777365381754,0.18808201452694584,-0.2690604176314072,0.09018605590241621,-0.09558014764787229,0.2808094314904439,0.06387837441343353,-0.32011447000149695,-0.06718937043598197,0.501421161440619,0.26888675840448073,0.46374781775426566,0.34558324347519764,0.3599356217753229,0.36129340014948386,0.20202005238532272,-0.34686545851273776,0.2263035576949638,-0.2307813687946041,-0.4525745039339464,0.10192991478487021,0.23961983834389033,0.0707980263348704,-0.06629588268667078,0.32253221835383117,0.4925896027035993,0.2839812950560765,0.0768249556602468,-0.2518835212893902,-0.43914064519279195,0.22114360965417257,0.20193800109997495,0.12869630505068963,0.1040498296690627,-0.07046367124261635,0.03198476042370995,-0.13429788332776027,-0.2961951473312907,-0.22135731842740325,-0.22201187790139265,-0.17778544348983083,0.32389597105792445,0.3267930369555744,-0.143605853123709,-0.2739280933318897,-0.2215998832330195,-0.29806627025308785,-0.17456068094087296,0.276232771357972,0.37619337359227767,-0.1347677802285625,0.08036891786095643,-0.4128092193813926,0.47348115369183874,-0.20875951915666802,0.17643345322120574,-0.3380987549298067,0.010810936679902645,0.29462771962322964,0.2589415690451824,0.17059408934409026,0.2369910952234543,-0.03896775900721334,-0.028750014409324107,-0.0689887039241022,-0.2704349947491551,0.3983719829617133,0.3844215921194969,0.13502148693868998,-0.49003291134326876,-0.18500872730583984,-0.0536146233320895,-0.45277218898052773,-0.4787867506381116,-0.24768818124397118,0.18378276657169412,-0.3869000589442124,-0.013044694907226245,-0.34780652617672336,-0.09371300266829954,-0.34267558522661756,0.20295499878950596,-0.1769992818914894,-0.038966891748809136,0.12748240950318213,0.12551051342879216,0.28340888145060483,0.16389834599339093,0.1438272039649019,-0.2839059424777942,-0.09072610551447438,-0.10527594436592905,0.4528483398410602,0.3774364330846014,0.2864278712446999,-0.014828687121125294,0.2504734335406444,-0.026479451670762363,-0.3189476730140244,-0.04924489410441441,0.24017212259890142,-0.13557717109053702,-0.4206804322862543,0.322702144992128,-0.278108495085548,0.10666758134857865,0.3192821076956259,-0.17936991318002726,0.4696659751793294,0.47073613500197964,0.4405286713383858,0.3736470388824036,-0.35109170495492215,0.2095995278391436,-0.4890848256168042,-0.45467871589511155,0.04880340941682287,-0.42438074948809357,0.35471680806622974,-0.2529259926817622,0.4608900930328994,-0.07211218029992875,-0.19716197984097006,-0.2651021738428303,0.12182939478084395,-0.10194268349164884,0.3132548232880866,0.2759067905281498,-0.24347627252551263,0.48993045240491584,
-0.3666950652812093
-0.459029688734886,-0.09595813622975262,0.17347483282251722,0.44515024933659547,-0.24445129027687523,-0.08867967397252496,0.025323405118096297,0.08910226928704967,-0.18903047653019914,0.12623629621217622,-0.3462131247367093,0.12630286220499762,0.16295652523428777,-0.32775569981596475,0.28641190071389766,-0.4809786347751621,0.036431391420851306,0.3573633397430683,-0.3942386747897743,-0.10236636677394449,0.09407758759241813,0.13248542861534887,0.07385925469509524,-0.30364805838259173,0.07108434558500024,-0.16193632276871775,0.34551503240683884,-0.11273295013343662,-0.48078506097820994,-0.1559081939924825,0.027578444957264844,0.11341988700085487,-0.2724734227491048,-0.41046797033302124,0.48094003724964685,-0.43630560113816913,0.0913895640691767,-0.0420711318676332,-0.4185708775944067,-0.4974134622325721,-0.3147164685918129,-0.11306063910605912,0.356818115970548,-0.0283929771796843,-0.4356123140676028,-0.3951998003643804,0.19995657118507346,-0.18791103906984089,0.36449243835984924,0.40828108346786296,-0.07980264671801296,-0.1759849775906173,0.10106100540593388,-0.045217722409912814,0.24141362051866064,-0.42744994716840257,-0.32205201784616644,-0.37312854256362227,0.4800497789848511,0.08088657354144613,-0.4921779927808204,-0.3539033932513359,0.04414176457196042,0.4070250212506886,-0.1807041508643156,0.2622776058330937,0.08268316448043878,-0.10788269118390337,-0.32015267625253396,-0.4748573546217738,0.08444011456422962,-0.31070930355145254,-0.5010342882956781,-0.14290963446226926,0.4762938433230747,0.034408314584837646,-0.20743989401585342,-0.11097807740608823,0.30341726461833707,-0.3959881709286389,0.28751775586370476,-0.20439803805006654,-0.11293220355624689,0.22073050735172214,0.02440162829528898,-0.3280291047725865,-0.049494387635493825,0.11273023998577292,-0.023371444560004884,0.3308455485754628,0.07952261017371731,-0.08868490960402309,-0.15392969741331677,0.26710871023568783,-0.45870525592081546,-0.4204170445432238,0.11787211764058403,0.4364027868442677,0.4237460916981717,-0.4949240497821663,0.16138404018113114,-0.0750937788045859,-0.2226601577848968,0.060655494605954235,0.14945276282227468,-0.4506141610796057,-0.05781149251337911,0.04037048198292073,-0.16507744091960344,-0.08021767196777374,-0.47439869957935854,-0.48912314765825937,-0.2289540909858472,-0.4790002970457967,-0.44133606124303526,-0.21599488665184566,0.39160571647083,-0.07376582520524355,0.20517222661088683,0.41236205412710725,0.4769028503674244,0.34109164351640475,0.022217592860466272,0.33739156135927995,-0.07663604994301854,0.2959071032588212,0.17894941569152553,-0.4218912263777358,0.4073761886739602,0.4530934454986689,0.22851489992051108,0.1387604568814441,0.48805749667796183,0.1770109493260624,-0.0020951624236610947,0.1349543142507221,-0.07097826854582234,-0.2742368377360095,-0.0885909079486572,0.49033806577889594,-0.4641997293745721,-0.3325113082390002,-0.4043868598568501,-0.060301083264718364,-0.39656668540971285,0.39813234710186274,-0.07265709177476287,0.48939282326193845,0.14784471994043677,0.4433438241640647,-0.2193080927049185,-0.06769809028099305,0.45496702610742723,-0.435934941208168,-0.39475861711550764,0.4920577160907813,0.12318410190161899,-0.4464673093075071,-0.3751893141379302,0.18005688158461283,-0.30248955283720236,0.012835055013586213,-0.11544869078717745,-0.011165240332111484,0.1980282054094816,0.3228279701620763,-0.40607475416191974,-0.38334791488646136,0.33045387113323,0.4921272036367935,0.21408414889772828,0.02068788038003817,-0.06669112047733194,-0.44594038390295165,-0.47960697936633256,-0.2699776798466368,0.2640192733235861,-0.29013052652511806,0.4343182102667724,-0.4853695870312982,0.05537162681902355,0.4711395193173188,-0.23637375600663882,-0.2971013823065244,-0.11589643249688564,-0.35869818979268586,0.11581673996927588,0.1677134413336354,0.28500938986941426,0.09427599946476006,0.15693890162099153,-0.24003811143860013,0.21679206335329668,-0.04231204641917738,0.0764179065484043,-0.24167863608849663,-0.06000493483143074,-0.01121528756735464,-0.411756142299855,-0.2744931771133422,0.10269886220007263,-0.35692325253664636,0.04985289639245907,0.013680800275936919,-0.15373152207000965,-0.4210982551760568,0.3122561029895643,0.04552238980918469,
0.06468363042022945
0.11495730519662999,-0.2721236874884027,0.41195172114044387,0.34236343221760684,0.4675093281082115,0.3412818153056046,-0.22237012745547152,-0.38523402071812257,0.41898489011854123,-0.34758864552398183,-0.4485918829019343,0.41606913675097296,0.45649168869674367,-0.48387579518745727,0.305878423885211,-0.3444478071486835,0.303346981616323,-0.3306987369540738,-0.044714864329676474,0.24744132917729136,0.19967167906003158,0.0936224929635044,-0.22450504696339232,-0.443637445273671,0.2564555903023921,-0.06602694044529264,0.45763097389411345,-0.2890618980666409,-0.30530707181104866,-0.03376194946699638,-0.4846029928331312,0.40081174553654014,-0.19220872940789074,-0.32521387191438106,-0.4665925681125017,-0.3950271033847872,0.041145103224195276,-0.15552512899868362,-0.060631413255952095,-0.19202065924367703,-0.33168798818464484,0.19666791774686446,0.21083315173068198,-0.3460986393589278,0.16422544176831202,0.009088539406970306,-0.3133686273079582,-0.34023549303959644,-0.4779575755805552,-0.1565295691781647,0.44136334617908757,-0.43627044357291556,0.4428077054611448,0.4784840827246447,0.004634217856920146,0.12009200771357162,-0.46120312554464893,-0.1056442644996575,0.05800792350152963,-0.3313320674150191,0.4341647342702508,-0.3115587286654564,-0.3731420289424373,-0.39561178696965893,-0.07882514093711471,-0.3855875415928969,-0.30072563797152707,-0.048034203237954355,0.13590787246200745,0.03243968459318405,-0.34952455901255985,-0.3891479863619268,0.05426041596677524,-0.06626835806085832,0.3287120409807298,0.47729943042686507,0.47721033537320645,-0.13998068444185605,0.16744054818481893,-0.42679922307331986,0.07373830192686767,0.4770477951393136,0.2285807559202411,-0.4845256949751522,-0.01954036009697372,-0.21913370550437047,-0.3470371290387023,0.14511812174037378,-0.08106556902232245,-0.08331667878849783,-0.4033921845295335,-0.09834266754012203,-0.2152121542128552,0.37228003547884236,0.36527353243432226,-0.42344058135536566,0.18718708305292878,-0.128547618020835,0.12473931813742266,0.40829482742950096,0.4728850099756253,-0.36232218391330917,0.2605889755809845,0.09207149227072384,0.3559546373568162,-0.17581958767507674,0.188792955223437,0.16887305495951424,0.39250301849896374,-0.18620661491658416,0.17717870011844664,0.4312829166586204,0.18906666145274056,-0.21950427510758128,-0.472082769140724,0.43767706301756304,0.41405530990265493,0.37422551123132375,0.29244317285219945,-0.03827934250575369,0.393524102980634,-0.35845078307736244,-0.4572353387864152,0.22070451708910235,0.3157191703467609,0.3269930159629467,0.106908409980596,0.024109891746344224,-0.15674490540143368,-0.4866813730437599,-0.4087157165103589,-0.43710959204128785,0.23744674775036637,0.15375234462598555,0.4590431226219698,0.4203129001597339,-0.06376727744307564,0.4251535246377033,-0.08895996906011941,-0.47320085158542735,-0.10470916822202184,-0.011666101347665872,0.3248049911078432,0.20406328941556165,-0.09863936379855157,0.18021719078001755,0.04696141464477168,0.14794011638348606,0.49745209094015386,-0.1177463621500601,0.4058222200790308,0.1846519982091184,0.12153313938594565,0.3104818316961183,-0.08656749050710857,-0.0981369366432118,-0.44654647696730587,0.25485588459618247,-0.2398835741619658,-0.1962788720113928,-0.21072421734779964,0.3589331582959052,-0.13037456076033468,0.468189512669695,0.017848743131623955,-0.12425615341792354,-0.020726492816700838,0.29532198555044176,0.46137277678280353,-0.03835924839669067,0.4369849317763522,-0.17326354526429752,0.459870111237373,-0.022846202663303984,-0.33403172449252627,0.28939351979548367,0.32888749245358184,0.4523503867533373,-0.4622300467778391,-0.02911137973908654,0.2004230332125542,0.3439296323465659,0.21574959224255533,0.2688173535772117,0.26898221012923196,-0.03774538953653437,0.38355858218918204,-0.22662462223052068,-0.39216704880281594,0.47875355373501505,0.15699181178603708,-0.4597941313822489,-0.00505644370791655,0.23759769188561478,0.3926226916265366,-0.2103910388519887,-0.0062493357585314225,0.1902893703484098,-0.44708093807605775,-0.3714206567429401,-0.12918035141329307,-0.3522285570015735,-0.23492154196755885,0.03373961905502134,-0.19937719918614025,0.20189476971100598,0.2196085398644441,0.2560884743513616,
0.039865957475623534
0.10919699386211287,-0.4025388379953097,0.015185913727593486,0.024902523858659938,-0.3689118130756377,-0.23336753923211417,0.3174340035484118,0.10642632984444739,-0.1186247544629832,-0.3513647812393159,-0.44521294185653515,0.05021868482430885,0.421920297382722,-0.30284255452554437,0.4968690028422998,0.15916574518427357,0.4999626443543145,0.18031036058954125,0.2071314598397637,0.3768602483071783,0.11778887917591993,0.11609327605309135,0.4761146510882009,-0.40091374481346537,0.2603022639023221,0.4382163799500311,0.2663537100130876,-0.12481657551789446,-0.4829726056998158,-0.2632365440099052,-0.1606688329541503,-0.32696463953001986,0.02216374343698426,-0.29536918953420316,-0.31276448019857184,-0.4431492394008589,0.10301680909808142,0.242169745434997,0.12741897762755058,0.34210946625909544,0.2855740384204245,0.026250672977548933,0.4350600628644725,0.03069156427483862,0.3266740186139492,0.23063298036293053,-0.31511236212720917,-0.3914549840567094,-0.23188275144463558,0.004053270378061779,0.05606035500959181,0.0907720254261763,0.093808369993931,0.25483736405716073,0.21061945679342717,0.03680577658208437,-0.04888708091861307,0.27041944546677865,0.4998261648978534,0.1266638203035507,0.05378549025377186,-0.29165471939281906,0.17483313796281794,0.288510136888273,0.32240176955388955,-0.46455037593364135,0.4823366205872329,0.29845491313332795,-0.46203987380169387,-0.4368119633249288,-0.4887943361142447,-0.26456532039960046,0.2852940765054661,0.32964170964120765,-0.07731194733870989,-0.33281966063832125,0.2451644692914898,0.21250298418099486,0.24464279885684712,0.46769393937938675,-0.042623949376101276,-0.17761116790538314,0.23935181363684463,-0.27768060280098694,0.02199014353383269,-0.077881808457058,-0.035186400284201856,0.26340680047021714,0.3316815728731135,0.3451278361567185,-0.45897527319133247,-0.002267100462997279,0.3355141239973256,-0.35500853256716713,0.30560542972825255,0.33625611177965653,-0.4771137188191412,0.498044860702632,-0.0027722696995949856,-0.2825534185358062,0.2861246481820231,0.20240924833582705,-0.15934432347659802,-0.0726524953002386,0.07117949802502616,-0.030755501823674505,-0.07619047738750123,-0.3373130290525116,0.25810352880995735,0.08585228053477795,0.055116214831697576,0.057773879569378274,-0.47352907651292775,0.4452884905787282,0.36851118521767523,-0.29842398092891,-0.4443788388116583,0.3834339132802498,0.3038071949331298,0.008291583356351377,-0.21441212532290435,0.24201013082050435,0.23174802970133287,-0.32710953787592056,-0.37819986543096773,-0.41518250581578486,-0.08408383969317185,0.3425147519031312,-0.09488038388048298,-0.4654889364941974,0.20776508458182238,-0.43470734848756776,-0.31149577507614457,0.26851884005973237,-0.14360117047678392,-0.4599660787250396,0.3625648078728817,0.31524636337444356,0.08132226814202465,0.18343856301638303,-0.04549150770173851,-0.07449953949076654,-0.3957621486568115,-0.4441347004030276,-0.011561465983391871,0.4591041011813354,0.16506568475913572,-0.2576302562793096,-0.360292821793442,0.422963291417072,0.1577156072952066,-0.12736330783945107,0.04199491592629254,-0.4756139573496684,-0.08725884188062932,0.08159491558916737,-0.48698474710901907,-0.13775734709828905,0.32685752715718497,-0.13808341705588514,0.15322185492670612,0.1685952655980862,-0.006593717658035824,0.44026810576992237,-0.2583797442461109,-0.16528575896265887,-0.27679798603442884,-0.47890737390107163,0.10376390129375807,0.30793725890898693,0.3617972459605542,-0.015131059353782186,0.15924031603818842,0.3296168753508043,0.10705327261521519,-0.09779453805078092,-0.330570377169052,0.39944065353489444,0.11000683644609005,-0.4692082423475672,0.3010449151088862,-0.2023023003550273,0.0023733547393773213,-0.2008553599514559,-0.0030603437436845,0.4746037543202387,0.13562953004190678,0.14924959655329526,-0.19710561083045922,0.12458671461675482,-0.260530487232407,-0.490387667126402,0.23757176247121467,-0.1965267313047532,-0.08846978384353316,-0.39910049186097885,0.01255453260100119,-0.48219375703696077,0.3356333621154156,-0.261738384753315,0.4103591509032848,0.31806145319187196,-0.10760723344219908,-0.21240483992202555,-0.08945734906670305,-0.43867783180990527,-0.12611221205850076,-0.04258486537061403,
0.21021206609391896
0.1724086696809619,0.341587463443494,-0.3379323158229559,-0.31336001518772544,-0.06004977367985057,0.28837521470185473,-0.20981444811142544,-0.21699878333334857,0.07800901679062418,-0.3765495870830386,0.29679699177470703,-0.4203071007806929,-0.4027068921389657,-0.2734732311054269,0.24212091092741903,-0.45277921095607154,0.26822290872079096,0.22047291172066988,0.028056184612613787,-0.19740231859421234,0.3059379381373824,-0.12765418915218116,-0.1772311053695889,-0.23589528044416863,0.25578843230953846,0.04638358122617459,-0.09798705217240672,-0.31379949994708844,-0.06107439660261445,-0.07288006935222424,-0.0916713853163095,0.35996316969793946,-0.26600194187427756,-0.18860228572630253,-0.1643629365536117,0.36045619815697616,-0.08193564835431894,0.12847249907180194,-0.1159336400677347,0.09731189081223597,0.26382650350786013,0.4880967993978443,0.1972250059683003,-0.4157476658711456,-0.393959500740434,-0.018794774342388288,-0.10493381555411989,0.2791750781056573,-0.3788146361443902,0.15945042536657852,-0.2560284728793973,-0.43214059299229673,-0.35678261897763114,-0.39273926982190593,0.269556163441855,0.46476181372649567,-0.06341512778852114,-0.21438286246206803,0.10979665090660158,-0.11340091702206671,0.48296566570168925,-0.1250844333193287,-0.06917984063064746,0.4179522430636739,0.002922210957134529,-0.3266580790083899,0.2833150174475006,-0.1671625881038787,-0.37001463734912404,0.21753765097027924,0.3644368881258004,-0.23783297699467695,0.3822167692975657,-0.3160630973255611,-0.23175113587897442,-0.19574906581917337,0.3350890309506322,0.30200613086415323,-0.04285195105216025,0.06396352180862626,0.1895619663813997,0.46471995962568097,0.3673948824646302,-0.42407007136413094,-0.24947814347920758,-0.04304212936943888,-0.22622419813146508,0.31806023938229083,-0.3167096253357567,0.2391081196173678,-0.21840615302171293,-0.44601190150170217,-0.20030166679818015,0.02101687347700466,0.08859580531366025,0.05644577650360302,0.04025853210783012,-0.05947795731526764,0.46510865656677,0.35833486963350675,0.26526169239207814,0.021162850469627525,0.2375720152334421,-0.44577153829987964,-0.054842522095638696,-0.2747422136594803,0.428817461267791,0.3322663891185768,-0.1506275767329289,-0.1586048073061079,-0.392140385195537,-0.14511704313226267,-0.12724436871305553,0.14948204609072804,-0.06737207521215709,-0.1734681920817591,0.2101317524950426,-0.2081514226100941,-0.16901777605559107,-0.41244984847956384,0.19197993635693925,-0.4544927992947582,0.2585190049192591,0.3555307645310212,0.22804702897253373,-0.2614834382697902,0.49608975022344665,-0.20095354932308848,0.4707415423115468,0.3825024507188632,0.005616309811357542,-0.02670130943685255,0.006444562119073757,0.20373928321464632,-0.050297126046989465,0.2732387588286482,-0.38958737999440435,-0.3532027768463853,-0.40129250587496806,0.4669355198313117,0.3597365984842055,-0.4023884020017883,-0.0016491207871331215,0.06044155556736139,-0.31114000436528927,-0.47306698082078485,-0.048396239505322375,0.21513507015270597,-0.2065514858024677,-0.009532216422598931,-0.41949154148118756,0.1894921641506855,-0.3590575069533393,-0.061379846625708306,0.4767539228759799,-0.1905297005563977,0.22991251313388075,0.08659930851401161,-0.27576156613989417,-0.21483965218638554,0.15537752390701623,-0.3252444759480088,-0.11748295495051124,-0.21390860018887878,-0.016465935213241013,0.30936165406099175,0.3569460441602991,0.06354881939254949,0.41688397368793223,0.21565755783908228,0.44950001400095513,0.06549271357058846,-0.26046254632156257,0.1578265786107527,-0.21634860828631405,-0.07185938719537514,-0.4274931294475797,0.48467486285266187,-0.272633498967442,-0.05199539214161933,-0.45990364607517836,0.2451359960946297,-0.09981380316026893,0.13914971568490067,0.051030624332310065,0.08432448779468889,-0.1564769629732475,-0.237333030224233,0.03175618076316308,-0.3212861034926903,0.4577211478339535,0.2788311873954539,0.11438679205893494,-0.2018836414388225,-0.13491087589677728,-0.48286002555424906,0.47805396129732997,-0.307507766184515,-0.05496999709180009,-0.01459306925891734,0.2699628368699935,0.39321990144497004,-0.09444301656884217,0.14630892947958932,0.291242364510181,-0.30869258940990346,-0.0951031868449727,0.17826349806760403,
-0.2843301015425283
0.010666577143646551,-0.08090160757545711,0.20876514027385185,0.08857826951975352,0.11912134778737613,-0.24736861207054558,0.24855914987876385,-0.10242523378271369,-0.33116905045886974,0.3644175200879837,0.11948480155221836,-0.4824509614787221,-0.19791412746220358,0.4035351283204486,0.428876940536022,-0.29859515824795835,-0.31045436124774356,0.204034377415833,0.290322283898624,0.3785024223454522,-0.3000240660792215,0.3003786141111884,-0.1623937835920493,-0.32175885309533014,0.0484210326196612,-0.10363433049090824,-0.2572003986373795,-0.2356033289599715,0.19394650374356556,-0.377079152759164,-0.11095765772686796,0.4021437191544288,-0.03864057051188434,0.34923293236977915,0.06717772088721675,0.24899956735533113,0.3461777490510869,-0.2264765520673389,0.06676139187779256,-0.035730952790861435,0.230207477547075,0.01398163135152237,-0.18605960588524978,0.3649842708463374,-0.21951420222014678,0.4428268894130089,0.27228844954179504,0.020933316157004365,0.1361471117682515,-0.43543612822480776,-0.33238390589813943,-0.12094539563554002,0.09629699562536614,-0.17559880955042034,0.22332913103190982,-0.26658813121475305,-0.08579951650033518,-0.14797642431843555,4.6760971736076624E-4,-0.3832519614029792,-0.02405161273126352,-0.20499748989210792,-0.3750929487268037,0.4793250086011472,0.09579341228659272,0.0768372404871514,-0.34605014447902266,-0.1579087229880463,0.39571554666132297,0.1265313479576658,0.08551061698163215,0.4637591652657012,0.2533785658647983,0.369774679143873,0.045327256969343734,0.445161551937917,-0.3995100089660368,0.04621413652911647,0.0011043055725736242,-0.3907022030735335,-0.06732027015463532,0.22296101295212284,-0.05277665683149709,0.44176726889962264,-0.24763733187692633,-0.28860317046769185,-0.12036936147910843,0.35382807894015594,-0.192346520172956,0.46250322392782767,-0.4622608039890567,-0.460892523425843,0.4132526524573686,0.41535616942096004,-0.1713407850518242,0.23502981973143838,0.34332419423391186,-0.29591198239976774,-0.43120306292947025,-0.22868334286893915,0.27173778807778254,-0.4094642925848228,0.17883884711165582,0.39045272043428386,-0.4983509944472701,0.4829572293024182,-0.24963530932651218,0.45880096291596767,-0.22575702429229433,-0.07438789689784658,0.46580918592159,0.35208815829179424,0.2755687698291969,0.4996667276189262,-0.3017809668447787,-0.004727672814537842,-0.42925724021042316,0.16279824773822243,0.2432281985368993,-0.23565796485574803,0.08640128701871225,-0.32696446765996184,0.04290135927054654,0.21638644819320302,-0.06486572151697251,0.3917897292984736,0.44957144658173503,-0.09568535998675204,0.32973302341425453,-0.058309264491018885,-0.4524757124739593,0.3538910966866066,-0.4295631032348312,-0.0932398224311814,0.30135963879100186,0.1332938957479019,-0.39503433439535834,0.0056152930886954056,0.3320844236431409,-0.17080911232509616,0.45897475709107033,-0.057187389175946755,-0.06452919849130628,-0.3416317408833865,0.41367374973515575,0.44910411937225053,-0.44806216511120284,0.39023491437444985,-0.3323015738059362,-0.14170769996527227,0.2731929075477159,0.23306545804537,0.3619294943581232,-0.0634645153916566,0.1280941745027528,0.3456331691245675,0.26880202894634714,-0.42063216743775494,-0.17132625358112946,-0.32407647834919656,0.1517512073052028,0.4223632746259534,0.37698605482732456,-0.10009151554368428,-0.21420798939370006,0.37328637557278527,0.4344237944819161,0.3358998471846129,-0.10316855297673627,-0.4332630733351866,-0.36263032457606675,-0.15621023735465828,-0.17483616358309845,0.26670978387655236,0.10652872646479444,-0.11647469656999271,-0.45229871354643364,-0.2018450645278887,0.24201317812258655,0.10345307046862601,-0.19615723756919662,-0.32446288716131527,-0.47777247193002653,0.056708883698950364,0.461486837544633,-0.28544165100864044,0.431828712936778,-0.09738331212839907,-0.0674548868134815,0.06262059085011479,-0.1674873500518153,0.24009972170590016,0.4014141982139962,-0.23572959152622058,0.06010464953670428,-0.45860352880145633,-0.13478377753702425,-0.3102194103467289,-0.21759160627354474,0.006912318743472479,-0.4987806103690929,0.39818874488814365,0.1844941342807645,0.04582765694550953,-0.32529880293460994,-0.2194735988585696,0.3615836946993632,0.0021214899615475636,
0.42496710700212803
0.13224091874225719,-0.10799168464611729,0.18958111359166055,0.0623945939978579,-0.3424566827320469,0.455543152115707,-0.20639078016743564,-0.3624118623775713,0.22621778866022757,-0.03053229442968424,-0.343629922627273,-0.023160994601867664,-0.31428816160555006,0.2348824612170303,-0.4156210455210097,0.4384175728790943,-0.11755795922150668,0.22885231893620525,0.3093584394093907,0.013161024569654975,0.050160079555307824,0.21694754365067784,-0.12170943486291322,-0.33257299312037675,0.20863150698509342,-0.3614021856392496,-0.12615930126773442,0.30698843440253754,-0.2630258912996963,0.2761100123731869,-0.47134172800956825,-0.49004571861423746,0.34362887422529975,-0.43461340023456296,0.4949970540866247,-0.21019920383001345,0.2420480723321762,0.03215243290027482,-0.24135741343511663,0.03992508937745233,0.4573961736978265,-0.25600174064101644,-0.05597439525899493,-0.01425746103727828,-0.157100946256317,0.35884491807708985,0.049674003102435874,-0.07723725024869435,-0.4395167605117981,-0.18248057219282088,0.4711144824004351,-0.24497977008594018,0.4955622415194789,-0.01854548399251637,0.02389755036070957,0.3652303742385039,0.31774324189194947,-0.4525157528930198,-0.43845009644230715,-0.3546268711355691,-0.3262457852231969,0.38556854877084523,-0.30119425094101504,0.09572848017832011,0.3046346161751877,0.0399554590747422,0.09669063879401316,-0.23929499376792418,-0.2838728841429995,-0.48973299128894576,-0.2564297408424402,0.4114038733438372,0.3993705903706497,-0.41377961011236675,-0.32493414840378054,0.3077126639763518,0.49840988835339517,-0.051826155095828205,-0.38422305920158717,-0.423175324754531,0.25170066696403237,-0.034588220966642255,0.09704099443041078,0.2304311715930304,0.49670282824528933,-0.37493847757440013,-0.29250091652591315,0.10943509465337439,0.019819450166786608,0.3067600020136847,0.2670250650116376,-0.40711279197018735,-0.4416476491856296,0.1816649892237603,-0.1203845546631003,-0.2630538575928093,-0.18319063151343362,-0.14086700516481954,0.0171258441928644,-0.37998363972384697,-0.053187050399491106,-0.46963860225132703,0.013279062832549243,0.061818775428737184,-0.44197691392729344,0.2655198344172437,-0.3938410342390375,-0.442998992033682,0.47690203097815975,0.3093718428026796,0.45744325650349305,0.21799545293901212,0.1508123984171189,0.19011461822699283,-0.10208261259097831,-0.2428152434916564,-0.19314595818306912,0.2071412764970244,-0.4986490056881854,0.05503653864126025,0.21800926432677092,0.39565647061117626,0.47260715042559165,-0.3412802126923068,0.2035801922055246,0.37955283942970064,0.25089382226002743,-0.36518222225941377,-0.2034342675044971,-0.3813176436123904,0.1753561538323548,-0.43989656222453466,0.347540138548721,0.4326330744424296,-0.4622531708665385,0.07594488768099858,-0.2972411905280251,-0.1596513888772797,-0.14429831105019153,0.35476013382074034,-0.006368540369944729,-0.30659607320438487,-0.2598144801334722,0.031041945955844804,-0.49463366555255595,-0.19952233250815388,0.30196345267185654,-0.3651749901312924,-0.4454962992684979,-0.258461876220738,-0.3555087195767346,0.3320693232999389,0.2982205707619461,-0.14751403089439896,-0.3755921475157822,-0.1757146385439804,-0.07729714434385995,0.42447390465397206,-0.2741486689537104,-0.4111722363370881,-0.28645478552591297,-0.4931503072403691,-0.40888976044907965,0.25163642190695545,0.098052666864028,-0.17135441781888472,0.4776596197965164,-0.22419520114376246,-0.132517462656344,0.2607641140290733,-0.32957897553490034,0.32220740697645034,0.436679023349273,-0.07051402630838957,-0.3318751263872519,0.0925195702823752,0.1792166700459209,-0.4383467255821045,-0.21605787427626078,0.2003142370069455,-0.4119163199935365,-0.10714288410274356,-0.3469081062649496,-0.3674775084923244,0.25509922887694814,0.00218576263269574,0.02391987688582526,-0.3386047842387032,0.43667358556478386,0.2505654578561006,0.12398264799713513,-0.3537939747469897,0.27918382075993187,0.09445333524637853,-0.16103931398843174,0.02428585941210821,-0.3858481732286325,0.4226177302290144,-0.0802368202235734,0.4325825987818871,-0.3984246756620248,0.22096818187068312,0.4419757894088088,0.32378913249755215,0.39917697509101424,0.30887384170120247,-0.21815747897135762,0.14518622183279029,
-0.023596044530272232
-0.3886761270182074,0.4454497840093719,0.13488539129824495,0.0718850776941129,-0.07605929452897262,0.18199904443367285,0.04844098645337943,0.0691943383069821,0.43504034587744267,-0.029198189377318565,-0.2983950165060957,0.03254360210695656,0.29083247459931544,-0.4048982639767215,0.002525312402210564,0.3863720492479942,0.37610613213004945,-0.24639114523001382,0.29857012553604007,0.268606133172834,0.08389580927069719,-0.13660218975257526,0.22972129167876984,0.47205431482822274,0.26302950408252396,-0.025258533573330466,-0.03847207866687118,-0.03728107123565923,-0.2801642460932697,-0.4925849540301139,-0.3763997087650218,0.1537983066466915,-0.3800159962137653,-0.16074169300662475,0.014949527944424829,0.32602508930585977,-0.11259709661994102,0.13032424290500372,0.15408652090240488,0.3281743929443429,0.22948734265392018,0.14974644530894593,0.049645285881733295,-0.034044486098234,-0.26879635150879144,0.28746010978513425,0.1463821746096457,0.2931982695414709,0.055521344118519014,0.3792531969982882,0.26178607768440487,0.35614440180032103,0.16350947829516221,0.45111687415008006,0.47010363991937776,-0.1901840087618049,0.12468929212760305,-0.0023216175259327537,0.3134533437802052,0.2248529618190142,0.02670788009996504,-0.05046897576248181,-0.07620117377025337,-0.16612654059226833,0.2131221536687618,0.055566097850330134,0.12490366082531923,-0.07167507524708949,0.07906070885912564,0.008950376792408244,0.3499912810905198,0.1099580683970468,0.4367564320603078,0.27918223139163534,0.2586858307927208,0.12546968458211755,0.026420118679058566,0.2776981524933171,0.26591068385382277,0.06852487841641874,0.0926514958951572,0.18079068326956332,-0.1942267922354321,0.3202825752661078,0.07256075572340459,0.4611379143697668,0.04506597667870478,-0.2822871693591168,0.3490004814803893,-0.06196646030459689,-0.06613374735520672,0.08840842129883764,-0.2892162789954129,-0.053554339054471975,-0.06518336094661725,0.4712569507377331,-0.368508483610808,0.04632165148838692,-0.49197802134181534,0.05425421324450004,-0.2705511635245078,-0.453904734740174,0.44509898663173486,0.10390319111435797,-0.1963249084035698,-0.0018584655767915042,0.4437660601590474,-0.06494246194169062,-0.3459085464632994,-0.2610364559492816,-0.10653653006509178,0.2757319549580135,0.4889942180560184,0.49318510847139385,-0.297155754735556,0.21831668246740105,0.09877977857853715,0.037961200407022846,0.14157916081063043,0.3167963786668332,0.13213324734467885,-0.06679150124635225,0.09176918011060053,0.28898883805082864,-0.2506305014342367,0.36309597632691704,-0.19163809861036912,0.21348198943887992,-0.3526579854170301,0.20552597573407,0.27331877115784053,0.0728626764705107,-0.04868875830011869,-0.45112595757750495,0.4948821618709487,-0.012006207733430462,-0.24860895830365154,0.009045533144376129,-0.34885732236984657,-0.48748856707989263,0.12466785733275854,0.36494614747343057,-0.19379110438889674,-0.08762311098713782,0.32881463059090743,0.2267519949046199,0.03763274013998548,0.44223281839713346,0.4789971321227309,-0.32109543748070535,0.20534587743312654,0.24847722770955,0.4270975917570302,0.09854444010150565,0.26521390033142245,-0.3216179744744915,-0.24924325965779076,-0.35986279936741916,-0.015583760064501616,0.45524844319270696,-0.2705378377959703,0.19833357651997813,0.15121187207738956,0.39150399207173214,-0.0641128131103923,0.013645103524420233,-0.11174783689629442,0.05481118604969855,-0.3970887170775731,0.46930585924009827,0.4764536049746785,0.07667128373902499,0.24022941425397665,0.04272950476156019,0.17554530534488194,-0.40132894254438833,0.06918442469794184,-0.17873981403959555,-0.11224311737187409,-0.311566157660479,-0.2795670115521741,0.4694548917145174,0.1527147151809109,0.4255015692246539,0.29628227403550267,0.04392373459197303,-0.11553447884870038,-0.2432133743477825,0.3380112743861483,-0.4082059251501122,0.46564816189803393,0.1518983584133618,0.4582165648743316,0.040152946147425886,0.29918598138367614,-0.44943824985425795,0.39920000001474365,0.48636170883858687,-0.3155266810855353,0.08751059151363749,0.06064116668717075,-0.36707398269640623,-0.06711790878065349,-0.3953489041820676,-0.3967249689298946,-0.2243575843462518,-0.033485090472473986,0.015956346365404092,
0.4672102415897069
0.43908537115918295,0.24346789192089985,0.1666233230320485,0.1609534039192479,-0.44200747369742266,-0.1784647973622025,0.022486761608783365,-0.4970788519085792,-0.367770892856875,0.3170240538222487,0.44689620847549677,-0.2253800997114214,0.445570813441258,0.3336861067192265,0.37475049498736696,0.18243486875607567,0.41759130735370487,0.3493088442426844,-0.43999771670430404,0.27018002646462447,-0.33523534117817394,0.1919034018196934,0.47761987927412874,-0.07425773499566979,-0.26609182358189065,-0.43889791636265496,-0.26916224900816715,0.3672837453634796,-0.15212582264919733,-0.42110098512796684,-0.4132575206464444,0.4254846371588523,0.46515537631394105,0.23481676862378092,0.11518326435567669,-0.16291734081282855,-0.06399234311964833,-0.2697753636523739,-0.22903937166448035,0.41085396241539524,0.028514728236814984,0.1433581787765537,0.15869546353801406,-0.11915078590863455,0.17266813993772673,-0.44390459562221624,0.1571450415638676,-0.032941080273111344,0.30019841188337354,-0.25350822512523136,-0.47317237867857537,-0.3303580113129942,0.2913861978977956,-0.16236697682049422,-0.36623729646230224,0.1084349681108631,0.16068677399667958,-0.16960670363377922,-0.06288623553717698,0.27850027138781414,0.28036554438311306,-0.2199155269203707,0.4472375823747405,-0.060917011353113885,0.1379100941477957,0.4869004543955093,0.4471394055944205,0.47902438336800396,0.3503936046404548,-0.03833860992964806,0.3884971969258096,0.008906576138693782,-0.08224653907460984,-0.39878523542404604,0.022832382858974286,0.11867988206454992,-0.01301129510505335,-0.038048669417138595,-0.4909313764073046,-0.2907495834061768,-0.27943168718613515,0.25524578506695433,0.45063407214442425,0.057482256635053804,0.214881516289039,0.20523383659220512,-0.4415732795572275,-0.19370471779240178,-0.20164933826179104,-0.29281190799902573,-0.0896235606797587,-0.11498405070131108,0.45386616204583435,-0.19614235086678472,-0.4159986134474873,0.45986523662845996,-0.44350827337148174,-0.14251251623639333,-0.22472923865766853,-0.10955583108225327,-0.4050725155176375,0.43683493029435677,0.3852493967374733,0.32530410732146137,0.05400794487983752,0.36135273054165623,0.45541440016305473,0.00816569868234071,0.17555000364863788,-0.45119065904158023,-0.2368023778496688,-0.4139233684577341,-0.11384402269855438,-0.20203125775521097,0.3512219575022208,-0.28822511141549617,-0.2168844365927764,0.40455370769689075,-0.24313626430195717,0.014751310386637734,-0.29666072044962116,-0.44343211900268426,0.2331870081507214,0.07898107179695006,0.06529559160979152,-0.21584620918913328,0.3079604304488342,0.4100206680006056,-0.12978748125467643,0.34951523915184973,-0.38561947620368126,-0.4998561882905081,-0.02365597603845218,0.35403431160844906,0.04528982367475554,0.007415376721545378,0.018889879263851127,-0.48743551763856546,-0.06790746477969152,-0.24691992282223724,0.1381976303434816,-0.0010165098588126036,0.13023375432537027,-0.28863151087249866,-0.4998363518215568,-0.49755976487602943,-0.39497699670665914,0.4167996111757157,0.44528951751175266,-0.3496674728391859,0.3547467434362355,0.24628612600663852,-0.013360599994385613,0.25190345187359303,0.28242824545387996,-0.15317525313102637,0.291982360679601,0.3954458419348759,-0.06674232455522382,-0.4257194293487296,-0.26830622365766027,0.2924559223959287,-0.14837074682430346,0.18475112256512233,0.051527502979657254,-0.09632115014041061,-0.32011385709743717,0.17722234945639775,0.23816139613166437,-0.1951598167213104,0.020288031041006314,0.12470509507232985,-0.3145439195688718,0.4539591585636073,-0.48761964552717324,0.05076737588716108,0.34065700388987236,0.0074910661308285895,-0.4601417592279992,0.40935457859415697,-0.38769126390690695,0.0991475566597088,0.4741821389196574,-0.4919845825800358,-0.04456098834234167,-0.45690471905834545,0.38661642239797783,0.27812933965970316,0.21460977555419752,-0.24766494618317564,-0.28397404757148986,0.14045619349008104,0.0017209666908404168,-0.2265850699629542,0.4666801131638046,0.34030691642353045,-0.38700773961505636,0.2302322345513978,0.1284775188222837,-0.4661406881041756,0.24833683988258382,0.1425316266753674,-0.33858118401788734,-0.40437941228475066,-0.4136197432184226,-0.4611929869530507,-0.4331810570431019,-0.4132357749671725,
0.06376260648831102
0.02704183100730195,0.28804222228154497,-0.41658338470648537,-0.22448815145150725,-0.055305315565086874,-0.13193641364527925,-0.46241017621422414,-0.4868935688051686,-0.31692827152386793,0.241461958402134,-0.16724640842500252,0.4984014298560249,-0.43270087313324845,0.051198700563793935,-0.00218793364832181,-0.2883204355404743,0.3261290769170465,-0.49024045147843065,0.21188824143126972,-0.06743176202661964,-0.3475495032795058,-0.4820151097607374,-0.28551435207555415,0.22161733713227594,0.335849494913952,-0.2885408915768371,-0.2681733772137554,0.37474026986935316,-0.3550684094504728,0.027521464955083088,-0.2579242840174045,0.42063174106464984,0.1222396874867937,-0.1524383583527667,-0.09708357169592004,-0.16652818794946955,-0.278796334032755,-0.2375048581873266,0.24725257202864834,-0.23276084747097983,0.2626165762143017,-0.46624058595086626,-0.18371477027385744,0.2826361629591999,-0.4832297490699953,-0.1223499402175294,0.2437682080008504,0.23431976791875073,-0.17170591590653575,0.28804725028955125,0.43156068990330776,0.21341666916611132,0.09196043923841504,0.23045328958958863,-0.13651014568241518,-0.3008393452465393,0.06069638441141533,-0.3101647932706443,-0.20680023885367296,0.3635410075756236,0.4211474668094384,0.2353825512209858,0.011331514251276348,0.2941267157953015,-0.19252529798682286,0.4772109863268085,0.14836428495623652,-0.24722751588536065,-0.059328549649976255,0.03320662058078038,-0.49832706072254307,-0.028297650067208437,0.3785378933706758,-0.10138102357426446,0.18883478567984988,0.40350479101773074,-0.059447157772260735,0.41667602983959706,0.023944482800099618,-0.21213659897345175,-0.2677664345557803,-0.11459227457938512,-0.11032729864961374,0.37538512509008104,-0.1648232357462859,0.2040286519038463,-0.4649693531856297,-0.34232189952045133,0.15182444132319536,-0.13835465117375603,-0.3327206228025501,-0.007130507405898183,-0.4018992949917063,0.0017164281434340315,-0.0738511990964977,-0.41295679972825783,-0.17758337938830795,0.2576092226106791,-0.17049142124298913,0.3946163025048115,-0.10385783651731947,-0.45224039344995115,0.06185921396441451,-0.3655382646569655,-0.03150443331371245,0.04335628067206953,-0.4595118621524511,-0.2163752738665168,-0.2920978152149013,0.07713472711288863,-0.46113729330454234,0.10676838109655731,0.46222632723069734,-0.15121988214397256,-0.22719237009583584,0.007023813105748152,0.4618812738272402,0.40060240120869783,-0.23775782300029427,-0.2572910582363982,0.06267412564840008,0.48656114833893627,-0.03027223700789763,0.34441881934199536,-0.02065622569964667,-0.36161858763405896,0.18680412007242794,-0.11171990813544339,-0.30389828200092595,-0.05558380786296702,0.39006819072679044,-0.36629925552300013,-0.24291283839607195,-0.1999248371519279,-0.17882334390322732,-0.08226454797845026,0.43749945189447437,0.1630533297848131,0.35842971999470596,0.11322588454360819,0.3752721507720128,-0.34774308854070846,0.3423200010516012,0.4041647099531932,0.1035047870779088,0.16623897163744536,-0.10659278407996417,-0.39072926574410516,0.06547031392895022,-0.434880180432607,0.41810584140145823,-0.2064485269735972,-0.38313310625209895,0.3593827061690169,0.4364494655441563,-0.05233054550128314,-0.2759148395262243,0.2795983625055425,0.08562191325111804,-0.4137835634644822,-0.44738684459424716,0.06304658314879444,-0.34597761538053773,-0.28146042536516414,-0.09369713956480705,-0.21363300331211935,0.28285765813874997,0.27955230659269015,-0.4739264724367026,-0.40221511964495027,-0.4642684615883964,-0.2269978307892189,-0.4142707578011765,-0.24187735294867255,-0.11857212555150884,-0.4240439887322689,0.33291891598912304,0.4867208085429865,0.2610605471763715,0.08080316959976977,-0.2851310753259977,0.22655712122531355,-0.18201023277036746,-0.3901346086300116,0.0013702187336132568,-0.40773383392669527,-0.44261876455335347,-0.1722583000145869,-0.12839703076746026,0.44542566486453494,0.17201048676680716,0.19780577785067563,0.16673375602659488,0.2533903904674153,-0.4781076732365419,-0.11818835626056642,-0.4731785744233217,0.13111795081096764,0.28754077475513085,0.36535335664551194,0.42841984404689926,-0.2601548550441751,0.13014229711754707,0.006963097006528725,-0.2816331933083688,-0.47786217172105505,0.28665126453219625,-0.3450789665900611,
0.09821912510974683
-0.4137695372741648,-0.10384923733091225,0.4491408893082405,0.16218483033480904,-0.06184540867802312,-0.43508848782562454,-0.03718750635439999,3.1581331030022595E-5,-0.36380703620109617,0.45186246972683175,-0.1979644920170664,0.11290397647603646,-0.1454895581565342,0.16495835674623024,-0.05864691183381809,0.2685870738307998,-0.13928830823720711,-0.08783942256096723,0.19609654098411589,0.4362531142045253,0.4543625338680802,-0.014162359673519349,0.13811332924719621,0.1564791999512728,0.1897771852571581,0.364090294795147,0.3441257237796477,-0.21910234482776839,-0.48922733921633643,0.4043546678124504,-0.49076075386708934,-0.4491986002764586,0.10416347521230926,-0.07158558616423083,-0.1315021947280175,-0.1791346305307377,-0.17764184852258,-0.3122918230187779,-0.11266056726255805,-0.4718050898635119,-0.38561527315740074,0.03393107404712491,0.033480119130319626,-0.1825876507762538,0.4797283671700791,0.129683969814464,-0.40315248026182443,0.10065315480415916,-0.2010436382586431,-0.018659103362989662,-0.3033805772587736,0.17508716437958685,0.04083509957985263,0.07958449891525972,0.32566368409629215,0.1674039822086865,0.1684510694215836,-0.07598817563669143,0.2713732599625604,-0.4170548877485219,-0.039576071945326065,0.11932222470325825,-0.18529113339038522,-0.2719571040317336,0.4724867840558238,-0.10903642203981542,-0.15275983008191288,-0.045987864601915264,0.2626500026373333,-0.08119946070341298,0.14151335512263283,0.3114822180443751,-0.24420927738430698,0.36057340514353375,-0.18925874000472753,0.3267351829636764,-0.09707026596395146,-0.13120934800512188,-0.48343828725437327,0.22318016610825234,-0.39296927077797056,-0.482231288022134,-0.25889629240010464,0.3665757438737001,-0.3706647822408828,0.30390666283659623,-0.04595750330814364,0.24432438529676878,0.16591567262121462,0.39673928064929337,0.16356213000005962,0.11249074313177075,0.16241976374714248,-0.15630641930782432,0.25161606580780654,0.4853901540835164,0.2032087651373067,0.2760131840034353,-0.26992382692960293,0.15567628005432657,-0.09342346482955723,0.3881238085182474,0.058500139483428526,-0.09485557801317579,0.2721558229996546,0.25515184042812744,-0.35461798349202794,0.43775332525590194,-0.19300832915944785,-0.385834958030656,0.04012152057799541,-0.4146313879584402,-0.16812131486190768,-0.29219956285739956,-0.41294800961966716,0.25281148917045637,-0.3791006607300417,0.08962858602195421,0.33678217018865636,-0.44507445105605575,-0.1504468734338427,0.08213503693761849,0.45791393315397483,0.17066436632167106,0.15782035970971656,0.3260271955265506,-0.08764161755562527,0.1682444814738602,
-0.41194372078188296
0.4150914910957396,0.40989874024028267,0.039866819426914495,-0.0027093715185980997,0.37826195854102757,0.46328280411175216,-0.016195376919975985,0.33707767470560757,0.23839758799002175,0.4648233056928889,0.20411954065792734,-0.15382588233382685,-0.06376413580255438,0.014622336818463286,-0.23339677673836026,-0.37615707574512464,0.020207874748823906,0.30431687489853554,-0.4382383746507862,0.4353232866835097,-0.3530965524190646,0.19380513322036202,0.06393281896424921,0.2474111463618831,0.01224976878454537,0.021571262459783077,0.32805629182391155,-0.30170458068005523,-0.27380679314021283,0.08582006998646459,-0.4775787398820646,-0.05699773053039416,0.49553075877524133,0.3899059214371065,0.23203591407752996,-0.22372805205005183,-0.4391172893598727,0.05132512357453022,-0.2292212552541167,0.4247541347853252,-0.3247524696131848,0.3133243723150539,-0.04554945376388268,-0.33395915764713757,-0.14736757734284323,-0.36483055824641636,-0.33603613760024986,-0.4784658366956946,0.44862744625440404,-0.14908170285682718,-0.39515138928037497,0.08032108818564834,0.14705421556274734,8.597955554345668E-4,0.24395940978172828,0.08993479963309185,0.15156631388295125,-0.03942741263824224,-0.011334055577454255,0.462101520434806,-0.12078234967363971,0.18215048123527486,0.4463016011946797,-0.4003640742523551,-0.12935700694138869,-0.044662483290974796,-0.4219035436811722,0.28847300832937645,0.2141042987787817,-0.23890709644530514,-0.2330558988001489,-0.24445941175572952,0.0256968394179013,0.03266721948847438,-0.44479740442533083,0.30825857142698765,0.39451148546362935,-0.47750582147523796,0.10822776376716568,-0.37140038603773723,-0.09752463047270575,0.4082257726396421,-0.3726784081884496,0.1551995344090474,0.11391887737149867,-0.27212175936623473,-0.2961506494145909,-0.408436858189903,-0.040913579992527364,0.36939356858039607,-0.11601349952000678,0.44213138117982564,-0.17104803334354174,-0.10163686067072217,-0.11753152668460518,0.12222463676609267,-0.2540724062080053,-0.38234143113208613,-0.4179733489235931,0.3792556508585834,-0.17879107202329292,-0.28182618053634256,-0.11942577307459581,0.10237212141395201,-0.35650716960776346,0.2851004476355124,0.023499172960845895,-0.351430958299946,0.07617843584431912,0.07708531576132817,0.12350175390966388,-0.05770422106332523,-0.032418264955326424,0.09014435346922985,0.31000166676161495,-0.1790473591117592,0.2875943606128472,-0.4619823156758756,-0.4746727882335109,0.17030392663775054,0.1127699857536621,-0.3944203167345666,-0.31188787695877296,-0.3954279176695419,-0.4201834248521451,-0.33054479629254474,-0.103001420608208,0.24565134793749036,
0.2669737519449168
0.005144745128767597,0.11944334942770671,-0.07268523277978074,0.1356417678628497,0.10017247635418788,0.4896108545190527,-0.03221840626808789,-0.3853660620818278,0.03515471103288757,0.11693088359025745,0.28949019041185625,-0.04381565611537901,0.06201459998635692,0.11294225185506672,-0.14146877503327268,-0.14241977581309145,-0.2903705693378259,-0.25090012375920684,0.28243102790232,-0.41931029784889795,0.2315379156641893,-0.38589278090712437,-0.2151866723108095,-0.39234247744091155,-0.23574168950678434,-0.1535118580082793,-0.03679880754676638,0.23092749585009154,-0.4628524762477302,0.33321164615368065,0.28698992757013053,-0.4303350968757344,-0.37621543476013114,0.40533135842617335,0.34024289733745744,-0.03766543749830102,0.45126913012185904,0.003464899250336228,-0.4230047489955497,-0.23178684542407577,-0.18678243760603933,-0.47430813102363945,-0.4258125791072267,-0.2957646577169823,0.3452774813305265,0.36883292338326146,0.11916986503449814,0.4814573472313535,-0.13026623788011704,0.3413509210664401,0.355906178490384,0.17747383111009,0.27547613089485107,0.13675512114207936,0.22377642606133197,-0.18185237857672693,0.1788521136220657,-0.1963450331551451,-0.42772896433108415,0.19141974582985752,-0.21373389805025036,0.2493023092647531,0.17662675063295816,0.285423365581731,0.31813198353570704,0.23045554632043447,0.3407258641374864,-0.22405131713284404,0.23943894903809237,-0.3104516856829535,-0.29710225422123554,0.24304056752666708,-0.20015678543654652,0.07953092240376848,-0.019246180744493278,0.09418404744775194,0.0766758276944301,0.02457366751745523,-0.1021962005401742,0.05707742899015075,0.4376259951007422,0.3496756457283785,0.3948584774861734,0.14974990528928545,-0.23200813534980244,-0.4157011293393512,-0.14363703170895376,0.20034553046901085,-0.4830348040791792,0.4159966808020981,0.1423287364808482,-0.2509400466052623,0.4524881999223617,0.03301704497417693,-0.3767546971613037,-0.06430795922883217,-0.4010359860335325,0.41480750662815713,-0.05856090801655633,0.19544533522426233,-0.39443798137942715,-0.4543371448161502,0.25847570142490384,0.02691714105599567,-0.3057814805962343,0.29920737799758007,-0.4099989194559334,-0.36080810630524585,-0.0014332771144409985,0.0017376482951129498,0.08260338730719737,-0.297531167189411,0.06207452686583333,0.3254853785725776,0.4015014487339792,0.14402539731568456,0.14569630292511315,-0.15996614984288515,0.4636690211237664,-0.007565339834171102,-0.1305067162413672,-0.4469796641144353,-0.37108397391784587,-0.12865479562095555,-0.3557836551445391,0.5045599986435927,-0.3644779610936497,-0.16962089204312408,
-0.13450703049569399
0.47272282694384765,-0.2922335202040491,-0.13025289003591936,0.3129680705982937,-0.3832635893386354,0.4218994224862847,-0.191498076453105,0.05834997432594794,0.11390941011366662,-0.01603527203269291,0.498928995580839,-0.009797385595252044,0.3411781897142299,-0.0836737978439578,0.4401265001634062,0.0465319002787832,0.014632719251140434,0.364785041647627,0.3426501921114033,0.3594448332627534,0.4669011812378555,0.40419523616224373,0.1874849666215263,0.16298523004036516,-0.008808228522374261,0.22092973314735823,0.19729340713024726,0.24131317146796297,0.31370881629998704,0.16340262739024636,-0.2663383654771554,0.32807349597304625,-0.34775219193739826,0.24992660579572054,-0.4211950460999057,0.12423771408827655,0.4615142123388819,-0.10893071361721118,0.20791782332298572,-0.1032853831723931,-0.03054984353944858,0.24360716208285094,-0.3408383040536181,-0.06405589408214903,-0.21429606144203264,-0.14548755664358154,0.3492668533455177,-0.4917480807099294,0.43943087955573834,-0.0461067708438771,-0.2935223111370017,0.3144647344086528,0.44393695979050696,0.0814846859851447,-0.17753871089658974,-0.10039771626619107,-0.38039061703106797,0.49368297788477367,0.39756194381574766,-0.12592865779119014,-0.28088395006399747,0.15122169707201163,0.16233909398127228,0.31859646892665244,0.0758583379999082,-0.028093693553765856,-0.4244356370242581,0.2283127787520216,-0.10535434054665817,0.39880976246099764,0.07031201126321494,0.4046680352598107,0.0263335760731056,0.2937106713881673,0.3242609360878308,-0.23185121223146465,-0.45417783691316005,-0.3863636315044617,0.031064692366362348,-0.32269504113902747,0.2105930441142816,0.3244833229593983,0.4387025434040727,0.4542485740113642,-0.059767395064271374,-0.46824102822230174,0.4779957069937869,0.008325511732681224,-0.2186706963698917,-0.14145308552086,-0.35004029055500957,0.12020672439653002,0.42465059906481395,-0.30088558301131235,-0.023872808021276844,-0.30309499116765076,0.24240403271667021,0.0789477995865441,0.19901818267945884,0.04864071575128419,-0.01449142161333076,-0.48118458144121107,0.1467944135735071,0.044481157639387287,-0.27423664607390313,0.4595778664333938,-0.3963766853095587,-0.1815748955302106,0.37694023376532404,-0.45174731348717256,0.30694357587897897,-0.458293647577427,0.13525001292548372,0.2871478594540958,-0.2771082382434181,-0.3199476886591675,0.47932734714763686,0.3637706072261517,0.042135346920247146,0.0527945022026296,-0.04813605508493243,0.2568829460112545,0.4644621597365143,-0.04056972255116353,-0.1947187821519181,-0.4418361109401061,0.19178841396284033,-0.36792862012186595,
0.45428917427910037
-0.16701622851826545,-0.2685955390712068,0.2555392263018103,0.30842232526984065,-0.2999105507509145,-0.027082781062717897,-0.15390339296474928,-0.4354973281420148,0.2953471046284936,0.4258032544881237,0.39305498811874895,-0.11425276396167312,0.23850463989723708,0.1638094838540383,-0.29555967470952854,0.050239240301680164,-0.3249128989010735,-0.29471494289837075,0.49313049279905874,0.30068656015516737,-0.07535032571269075,-0.27653012030077256,-0.33761741950816754,-0.3612624351429629,0.09769792847257269,-0.2769818543933779,0.48119792066930905,0.33831472404646346,-0.14048098421165284,0.0675186252298881,0.18257036517114408,0.15112513508149586,0.0310848939409513,0.4721668890307958,0.019467047396331073,0.4125025453592479,0.5036176831475485,-0.03419342464314497,-0.07877670061101061,0.07314628218596314,-0.4126927850339084,-0.3259115415965145,-0.4035303265208884,0.08127096789844808,0.34296559260910897,-0.0625211321068699,0.46344375458693526,-0.09474303122554724,-0.0482629096106468,-0.3071604071083955,0.37311856680176053,-0.025715308612482616,-0.3472685274390518,0.2914874680212003,0.14298214425234,-0.4829613013048598,0.43842893663538596,-0.07124187843105807,-0.16497069857173757,0.2565479721961053,0.03219909798602559,0.3837670750970942,-0.4861081143500209,0.37550676419886997,-0.19553755570481007,0.11979989801762818,-0.46346053362468675,-0.40644855329140905,0.19811904570972194,-0.10989156792080582,0.3289495292964874,0.16210751387736885,-0.2215638618682612,-0.3627224317242358,0.42943975644624777,0.1607926283781645,-0.35107893192609574,-0.21277834047154548,0.24478488166147697,0.10188946726084215,0.12822624827894344,-0.3089833757699886,0.41909099880028017,0.2456315230442817,-0.16501408900184877,-0.41541795836530865,-0.4828032037635596,-0.18141899144227555,0.4348817742794499,-0.17791348099387524,0.4298651208545582,0.5036023105337636,0.08651916067192096,0.0736521015869049,0.38971499305966967,-0.022952818107197282,-0.45692765481461234,0.39154524739023455,-0.20137516980211387,-0.13436927645163882,-0.4595409095758866,0.3901079997420076,0.02724368479057319,-0.38217927337521024,0.4272890667078574,-0.3126862875086452,0.06388084179886555,-0.3897656941294539,0.4950605955287919,0.36071973377273303,0.11913956312112006,0.06416484534825319,-0.15271451940119204,0.053349665097910295,0.27760366033956796,0.20914781776740446,0.4216910257075018,0.33788009694412363,-0.40805422931168067,0.045175503210779074,0.027594498582901267,0.11414797731547309,0.3847719570119004,-0.06805023555677846,0.07402080064626482,0.021542608193461207,-0.04076464878548782,-0.03719517204737182,
-0.25998946500397657
-0.19175254549229945,-0.3698542368728905,0.22740060314830296,-0.283670856064016,-0.024346358378148657,0.27807620601649613,-0.17776579937142525,0.07352693346534579,0.13587263980415873,-0.4676414101655571,0.4787656583412822,0.30256232927809673,-0.25246555983415403,-0.27464796950397474,0.13986056560571777,-0.24144504385892313,-0.475090574478995,0.22555788960176235,-0.360352636970979,0.2036795757195219,0.07108750119292397,0.40159706425168606,-0.18739923144026713,-0.150038925671539,-0.48694769209956723,0.28897954856231395,-0.3310400001430686,-0.22016324946407076,0.09104953610440522,-0.350248119710185,-0.24856736710871438,-0.11572631372051342,-0.13082737241412098,-0.1118085005972206,0.12786461762564433,-0.2575417419212095,0.033852019071599036,0.088679106583663,-0.14000186348663174,0.2639578468727909,0.4156377284769707,0.40714006296339944,-0.054313912963732766,0.468367203719903,-0.26850212918860616,0.37643355407653484,-0.43565783057558294,0.2096315980675863,0.43040340453026527,-0.3898700784116379,-0.3903113453600847,0.2827071616429414,0.4233910137570256,-0.0633482763389132,-0.06852964488571923,0.49275938590701557,0.08177841157870971,0.0295263272533339,-0.1072504091030209,-0.3228687030605771,0.4990325545396782,0.4520234485958678,0.31687153821737385,0.3513281261761422,0.389311380492198,0.03098073205626122,0.21132354865172787,-0.07960242922972599,0.3269523034528842,0.13122534304626807,-0.21962607047960822,-0.07702257868555913,-0.41797680363245193,-0.011243158476558301,0.12738900219362748,0.3711502950181002,0.09606560621621316,0.4042939515607689,-0.03805301332590615,0.03384251601344917,0.1884896448053045,0.4924969598456243,0.33589649812323735,-0.39684460477255545,-0.2955373694265073,-0.038253117327453644,0.005546576156830851,-0.18462356926233608,-0.28523925638105313,0.1469676480917256,-0.33922162323956484,0.18460331185482146,0.36297755303134327,0.42418114207020086,-0.3086254632795353,0.24794113275781787,0.019354841421465763,-0.07709704161649285,0.333083874810152,-0.36063645845241615,-0.3695106568309015,-0.35661682773102626,0.017997463152358877,-0.09366703806728786,-0.14645301680645556,-0.3486745763652712,0.06598820298802574,-0.17006806565903773,0.49407885575935545,-0.24006516192762775,-0.2377972778164343,-0.29881080971411716,-0.005372209066327031,0.4657733256259153,0.37801252999720947,-5.06702964531995E-4,-0.44571831735201095,0.36235032002612605,-0.10022190025384238,-0.1958957340321973,-0.034312475883714624,0.20168667028873455,0.13385587149836667,0.1659215641082521,-0.43062344961238375,0.42892643089361693,-0.24099306906882825,0.2717640318089087,
0.24088771857757385
-0.2793958572248444,-0.19480020661139402,0.4235104946295511,0.4421835352903168,-0.13806722564927734,0.32170147928889303,-0.3055877591923777,-0.43049675923388253,0.2813794574596544,0.1937571669323081,-0.36938252448852016,0.2687670135308721,-0.12783638003201425,0.13851850186774048,-0.2294603787478974,-0.20962110193062736,-0.11976110612158264,-0.11201288618380614,0.2660211175955817,-0.03406627619248639,0.318609568921563,-0.34387532620028644,0.3655098827921424,0.015303161430167703,0.438090678319728,0.0671527432625594,-0.4675528534769818,-0.23344720003198002,-0.0031667560523720266,0.0356586715942945,-0.2960495560046811,0.3188489803042937,0.31753186187438676,-0.13447089399603424,0.2071064940692571,0.37410667167657596,0.49481281858361936,-0.3066480468466706,-0.3246076269548045,0.4242927192008273,0.2984153873825342,-0.27609755008064607,0.4083053742711153,-0.2643704692062481,-0.1682189190808443,0.12557443126417495,0.4072255205234664,-0.39966207266876935,0.23031998419660032,0.3765390552469288,-0.3958907933830845,-0.3440966546022201,0.246869370110915,-0.21454824048825713,-0.43032394269540036,0.11735914274990165,-0.12184387428045944,0.3933515939458593,0.37974514436241563,-0.2664428317944971,-0.21145578578871657,0.06121272444666057,0.0973265335822134,-0.169719429536877,-0.2989782854821033,0.4190251281409299,-0.155044646945726,0.3277389713779953,-0.4668622890901409,-0.3443576456473729,0.26469462947362726,-0.21940103613400996,-0.4233830543251134,-0.45903224649425206,-0.31148853343997324,-0.4580925155215648,-0.36108777780177015,-0.1505406160221894,0.3193665278980731,-0.13140807086996067,-0.2643496298335559,0.4361992389527604,0.2342734810548035,0.4333307859627702,-0.47825873233413785,0.4969034997929061,0.09794167963853483,-0.03410638164336363,0.386532730365813,0.20405648315510186,0.04930989181670901,-0.060259961344254355,-0.12972788623089346,-0.250376297124202,0.3284804445010832,0.08319770797134642,-0.20195323672907456,0.05423600028370695,-0.08130433591330435,0.22380070270983196,0.31156914688894827,-0.2008482802754355,-0.4462620846705298,0.39482553635928563,-0.15350638533328703,0.24047581436337206,0.27174338078405263,0.4256580365617082,-0.11104728498244355,0.1854917939855889,-0.13316870278596724,0.26099017269174196,0.28032245488058055,-0.06517365014011049,0.34820996565458406,0.03701259014321457,-0.2622469229604411,0.44605861782195966,-0.084047396704428,-0.4150109044433676,0.19443696578611516,-0.07927146567603828,-0.3145982728228911,0.3759234161495703,-0.443204715594885,0.14274271294287383,-0.1572231563953097,0.07678043893170258,
0.21733997022110182
0.25749069358346793,-0.257903820292527,-0.14422753989087223,-0.22325199948947116,-0.47410626124304994,0.09463925998959993,0.29402880317759544,0.23471738309221593,0.39865196708876466,-0.1960885360557208,0.14075457997462426,-0.4020820530014311,-0.41998519863211065,0.4354533108162718,-0.38245834331746376,-0.4646834823611035,0.3668711225095006,0.22986239861593766,0.11140856680422279,0.10501015381632246,-0.428496925378578,0.1994637940800018,0.3057817752375718,-0.4262039137128609,-0.27789198688573635,-0.08645675596483626,-0.3908031397473679,0.34544694978582347,0.33060676207627115,0.11780320058956613,-0.43603383218214625,-0.18094778626605557,-0.030940088542780027,-0.28241466344715516,0.05858186783064878,0.09972293503337674,0.1932688995320727,0.059167860015258505,0.027573395988801833,0.21232143346574406,0.2819302897178916,-0.30371094665801524,-0.33372452305167205,0.330265614409821,0.11151797903114688,0.09936644025533176,0.25978766692255045,0.36315859231343905,-0.48750148478029764,-0.260768033535786,-0.5001098830662992,0.1343411652353594,0.38829375236559976,-0.42857213110535286,0.21985273594478652,-0.17381552851034576,0.243639425384307,-0.0836640413070975,0.11669142166597107,0.23000950553021388,-0.20349084362010808,-0.4762278680798168,0.45208985708829735,-0.3696800371263395,0.1950740771130372,-0.20895260512713915,0.06908472597391704,0.3922989880126842,0.22235867673326823,0.34077974655944027,-0.08988484600539277,0.48658659749612204,0.3642715902094693,0.13010809471254386,-0.39526406726847474,-0.3943542853671034,-0.05335836370082623,0.41773405406427544,0.27457933224085374,0.45297029067929384,0.20300237594737333,-0.18281710250154448,-0.24667056985656988,-0.3818689359411726,0.12486286160698924,-0.45819874758151286,0.4130993098886136,-0.4841448929450753,0.4773761264416638,0.4596744243206043,-0.13441059686359005,0.11350506804310022,-0.2876381393191089,0.17204374933056463,0.38912176135805787,0.22687550189252176,0.20530674890572573,0.1926607344492164,0.14960226039248897,-0.1831660912676043,-0.3729370494570299,0.3788493461444337,-0.0661870859199554,0.40631521268168325,-0.3465971264860599,0.3625221858364075,0.019517759936941347,0.39551798512292924,-0.275905582005289,-0.3548101444121742,-0.5099879590489704,0.2530562426180475,-0.45199225462383213,-0.4117744799866076,-0.20234975378873565,-0.33917130175419874,-0.38555189286564545,0.016750508931286535,0.02946024016330584,-0.2443690578418636,-0.040905072925321535,-0.4999141470825755,0.14839542773563594,-0.49445129185250253,-0.3209060050688301,0.2144124225633988,0.4815636895867914,0.41416560049682377,
0.4481761171185112
-0.3414870815907317,0.4614683317038573,-0.1548443112319914,0.047855943158102,-0.2367536465524192,0.4380658695309824,-0.29163580071208417,-0.0842951454221037,-0.46267280510848285,0.13545129012014337,0.069981175159587,-0.4332956705656932,0.09649310713011644,0.30038022745636167,-0.019246480420389022,0.30532672504136743,0.3754711759698625,0.11488106532603048,0.22032754742687263,0.15280923965122356,-0.4033995299865858,0.28448107966536584,0.11451602506980237,0.2975164311335335,-0.04240246908376277,-0.45105062979405125,-0.3223986978388245,-0.21006171428854692,-0.47508260116070233,-0.32733405984000563,-0.2626994831522365,-0.2428130202005513,0.4416505233964502,0.2267723567596331,-0.19051987164598289,0.3851654011416093,0.39001387093431256,0.3820615691849906,0.004203940757717244,0.11185964079730827,0.21750091594440474,-0.23256261391476105,0.45220070069220736,0.04040732672695741,-0.33691959805730026,-0.1560136424089136,0.1665851149657142,0.3343187199507087,0.10572541565432368,-0.23451080157517445,-0.28149781618922415,0.48527814358908355,0.343069833964799,-0.4608560550162216,0.4645706871369647,-0.38457060078899846,0.47758735175165995,0.39060046303183704,-0.3471955590185561,-0.23908152325227416,0.0888736726329833,-0.1904350789650505,0.08484311563269414,-0.15228486657271986,0.09819106120811508,0.12314558230479548,-0.26161186601748054,0.39127164482848126,-0.21809739295941544,-0.1877114117168928,0.18141699570190914,0.3828948841347676,-0.23733010416425998,-0.3432848842960637,0.26458359852624375,-0.3901622718725901,-0.16095127278067325,-0.3514946206356628,0.23403153870428997,-0.3234935471816056,0.0736859660243939,0.1443039869668182,0.0244129782200304,0.3993112436352632,-0.442530949309959,0.08833806283891946,0.2219453500289192,-0.26672157993546725,-0.14005098714929726,0.2697484205535125,-0.0801037568875254,0.4161397877500125,0.3435068222107374,0.44227648525302077,0.38361500535815835,-0.43164332842646475,0.12208587571106375,-0.10599698089677909,0.36910507805287757,0.04672182200684751,-0.3684780532160786,0.4439835238843217,-0.43955431040003606,0.005470545617627929,-0.4798708432805258,0.19335429538001214,-0.34266324384895464,0.1531670115881139,-0.22920341449074033,0.24123782501757685,0.37751039184080326,-0.4475777492100364,-0.23622184403848856,-0.41315008293138206,-0.4157164077625627,0.28355696591060886,0.29943538920532264,-0.16181150911076772,-0.22176968940883235,0.2305545009776162,0.42474794916146114,-0.1415967845031265,0.043060738511436075,0.3990413754789074,0.2673115352700725,-0.4063517274112282,-0.3550729740768282,0.4943872732700789,
-0.41338542504278886
0.22348557843628797,0.4515567297002983,0.36437185079268863,-0.404011713467769,-0.39374423352753024,-0.4779969025539421,-0.300451376129425,0.44797182833571386,0.33653310089846317,0.105221633552961,-0.1883180351379068,-0.3634281079792556,0.15343941176582515,-0.2806010762613535,-0.23783464920667882,0.025509580199677653,0.4198158522909407,-0.15897084679341444,0.03474776838530311,0.3575466542179048,0.33480858878482284,0.2042240556549859,-0.12151984273524367,-0.25793454933985327,-0.023613993705558747,-0.32106448086143996,0.12036053798363243,-0.09965291043963573,-0.14535587252711968,0.20225887560136058,-0.44593447166564176,-0.3941598969567609,-0.09494706361371254,0.3116215131701377,0.4204501966032603,0.4063320272846393,0.42726609178191033,0.3494343152765546,0.23127548546249913,-0.0015560355731828821,-0.1275886589527519,-0.48261164714547333,0.08522146703696457,0.28472321462160693,0.1517045375635623,-0.2872411729991497,0.3100966592521463,0.4958275539103236,0.23230143544255355,-0.056188400121540916,0.22084744077548685,0.45367745113867886,0.12040515453411037,0.2323510992050453,0.36695555676546127,-0.37117391998566435,-0.06561329148999909,-0.17266293102455177,-0.00821289774913652,0.11690907445533691,-0.20328475611253957,0.27458539686684674,-0.2246651251769271,-0.5041875714720678,0.17671771787855384,-0.3690726110516673,-0.37786310522368816,0.1366732976602292,0.2104151693284372,0.25450431270141055,0.15285612700835635,0.15357601085102301,-0.230293435623401,-0.4152764501457382,0.15012712617697216,0.11288603087088538,-0.26973599891067496,-0.24634890819339794,0.23481777775234897,0.2373521095512957,0.3493850374438078,-0.38622626883653877,0.4747093838713715,-0.3208776272918823,0.18595314067253646,0.44217589525328216,0.16034274992511996,0.35470875123948026,0.0816515530570599,0.2716020169285105,-0.12677488272404888,-0.38905531856254794,-0.490497555642483,-0.31793063087675094,0.28225408293981596,-0.07180603993071209,0.41194654943678266,0.48546474751401275,0.23258101813786816,-0.20600167881664413,0.1016500339354717,-0.22624215980203993,-0.07060074146652928,-0.2033004934673048,-0.046331400024748726,0.38075554357987657,0.48580763895061924,0.17260994992050271,-0.20252100250298127,0.09972441478194134,-0.2159073345907712,-0.3321838075391164,-0.3759589275625986,0.3774121312960632,0.1253326845912219,0.15752886970585614,-0.16916898132424948,-0.3191660104840438,-0.25437134059688954,0.08289413406380518,-0.3636634654053843,0.35301092252483757,-0.20377731997835344,0.13670644401931942,0.4707014475638275,-0.11769052565604221,-0.49666422434328034,-0.22529297846520616,
0.01604270001804428
-0.3083301007255963,0.14429568991574215,0.12282412261236983,0.06872363452733117,0.3034323638392172,0.18811538745181583,0.34760130495199254,0.23206753017688764,0.2778258072512124,-0.34361022686478787,-0.4364333996306582,-0.3029072787907442,0.007337435684564996,-0.25078586590497526,-0.31641928967293004,0.446927509725203,-0.04832212834621999,0.14139068378399572,0.013210417394042002,-0.3094059412742197,-0.14282230241622593,0.057607875036882014,-0.3569914995665381,-0.21782713147976335,-0.03728658709191411,-0.09571979081764789,0.05016281021237764,-0.321322819646623,0.28329317421562755,-0.26322004758501866,-0.178073065069626,0.2732863639621697,0.2767167899876411,-0.10478813708433096,-0.3389030892513155,-0.036797756299460874,-0.07694535067759854,0.2798104950643935,-0.4872444762492202,0.44292666304257516,-0.04641331774357641,0.43418560067972983,0.04644365640664407,0.39995562409304347,0.10386101218606143,0.06050121598076934,0.08585784362362052,-0.03656096352494944,-0.09007852444505154,0.2113709085615306,-0.464678631331255,-0.00825396507537641,-0.23245180933678383,0.09925893396747465,0.4414404239675997,-0.07384681633245087,-0.27082496644472276,-0.3269570848408307,0.002082718911213293,-0.03565690204130083,-0.35119083338108054,-0.19587675929312087,0.3149941815000808,0.34324031844501635,0.3663055870259268,-0.03598710708474323,0.067986651516765,0.02605762598911807,-0.48779574511758367,0.1372218789480075,0.4869687688306525,-0.02101757202357347,-0.12214606758125958,0.13048510063965685,-0.05340685819167951,0.002492550000430528,0.03772751817912822,-0.28295846004750025,0.26747130712814987,-0.3685488966385923,-0.3505628892604923,0.22755721412295257,-0.36432755487745366,0.11788498681142386,0.4362005752113538,-0.06791801953494876,-0.24509773577693686,0.32221965103663835,-0.4438349446518631,0.3989818377986712,-0.008306886905192785,-0.3786803837980836,-0.020984467211984676,0.118139238178912,-0.2747528063168704,0.27976528129382455,0.15070239783096587,0.295015853111177,-0.31760636451249813,-0.4958553828331696,0.07435725348084027,0.25933056382607667,0.20776115015220073,0.4462545029161715,-0.16869268655293745,0.20042115534841007,0.2317209173393186,0.45998221027886244,0.3947193704972385,-0.1442730356771583,0.06080027756987035,-0.05191602412489448,-0.48016345286103296,-0.1347822431717387,-0.4597931835399742,0.41302759729853095,0.47597602515263804,-0.1339397892331675,0.13750254036228857,-0.0990180850504289,0.333537362169151,-0.1119347007046857,-0.4191604903222432,0.26106439576006707,0.480801822250984,-0.09468279846917435,-0.18063233551425323,0.2261330286552582,
-0.03538966923789577
0.034975224913192535,0.34444119988587746,-0.4142951197120718,0.25852254812621644,0.07910867223750431,0.023330876418914636,-0.42123283540086415,-0.20581937373448997,0.029487369694061814,-0.04287571887486884,-0.4522800641565473,-0.18954841588741092,0.1260469574315055,-0.0650074163123192,0.4940640686376637,0.25570996193897555,-0.4831392450424617,-0.3004302885992134,0.19983824256643956,-0.18687891381678434,-0.18006058798638494,0.1481839685955519,0.30895179925896227,-0.09300240277447869,0.396832721892946,0.4370600387004282,-0.12169977796162713,-0.1698478642265712,-0.34123578582571007,-0.11556441823892898,0.4973002616517169,0.1933364329055145,-0.39202855714957724,0.4342047846663454,-0.4467228671463928,0.270434735324669,0.46215347564792686,0.47816695153617633,0.49761161385334496,0.05813930253824817,0.06345322092946885,-0.18725876767726374,0.10368261976963299,0.3825967674630056,0.3478247901574725,0.40476284944493063,0.1364505608188412,-0.31747010948032733,0.4402896694191182,0.013273780485471115,0.08047034034187155,-0.32243891997573587,0.06852705834551791,0.3636689383942117,0.21209933349341395,0.363846953182449,-0.10364949091616778,0.023434288215244296,0.2627311606299474,-0.31818079825872037,-0.06025712353409246,0.29715510083832636,-0.07324302286019137,0.3053487232677615,-0.03828366936556009,0.20230161058329135,0.19779568798592773,-0.10782427569810998,-0.44426461997025113,0.4579784535907216,0.12296159716958885,-0.4097461424266693,0.148288610623541,0.05112271601937104,0.4926561216196224,0.27588162139455846,0.30503590347011217,-0.3314902600319149,-0.3958118594533295,-0.40976031010365943,0.15019977408928203,0.24799669508612512,0.4552827234590176,-0.2560720562585519,0.1585226420350324,-0.4656107337915162,-0.059855947412282305,0.4473614669533154,0.48823757671276874,-0.3398228045743172,-0.4588723021550376,0.4528487136028588,0.329898667650577,0.30347090240922303,-0.4748165437067417,-0.34119055263955717,0.07365533426228828,0.35050669633124676,0.4942981878607462,-0.16703997557525171,-0.1516784250389884,0.4817731381747109,-0.15334193363089768,-0.3514239360856917,0.08478787383758286,-0.38277492769002425,0.31878838480191,-0.3399270881841283,-0.06014296643293991,-0.47911032130846226,0.18315109005997832,-0.073942658331572,0.06413823065572928,-0.28798883535484643,0.35188163318393906,-0.3538546362617963,0.06704189853802367,0.13097142336042228,0.24096670019314728,0.36735512166620476,0.14108649527079214,-0.2552814956744695,0.05792345600591727,0.34935162141058124,-0.2932254026219241,0.055130449302283425,0.3918521682041896,0.4336411272445793,
0.24574442155696224
-0.20450530532458686,-0.48479005138255576,0.31012263951337604,0.40906478433973015,0.3433825866200407,-0.4690872389736879,-0.4047038980578926,0.47578203398555446,0.47012215591789897,0.4572137714307195,-0.17534131306254652,-0.32823868049711713,-0.492888805168095,-0.2382534625749268,0.2411811702472181,0.3959575723229311,0.22011068292183752,0.4180463594015301,-0.3535757984654629,-0.3660823583339741,-0.03215923709269726,0.35652196778525813,-0.27310256945014905,-0.3771898118411246,0.2364596005535213,0.49536167157601035,-0.41037932028503815,-0.2959981333711259,-0.15635869685203665,-0.2200930474238663,0.45560175093359323,-0.27987924284739957,-0.19882136451154578,-0.4072613773409103,-0.12213252099611394,-0.4576557628383413,-0.06207827718869845,-0.3192835296985308,0.09337353266712178,-0.151571773617503,0.2911573720843458,0.22784798320280097,-0.4143522985286517,0.047228234062943256,0.35557593098215085,0.10308932874853288,0.3306587131256835,0.3454393036120832,0.28515181808475426,0.27165905746515795,-0.3929135121180622,0.28369958902465003,0.281424128636357,0.3996561954575707,-0.20966084786313954,-0.2282147619612599,0.46036399381471804,0.19932172206685878,-0.01807987056394639,0.47648210743311065,-0.27451998792497195,-0.44659263361936125,-0.025305410679280008,-0.2733643265287416,0.22490277813008364,-0.27259531554410854,0.49737545223414686,-0.48903238454290804,0.3487493611158587,-0.1286851090957439,0.3831399912897842,-0.061317284485952334,0.27940437086572323,-0.10369007969734097,-0.09651984883114204,-0.4191328708666341,-0.3970797119503032,0.309849847716967,0.16378524631590344,0.44577140288025224,-0.47508155595116247,-0.02482993177928268,0.17762466910725588,-0.08978689450241578,-0.14346103903187485,-0.1359249869382174,-0.05251214861171576,-0.10167216610329471,0.05508052268234636,-0.21625871477012082,-0.3649376683266268,-0.31504595101993815,0.21541609883661506,-0.23116911031291187,-0.2689102217243504,0.23167022137541324,0.12484309816201798,0.25772221945736584,-0.12609655619003407,-0.36811994632127043,0.19684285284945535,0.4730635792887246,-0.057135231049075266,0.306722447762537,0.3265468967465874,0.3931170265208459,-0.19962999529437825,-0.1128383818071233,-0.4872238130372471,-0.3854804463835823,0.06939390562576467,0.24466965418413034,0.3770825323960186,-0.13032871758799794,0.25785294663192093,0.07445215460485508,-0.45254740760040785,0.46697833726882004,0.46594682306206076,-0.4803563789050877,0.249452729487141,-0.007168912470848964,0.007069679916022576,-0.26080235044631506,0.359087463184274,-0.42162592732556925,0.23953195218851261,0.1052386782851664,
-0.23592292967272285
-0.2168649509008962,0.029859788832567846,-0.42923808629385474,0.24844153491871926,-0.42206248607595376,0.32322869701793144,0.17553958683459966,0.37650445338230265,0.3018012687440211,0.479590699304558,0.047773296703213085,0.23689114390601645,0.3824020066166201,0.14920289281591462,0.18728205092609662,0.03203574477832277,-0.4011844238380659,-0.29458218152380417,0.4370189470677716,-0.0150659347096752,0.23248791370291527,0.47269153158303817,0.3227655253363084,0.36359123542726807,-0.1952571466450294,0.15437098588573425,0.2989095363912203,0.011887710598251267,0.36956934086010385,0.3510777002957139,-0.33941160689642924,-0.37118199959151876,0.31547072486101774,0.14280200557785142,-0.09844679895790784,0.24050839583795636,0.21567204138209506,0.28324485137834365,-0.4902124156256482,0.06015503371092714,0.08298132643226473,-0.2590868300722203,0.2282219080586556,0.21441663573698524,0.3588194373669191,-0.053551873572009204,-0.2166953788736992,-0.3873002245643518,0.4026286231215159,0.2879264589887816,0.43217304630144693,-0.45855314338337383,-0.19983041932678974,0.17803302355333075,0.3890986855266358,-0.45252511593387,-0.22672632187664815,0.27290095236134954,0.0016397986333882557,0.36997541213714635,0.14031128904203313,0.047092808709810856,-0.0570975005313262,-0.15375600854315796,-0.29808227658109643,-0.3785124181542558,-0.08828172233119526,-0.01031482070096292,-0.21910855059770865,0.11600295810221598,0.34612290237916093,-0.4416409738436441,-0.46294797744699756,-0.3964868579085905,-0.45435484639565943,-0.15399893231558248,0.20339919588042407,0.38011715113672456,-0.015498993422785406,-0.3774538548438906,-0.3454625714375198,-0.12460187018870812,0.21546132181542313,-0.43610868869202807,-0.008130753541228192,0.3842932727160704,-0.37835467575904064,-0.1976205888138,-0.3595607008282524,0.42823065124273124,0.4773818692057287,-0.24437967059768406,0.13636623216539398,0.47263645309768154,0.2430816422874965,-0.35851323531424656,0.2970392508577514,0.42233274221158146,-0.3432627417746287,-0.26919321756352804,-0.27047751320794494,0.29391698970711094,0.40275663394036065,-0.26810908343186163,-0.44368623147915953,0.2012615126574968,0.1978738360205134,0.38005782269166566,0.21574054408205312,-0.08626770335273526,-0.1422221123513018,-0.36045490310728767,-0.3471018605977422,-0.07963886597307156,-0.1839282103581079,-0.17524162643138852,-0.3544354195013936,0.18543079614420774,0.4900048345868739,0.2033040583910157,0.18300555863534396,-0.39346451268970567,-0.42457354677692494,-0.365318181872009,-0.2778989769758521,0.25296268467676564,-0.13907917067680214,0.20448867827685305,
-0.448530352843244
-0.3299761685508153,0.2940887825605867,-0.2696199012595377,-0.42903086182804134,0.3536505633899089,-0.07451365368589108,-0.4612525581678928,0.12899601170291328,-0.01899824839931235,-0.157604780179826,0.0827641774609496,0.38714856255124713,-0.02445634368213972,0.48142039890045935,0.25920646821167426,-0.32383064834594955,0.14727284469671004,-0.3820450739278887,0.2734321233199683,-0.3014429164585998,0.03584279256622755,0.007166741350194911,0.47637956091921557,0.3434570225351545,-0.026875815909890383,-0.1068008412374018,-0.07325490110690866,-0.42878436852057916,0.09073381599909493,0.19648287169673656,-0.4354518935686487,-0.2433473029351778,0.37930307905381955,0.5270201389151462,0.07503786556981551,-0.04721243279696106,-0.17737003669524312,-0.37225720233200943,-0.4807874696920184,0.38368107043695915,-0.14766782715639246,0.10580704558053983,-0.37187524735760835,-0.3779868439337615,-0.32848738924058324,0.032787854277793994,0.16621208078060806,0.2439091786303888,0.4513650201696305,-0.08445157995636979,-0.04753455989575953,0.48614341782722087,-0.249435129730525,-0.1378260477832372,0.494335978136275,0.5222005457240823,0.3579135607835557,0.360324845651115,0.5118187763125538,-0.08196870060076611,0.3500982025205877,-0.15557661017225105,-0.1691807767347652,0.2976584362005504,-0.2515636385620138,-0.469388069975879,-0.19449491257341806,0.2444255038437762,-0.1632018879372548,0.35503213423596985,-0.05752632575042579,0.3592639007944935,0.2796247657470711,-0.4142196883730074,-0.17266049783758913,0.18481827786954244,0.5255270348891297,0.3220210390277397,-0.12620571070014233,-0.3260233311999103,0.25694372121955045,0.08104814965609755,0.21882067068119002,0.2268990703050794,0.4057323344781568,-0.11351790534728569,-0.24951321816059488,0.14100505572404,0.07503195211799323,-0.47687089859154946,0.007544246637820126,0.31325436065771506,0.37152059036223795,0.35741614354896534,-0.21920191169570144,0.45543079998112873,0.1632197210405187,0.06752488668050077,0.27689240878345167,0.13068065266202653,-0.25692961657626073,0.2693794859315876,-0.45096507461203933,-0.3889417230395788,-0.24446244566327296,0.03499145755461873,0.3173519230571676,-0.37060437296671483,-0.03645339580438639,0.30329728607630735,0.023889070952365993,-0.1907912376873287,-0.19738680334255287,0.44739833917436983,0.35086341017328326,0.06196078964449088,-0.30467200074386647,0.039189957770833776,0.18858175236134966,-0.24653960964294785,-0.07419865585879633,-0.41320859767663054,-0.22821891666793492,-0.44025645223849574,-0.28244857798675016,-0.04608351724010075,-0.1190838049395987,-0.19951332018000942,
-0.08623284035350844
-0.5040342657826744,-0.2555937062756256,-0.39171538284305024,-0.4527554244865308,-0.020351817837763606,0.2902773620899821,-0.08222700429139473,0.033974225033256034,0.3581063905869131,0.07675551147090565,-0.32959530911350676,0.4632250806456652,-0.012092520793922496,-0.44355655260730675,0.23923276751761635,-0.1544278341749385,-0.060640497843461,-0.006212881742147995,-0.06957174463881903,-0.024049062078799643,-0.209483727219368,-0.27128768755522975,-0.19761022707173814,0.3038695157123412,-0.18989088597972437,0.32833017495790906,-0.4168056403698471,-0.44641404868646695,0.22246215777030082,-0.09213130456790466,-0.3172449964837889,-0.22281339207246842,-0.21316396964375198,0.24454614959110885,0.21108391190534742,-0.3264838924410257,-0.3949405200701444,-0.12568041517269843,0.10452824395945287,-0.17115545248955097,-0.14044456528690674,-0.44274416225469637,-0.4539920836577903,0.4218047017307074,-0.2532777231290078,0.006092296585508179,0.44498624115691787,-0.13465215522118107,-0.17966013338445755,-0.44736348045930735,0.025374441229325882,-0.24700326823145433,0.10306635382647157,0.39121620098949744,0.28955607729889166,0.1036772508180455,-0.408318399250445,-0.18905455351301953,0.194445537613503,-0.36965905295542817,0.07687057919388515,-0.21875723691418322,-0.4424564029030564,0.32051059309844476,-0.17508465703827963,-0.4050465315942423,0.3789566990218061,-0.2313285239435014,-0.05937736614453537,0.36972183633159994,-0.1295002102883271,-0.0032304946580069636,0.4006371712167301,0.41806008423038493,0.34345172254066814,-0.04181371534699643,-0.41068901615308834,-0.3843264285365827,0.2420206650448482,-0.05244265359438806,0.34147782742211624,-0.1053030017895264,0.26288255036197195,-0.06283067467592911,0.13027354829691554,-0.0730197145028652,0.02480035606994686,0.13734261340344625,0.11362353006275167,-0.388928409138811,0.3902480919279788,0.23404746703104587,-0.3909022990805715,-0.3007684121451236,-0.252387634185312,0.002224165994853139,-0.11689306075788765,-0.2657781356500452,0.19591239925156234,-0.40452292866725015,0.07876368412703723,-0.29568683728999384,0.015155401319078662,-0.344332853293929,0.015031253144337642,0.35682375877015443,0.022083480214450786,0.07770249782655055,-0.2657353986824043,0.27966503099843526,-0.16798619120311775,0.46174312511937043,0.16676572404631104,0.2393740116119449,0.08499129943877548,-0.4254219831584376,0.418045430988205,0.06125075066397536,-0.2183585927851761,0.1656158269725322,-0.2517484197495457,-0.4233549095789207,0.43774690359166024,0.44652972763194493,0.13132321237278016,0.11527955926042921,0.180367346613289,-0.12968388417484408,
0.042658950738040054
-0.4950921487146713,0.2930053108394282,-0.20118395376942289,-0.48461940059913006,-0.23678467294252556,0.08399340317137569,0.4695503892949289,0.12391583731665923,-0.5164617820043798,0.10220907934494312,0.15682307257556571,-0.33300878914945947,0.4310628237538169,-0.3351961345488153,-0.43462963344018163,-0.22502566244894373,-0.33596582245868867,-0.31000812566903263,-0.07653004515393162,-0.23037970828459478,0.33765719701681424,0.3575429349011589,0.3257273970396662,-0.3786256014011752,0.3372464931107551,-0.1676353984078963,-0.12472293489141975,0.2536166604163573,-0.04096852292730631,-0.15575266420312134,-0.47850010241493995,-0.07518961281346402,0.22903217679940271,0.1306050454860961,0.04293212593255459,-0.1668299728852788,0.20296797148532736,-0.2157949303023875,-0.28947088513298097,0.10439380335746533,0.4831891970419716,0.2434661774860809,-0.4347068896344486,0.14742542879119963,0.09117351637805306,-0.3062882888128981,0.3919013229949669,-0.04370821890296172,0.1085314473136035,0.1359332143851153,-0.3570083709675691,0.28012999073145556,0.4859691046719819,-0.28680631896278946,-0.3605705857803131,0.10498584509231929,-0.38385298346138397,-0.09719833127758716,0.17838546190388113,0.11216659774556964,-0.36853213511121324,-0.050604264583090065,0.3135649756849108,0.3536325661179861,0.0051503882819073235,0.40364769095493097,0.4002045637295014,0.3472604954023588,0.21892092473077399,0.3729987089290972,0.14496699178458433,0.23085564341785209,0.3915275222239149,-0.4368780218784909,-0.3507723485090975,-0.2146079086428415,-0.4397890176521802,0.058221534333455616,0.048634065809812985,-0.01683088747977717,-0.3616134509474558,0.08398046180499863,0.3487794849276954,0.0597182325479276,-0.37078252964179903,-0.1374214350958671,-0.3939453643607477,0.12104492047740424,0.22941222089202803,0.2596201308718301,0.38282634676596805,-0.12247992809545755,-0.15953534999255112,-0.28927615397825984,-0.3994352896840744,-0.4237742649472698,0.02461609884710726,-0.3208856654989332,-0.08624442684165401,-0.43635252668853236,-0.34808313512570965,0.47517544672216616,-0.09552072677221682,-0.2686794526414479,-0.4812557745861922,0.4009778037822564,-0.08842592198802439,-0.4766627448278379,-0.12505201160323037,-0.20472100910648128,0.22809736850952622,-0.3165318977482362,-0.1055517418106567,-0.410800940589159,0.23087992040530875,-0.2577087473583515,-0.4910776231958127,0.4673863241629628,0.3868220525414892,0.1287755479188437,0.003705631373215124,-0.23609391531605436,0.04369963584914992,-0.5048723074889041,0.24621318420438548,0.20962637156958835,0.25147927620824007,0.4449630053906525,
-0.34755959752107324
0.47241315150135493,0.4644310847445821,0.028261750242125683,-0.47034510019473114,-0.040202296591500104,-0.4811042609592429,0.28208627405713577,-0.41121729015426356,0.45581188959072794,0.31275633192597285,-0.38824215521807437,-0.117625936299632,-0.10013688343876558,-0.17366901790518263,-0.18162951484990972,-0.1602201647590258,0.11518001506872781,0.16588473272450904,-0.45577805882989336,-0.001814232452383964,0.19151405687694825,0.05681200260060763,-0.22243148652866965,0.14369497394233088,-0.308498870107708,-0.23251502873914043,-0.18234134905573893,-0.367781850770017,-0.3193086174384709,-0.34877275304879246,-0.40936986636202166,0.46133388027793426,0.2709063645639532,-0.11043517290206516,0.4102898511300843,0.45119793493130933,0.20597729079781793,0.3582546141210826,0.41344345082725326,0.06534809716567946,-0.15522360234006294,0.07192473086210785,-0.27213565696249953,0.3425281927555829,-0.44099674259357513,-0.14101866276215158,-0.15477206812984542,-0.37473278167541363,-0.1416545050358516,-0.1980542060080351,0.435044574104446,-0.24599374219503523,-0.21691719567299134,-0.01325678967160788,-0.4351053333103048,-0.3828571263822497,-0.003976315890686729,0.0729955833080897,-0.26898138496477086,0.15134587317334153,-0.30122948246859405,-0.4085490357888553,0.27297520858059476,0.053625014450204615,0.15262280670100709,0.36151111303318867,-0.1340369945565364,-0.33549802060270467,-0.3941016275088083,0.32994394264473387,-0.4133876945357405,-0.06291734485637263,-0.1866757332840245,-0.4650500391607418,0.42771119226142656,0.43909931643375705,-0.23833118424267768,-0.21770121943885432,-0.16162162519499437,-0.06302178034238158,0.3880123357432703,0.20522627436174393,-0.3624989299612895,0.32521356967936965,-0.08556470435870027,-0.2402819689117199,-0.11051360645394104,0.08439965588322297,0.06937423871847477,0.43411187562542775,-0.18321378764351318,-0.07814062231881888,0.06669540348572255,-0.26429292980623253,0.39583783569414016,-0.31851791369936483,0.36441850524802455,-0.014548435008193153,-0.3940849319254393,0.09342080646138301,0.2802002954393509,-0.30859181620264386,0.1814879212739598,-0.44401192047297944,0.3718403381062283,0.3720766132757488,-0.2686481562298151,0.4353299649724098,0.06839230411445243,-0.13784315477951886,-0.3725318942591359,0.3932281862957475,0.4041075813705001,0.4881222614227841,0.3197356578501289,0.36819470775991886,-0.09928928327354127,0.13980205530650672,0.24851455931511404,-0.1201816245711712,-0.4369019146755672,-0.43863065465175094,0.04422744726347756,-0.16195417932416875,-0.3730948269361779,0.15216745835434178,-0.1522240301395721,-0.3017884884881685,
0.09194590757668217
-0.35413427727639796,-0.23936307993377348,-0.24743104220349763,0.025359649685700297,0.2725978031355733,-0.04859691897720242,-0.2069467816570822,0.3586775400978989,-0.01373393740015496,0.10309765879548437,-0.3886968105178512,-0.3533534102227391,-0.10571863301403654,0.26624119932058726,0.3151363332118716,-0.17249394063305196,-0.16080921010364302,-0.44437680575186544,0.15167064437212913,-0.1624882539730155,0.31885987147749273,-0.25176303686714707,0.3106406553101265,-0.4706235453299185,-0.06462958078918836,-0.13858188938054714,-0.3897354501617868,0.4569363026901291,0.14150075109943283,0.03453250227351462,-0.1447670907218139,-0.1825137771350647,0.11273539853714475,0.38259152502947275,0.3340081425789755,-0.4358953182944703,-0.2843380241954447,-0.49124354100426393,0.4319873109281873,-0.39881949780150955,0.09513523258800441,0.46463568135114314,0.45446416700041037,-0.4309330841503251,0.21306190309738549,-0.3150061462062368,-0.42215040548092114,0.14291547047926154,-0.2817894348561613,-0.49305686173766766,0.2869380116128965,-0.020720238317461736,0.3762225977658225,-0.15307874117422246,0.037506527112176904,-0.17834891378527323,-0.3638959907687,0.32473285521907325,0.12464639935207632,0.21612819044741516,0.2577922018550028,-0.3691287725970072,0.3247348511252493,0.3930422591605692,0.4832300787283714,-0.13716393198031746,0.0998770163730826,0.03516754448440481,0.2948835389111218,0.4138285595473866,-0.06204613306375543,-0.41644485653936986,-0.10105518061439576,-0.28129744697474107,0.12698320165883306,0.27795227082912305,-0.2697034423702251,-0.33187293962217257,0.05188762494588488,-0.07005466659260062,0.42462611476189155,-0.005628397578072033,-0.2877438576922551,0.23258586629127412,0.24971557553408674,0.2876211286843261,0.1799752583850687,-0.36041152201936927,0.37342535863034854,-0.15743082153180096,-0.0583330187066199,-0.11604220569229616,-0.2621014899790367,-0.24147547833154662,0.07844945693284253,0.0936821731972743,-0.39365201787746007,-0.4304773357043233,0.027219779228875703,-0.310530364343498,-0.19164907728697808,0.028048754993710484,0.13685391917748088,0.14687225048860206,-0.004486825623360015,0.43279816547567634,0.022094787376879928,0.5141537059030553,-0.3722567933722774,-0.029469006571411577,-0.19148422830064027,-0.33348984893311306,-0.2634943841462384,0.03162123091365288,0.054518897177502065,0.18473260315185214,-0.47013996230295785,-0.43791654256050516,0.05670903745675421,-0.3783268939457115,-0.1968287301586116,-0.19753894017885357,0.1251294453105415,-0.283001528294488,0.08849714902454575,0.2558246169964319,-0.37794662504913934,0.4190660094460759,
0.3577514749716631
0.49213414628873636,0.21983889713797858,-0.08328028753098815,0.45635603436644406,0.1365108257057247,-0.3512155947380185,0.33281542064417124,-0.08309669080070797,-0.452589206276058,-0.013334221122886585,0.2646469107786271,-0.12170039558940439,-0.24334620103294013,0.009216583872136757,-0.041755225514910586,-0.10884053745476083,-0.05445577972207686,-0.042270412907062925,0.0909304105219526,-0.22791605541133955,0.04538240342574041,0.5135966297869254,-0.20399116983570972,-0.022329772703130038,-0.4552394893799004,0.43987097957244675,0.23673882790478035,-0.1778342084671368,0.07609411069994267,-0.4290751055076415,-0.4377569613207143,-0.36058264409308427,-0.4409513458015518,0.4094992972987805,0.42698752016836217,-0.4060505200067572,0.3190373349228443,0.06714475464825893,-0.0765542595686406,-0.2118459189955258,-0.3181676377030208,0.15786605264129988,0.09473284834658066,0.3320216105758321,0.4264745022251815,-0.1128504371608088,-0.4139367134230316,-0.003525979635196807,-0.4728418496568207,0.012064887965360213,0.25015731395486773,0.18469110151941198,0.03927555277428844,-0.3610548001156303,-0.1118819737266215,0.37148667120456486,-0.15991027302432456,0.3956260450800418,-0.09412248725653315,-0.46045652249917696,0.33316322136329624,-0.05769351563321617,-0.29776345973916224,-0.24370037178961268,-0.15170072148545055,-0.08414536343912375,-0.28691985245530277,0.11516720617666583,0.011768405312108364,-0.19581801752992398,-0.20448658835372452,0.2759270372653708,-0.4310055712797492,-0.3661773314774487,-0.34476739316731464,-0.27739653755379073,0.24017139725228084,-0.1256933521779215,0.38605050633237886,0.2810622006939641,-0.4903597114153583,-0.3421434508235472,-0.45274347728087894,0.10409610240089646,-0.2986877755148087,0.2649041548136369,0.2836832781068194,-0.3919297104761785,0.21911230484866046,0.08627533921235933,0.5266910131813312,0.3180489771521204,0.17824161504477862,0.45329827881820894,-0.2007036324509968,-0.02284862375969274,0.09062209212772439,-0.15252158319267697,-0.16798131642657174,0.43509888043197836,-0.35818312671656644,-0.21944018840731308,-0.4266758961687372,-0.21813446629365255,-0.4497083546337712,0.18123675730899813,0.39012111233526237,0.344457340947157,-0.17188497639643927,0.10054636661802696,-0.2178020744224894,-0.08126874638735633,0.23795598180186323,0.37346322781146374,0.4598417714264685,0.287692821740558,0.18553265672647173,0.34454283501358945,-0.39322939731325524,0.09735769764947139,-0.14535452508547222,-0.1390831197015976,0.27915211071862167,0.3373532976456682,0.2517985340648585,0.15777042393231677,-0.32905169428368775,0.47947116098940745,
0.17609408186714962
0.2582669929451786,0.38293658165024824,-0.3558540872988879,-0.3000044104396711,-0.20294598305008507,-0.12128069360979439,-0.34221275913253446,-0.466545611349883,-0.06569734296954156,-0.1682738036332408,-0.3645358841653017,0.405080290887694,0.09604233408590482,0.025703888430074075,0.133212977428389,-0.38936452179209013,0.29795772191473,-0.045163090471504554,0.02600649945214398,0.14822401213567826,-0.19371427860414864,-0.11708667898357833,0.3292544107600128,0.45420604517112084,0.31676050726987315,-0.024777671244940763,-0.48250636264997454,0.09437751348628076,0.07109808395730427,-0.11562086407069364,0.26467492281985605,-0.231513311180963,0.06785018952207589,-0.30413659516261027,-0.10748580515180448,-0.21039849278973485,-0.17506902034263627,0.4581337411077155,0.25210245049169944,0.2659762643539934,-0.08397092948829062,-0.3785083941726357,0.19302042423458163,-0.4088605472066946,-0.1122813058683498,-0.4330163623678555,0.25325945918093135,0.47347328525441,-0.017712769337162874,0.09749871195662778,-0.2750594813055271,-0.3272978558034451,-0.4588061961124004,0.15949455977642044,-0.22764605614162994,-0.2018331099097455,-0.1541775144199325,0.3199168116170047,-0.12861455204622782,0.032114290239738635,-0.3439747644821404,-0.49210994288165516,0.415069761051967,0.3845212501279959,-0.3299217309905424,0.30560190500048984,-0.00830061849952266,0.14827625785347626,-0.32544679644928964,-0.3432287554902427,0.490827013792778,-0.4483643168250205,0.19285592137016433,0.1836352630485132,-0.11311103559742715,0.20530427017605013,0.03622123660449232,0.44979239176272745,0.29068172222266453,-0.1556032933078086,0.2796814624089189,0.3932740126680492,-0.39502528404007925,0.03804636382742462,-0.16456682043114312,-0.1382483599599556,-0.08426198440061632,-0.022295218633536645,-0.0340771981611276,-0.3607113654878894,-0.42233425704070215,0.2168385652229612,-0.19375566015686002,-0.39427945832460476,-0.21306600714062301,0.2229085500024271,0.19926632768326077,-0.2900406149410426,0.3474767991476958,-0.07531275489906976,-0.07532224612028676,0.24126249400067493,0.21529741566600477,0.0046150892989139354,-0.29507644763637864,0.49122216500853416,0.38879118432097665,-0.4605814251717894,0.2146595832277183,0.2528729770543931,-0.3387824761445733,-0.24208069780721142,-0.31941218793788895,-0.20954395683982055,-0.22448470614706598,0.08070455698061266,-0.43576129370186134,-0.17723818500782013,-0.43860687873154564,0.3223109884295764,0.25041781015274556,-0.19636482069205327,-0.30248243867805347,-0.06450743018045857,-0.3822057822771626,0.2724691937328813,-0.14695778530718062,0.40764102785703304,
-0.31006978229548904
0.3338315076134791,0.08976213901481882,-0.48432997234260855,0.06799147111470882,0.39213830299976354,-0.4250539762908389,-0.07668641061532466,0.17376381503011218,0.10143839199593604,-0.1412428364183448,-0.2365942565567254,-0.09638310150809895,0.13179037572426933,0.16948249160474246,0.2001343794329549,-0.2063720916699969,-0.25232035534720904,0.4830989023692814,-0.3376263082224464,0.4413796052629883,0.3830732569302773,0.37138586628115894,0.3908741299149656,0.3663617397294854,0.3815024938349833,-0.024514492611645743,0.1613547172315925,0.19848187448044458,-0.19250117579577392,-0.1906314189917884,-0.4112947847141342,-0.3609339693420956,-0.2416842309941772,0.4619539432849315,0.18338408685123667,-0.07733408019295886,-0.042125229810624214,-0.3038470355065854,0.444181306684125,0.2912406325865686,0.44865618942535274,-0.10646654517698899,-0.3925024352149946,0.36047588327151947,0.14430682943423837,0.24283999428580363,0.3160050146427863,0.09785395805601016,-0.4118564813638903,-0.3693792582220706,0.41299384504741243,-0.4463779224877252,-0.22254584792088694,-0.33201928956662696,0.24367197758961628,0.3911973529508185,0.058922535461536384,-0.08563631334722767,0.36299037203558054,-0.24083395244050704,0.16516798970383836,-0.06361468481088704,0.2759222717213375,0.006576825101518203,0.1991865466476435,0.4651422565242236,-0.07648296768480342,0.28762752431134114,-0.0323246586828661,-0.39215107095146357,-0.0618957866152102,0.15876243211108274,0.3858618448806486,-0.26578681657957076,0.2916349951518091,-0.16171695143690024,-0.1848435826984011,0.41855769207989874,-0.121472552458276,-0.059716783388755405,0.1007270650278236,-0.45889146944459397,-0.27574152917502326,0.13811252398185708,-0.22995496686836278,0.47812407653558137,-0.026645944878084433,0.3712230274327091,0.3015086635156146,0.10684321170371619,-0.442647806209474,-0.03667952551188287,-0.35050437888542474,0.208869562959882,0.42756306378968867,0.21502915627655794,0.23006151488624985,-0.2504106915755762,-0.4153000907205763,-0.15060948408078523,0.390612033112844,0.41114865524028277,-0.34196405789511447,-0.024408432056574954,-0.028174619162729057,-0.27723198403981214,-0.29553603475335355,0.058142022122235064,-0.03694637529676031,0.07735394060682611,-0.006632194628740809,-0.21041416927483947,0.3912149512552221,-0.02446068317263808,-0.0066757802706303776,-0.3803324264674862,-0.4656021512506482,-0.16355338457648852,0.47385771170630475,0.14095550444945074,0.2709646300271091,-0.18339169768676525,-0.38530753008852936,-0.4801574427718914,-0.13906805097801153,0.16079562979665626,0.29003758211246217,-0.40893753415639866,
-0.12192072597913214
-0.2449597155794199,0.2393263614858095,0.3421762263611751,0.14033117662782227,-0.28835649312629613,-0.35222094934944476,-0.02406745177390447,-0.4851493153115814,0.0028482110077426353,-0.1565683784163458,-0.073406050481582,-0.22853818170709717,0.4274528354359493,0.06607110787571646,-0.25955437018244903,-0.012697148308537022,0.3995973263791035,0.116284554439222,-0.10811670663293897,-0.21028434046983793,0.32946035884962255,0.46681728923445914,0.3876932246283929,-0.010520477076015822,-0.19841102380934403,-0.17762835565941582,0.025534693674790245,-0.10342872094931288,-0.008365588125749814,0.4836087772082502,0.1814319803808678,0.2869123314425538,0.0992022047610175,-0.21104212387425378,-0.050731213991044154,0.33477454393208766,0.26834035615988366,-0.13043102676727827,-0.3864730183430577,-0.1519698254920619,0.45968823565252764,0.4749659075126774,-0.49345974411976967,0.108045516932741,-0.24986236769164627,0.008459891932336988,0.24693266375096054,0.19187202396197497,0.4972925963463444,0.2249254309241236,-0.15360510194752666,0.18720450953086262,-0.11819959701432797,-0.22470289023291778,-0.060176631425053195,-0.24384875020900765,0.39863732738012214,-0.3320200127011834,0.06564574500688328,-0.21750785259219693,-0.08302083404981928,0.32719616528473183,-0.382882470378901,0.31605832699180997,0.23446066631298018,-0.15490321367443285,-0.037157009220986754,-0.19019535051985748,-0.05504136702330818,-0.36022673314590015,0.018962921118515236,-0.10489441592640109,-0.036128516170664274,0.08405576807824368,0.2407695428742764,0.08680413993752832,-0.1419403109665914,-0.28963466198671767,0.15901969262700147,-0.31866750809066025,-0.051669594876807654,-0.3021186985240137,0.1519928900920634,-0.0719247688999315,-0.16155519990202377,-0.1605764356124027,0.3820811501389103,-0.20074485415906948,-0.14943102147865123,-0.07123624994800945,-0.44999585828334304,0.1840944244970883,-0.2035184079927686,0.44665812202209876,0.24498648138681237,0.14377950714463328,0.3086470805421178,-0.14503221512307635,-0.3058955966300765,-0.12881324540166803,-0.1172224687193705,0.23577212081440546,-0.3484205897243991,0.45010751340767274,-0.21603704595812512,0.06137449243400641,0.40078893324025516,-0.09006694817015104,-0.13167844827803402,-0.2602364218835341,-0.06930385799393267,0.3543912944697017,0.42991764766110124,0.37595209325688117,0.3042942801903592,-0.32555128406573,0.22628595693008066,-0.47436203762659346,-0.17752248546496688,0.22367309012066763,-0.1124102157516614,-0.04449809218570578,0.3085171330559355,0.35746725554733616,-0.005879894165995996,-0.3928312847872455,-0.47412540933508024,-0.1874014181018374,
-0.22941851665055052
0.44655724118091605,-0.3484733592683913,0.319915493351377,-0.11032729962436319,-0.14255287188874446,0.2973825409912522,0.20305900872427687,0.3276466214737377,0.12377721867482577,-0.1310010343516666,-0.07346567141042709,0.16479403715191682,0.3066052314389548,0.15267441546696842,0.47247331783680074,-0.11480901708380348,0.08647553212714114,-0.10913490337988611,-0.3264346499245525,0.31486564114759086,0.11152469702635999,-0.027174070449569224,0.170707791976574,-0.45088501283088384,0.22035023625131167,-0.023842134753033886,0.32027650663760393,0.4883721984856012,-0.20550927533919378,-0.3664158374615275,0.3617126060341816,-0.3933094670484927,0.05105141453880511,-0.12611393621349584,-0.320711765015106,0.1401050119107547,-0.3516575876478915,0.14592014397499103,0.02149760539110913,0.010386257515120241,-0.08250749427449683,-0.011246207027597693,-0.04803067386026195,-0.3493067348580903,0.5175341205649455,0.2847408330951068,-0.09359528909679074,0.0657295726308895,0.34268101038059534,0.10252875671950912,0.12459999224102973,0.4387359733800634,-0.47928663535424104,0.46518830845571396,0.1070586738781389,0.2814211940412397,0.14773407946978245,-0.038409928538804185,0.3413181597880253,0.18570816370104537,0.5053141001492825,0.2942575275018817,0.242570819342501,0.248089808772912,-0.16928788584036247,-0.3461408696221976,-0.2838129353476707,0.0998430338656316,0.24558854024828475,0.4164140348076272,-0.4151683744228575,-0.406792993779298,0.1544485531094713,-0.10760784861454746,-0.13318458429378174,0.15987310011418632,-0.3007324804196755,-0.31423195094687706,-0.07407120293598977,0.25920136174465264,0.4130657137624475,-0.3905216113984882,-0.2047671937360927,-0.04908456519639732,0.013142000668247493,0.3578851239060198,-0.2367013255342485,0.18730486115691938,0.1531864376539159,-0.014582909777045489,-0.42455499520025725,-0.4175273268003778,0.41353280194652275,0.01397967297228323,0.07703344080835756,0.18532787466307024,-0.3529122321586182,0.49250927311580517,0.21556555583548503,-0.32179917039854766,0.4288492281251348,-0.180445058698255,-0.019733004162508155,-0.41039870481865665,-0.4254347237188136,-0.004890709534993688,0.3256767133340612,0.3155056184703536,0.31447843263942477,-0.18307874654005793,-0.16871144105248148,0.2895499061025519,0.48368015062025166,0.43642623587906293,0.005587497344201932,-0.32951109155766983,-0.2241418967490868,0.14107191580265085,-0.19894825793942278,-0.21545679216816627,-0.034114003306105825,-0.46168770663209674,0.030809063896327607,-0.3307949391389613,0.22009356798589455,0.4146217786565796,-0.24815235886417164,0.2743184704625703,
0.36757786579732493
0.07766780306401998,-0.004262164466281243,-0.32428043378587373,-0.21647211305218883,-0.325763120922168,-0.050515892728919466,-0.190042409343865,0.44462459847209546,-0.47547292519335405,0.03941138032361084,0.433925660309149,-0.2463770013308698,-0.24825601708321643,0.18948923317613892,-0.10039168534705621,0.13868133539506142,0.3772380044610081,-0.4057262381598352,0.31824762758561387,-0.02565192045770337,0.4643409233361797,0.001067604040448681,-0.36169075249163757,0.0887471182294496,-0.30889253733335426,-0.15684195235823964,-0.11700949211451553,-0.37122756311276234,-0.2975223025283521,0.3896601914222876,-0.28754929185131684,-0.42683742655713985,-0.05265597465224884,0.15305112770994533,0.4618097193664803,0.20951784832729278,0.04042719917528918,0.11264444089002618,-0.3608961131617425,0.3628914914984051,-0.20945339936735677,-0.09353758489647096,-0.19291328790340664,-0.32716937388361483,0.009212408887262907,0.238458917992192,0.1439828653479857,0.25917072020434406,-0.4781655937858843,-0.46723192382036566,0.37050104656491634,0.17698770955755067,-0.14583376378312415,-0.12199559747303182,-0.4294375057302383,-0.17550170253866232,0.368759769429246,-0.36677571618578003,-0.311598196562067,-0.22066512924884812,-0.1134527402788444,0.1122330824481774,-0.38390057696706414,0.09240112091329647,-0.10564505518237265,-0.4516240937281677,-0.14243397759052898,0.02368467366799144,0.11656426217701175,0.4076709076888234,-0.08270619735196776,-0.005323865860858308,0.09939365303956264,-0.3373312403061157,0.10749739991431113,0.3527912784971367,0.4540982860122963,0.32415603094044776,0.17314767322418578,-0.17745036138129291,-0.06328165037455882,0.30509358490704874,0.063152924084236,-0.2835664532522306,-0.07767551729171297,0.12683826270641044,-0.10707711200355784,0.11175429765280502,-0.49294874336906586,0.19548224599584094,-0.01208443746452557,-0.203985484477821,-0.43004212854476587,-0.4492838800996986,-0.03089980416673793,0.4442238596309086,0.04546991182824466,-0.42346025039010415,0.339620678860814,-0.24801547605048835,-0.05279273294401182,0.013836701906680484,-0.4009517676063069,0.3568212476196253,0.414321121316101,-0.32731602970133883,0.2219906939728161,0.45437635742194205,-0.42966590297286095,-0.1249733491436247,0.3120786762279946,0.2631257760575362,-0.2123955908536052,-0.03060578296841018,-0.2978240591450505,-0.48312697006845495,0.37900356947327996,-0.3995934946826657,0.06188058642033174,-0.09726337964007824,-0.26027284206813955,0.4917961406612985,0.09496861407022175,-0.3837916463080866,0.47472284130702025,-0.08493644889083957,-0.2882643270850439,0.05722873338467484,
-0.4174414679720561
0.22396283878647508,0.45704286495224355,-0.003632876264981628,0.43198394604193696,0.32416065394898586,0.3663327461862513,0.2825065479649911,0.03530831576290678,0.06893531471001159,0.15780700612176005,-0.013453436342447443,-0.002695970471438,0.47682855163319404,0.28314147996965894,-0.08871713679138954,-0.39112519227338427,0.2238654520553951,0.25270820191119064,0.13670650761066347,0.06071933556457753,-0.4394115523858069,0.5042580257160999,-0.237879420819313,0.25517149884338564,-0.14461304094326005,-0.2016161445714742,0.12627398898375977,0.07517782223041371,0.2630591418479915,0.21701928832198433,0.11212993423890326,-0.05552298457577726,0.23457399672174012,0.4881082341602028,-0.4255113230787685,0.3894698937472909,0.224107140067535,-0.41709997810673166,-0.016094719286119222,0.5005108937040295,-0.056550515637704094,0.31723160318732907,0.49875543207806583,0.24120475243280742,0.2048170243266581,-0.30187162973422055,-0.2486799020074564,-0.21200983618036143,-0.2214670502941322,0.05161893858758639,0.015850753713179094,0.19557527842246178,-0.06318974336513847,-0.376705181343796,-0.4058156398823549,-0.18284342521010763,0.3754852147125289,-0.2754723925400543,0.42781061505849927,0.42755455688713756,-0.15866530281503335,-0.177563825405371,0.4173124113854718,-0.05735504941534844,-0.2722517390982034,0.3906735821446863,-0.06328723114227897,0.10600293464160426,-0.3159889364780955,-0.42415012979204514,0.12087863029407295,-0.08923763113801658,0.08139505693824209,-0.01948274711744359,-0.4190736535569746,-0.30622089267997255,0.22949979334020715,-0.1054493553445601,0.45907895530414966,0.4055889863258209,0.04772088751139758,-0.034123139245220264,0.016344080118893805,0.0017393387879462141,0.16182461981927057,0.19396661707525117,-0.1990635328029057,0.1676852346527363,-0.34056261665870907,-0.005135376955457157,0.4843057380846917,0.3257093829369814,-0.04557791216007757,-0.18027655968633124,-0.4860196703385113,0.20735325264032958,-0.1456559704019758,-0.01978055482004771,-0.19071571774146642,-0.03477158957888187,-0.45806982694144527,-0.011274663964139398,-0.13926132028564045,0.3496567037372901,-0.33925687228254625,0.06108661478902605,-0.4896610346829039,-0.10136881253583035,-0.2895749210415707,-0.1054856736666156,-0.4354875689755746,0.22466774158105354,-0.0218378538392711,-0.40780701116275464,0.2124952759380407,-0.4805551381604146,-0.032174545327720565,-0.033792931979257895,0.4997817683050284,-0.3586297962142935,-0.251318105006549,0.04265200346921868,-0.08094949742667576,-0.31251009378905065,-0.11071796894729931,-0.43842976516792526,0.09224233490357692,-0.4199356936285415,
-0.05064075747390026
0.29624148629213914,0.10168397393618929,0.4088732080467324,0.4624202595794612,-0.43710527246298975,0.3994996034981735,-0.44522511989067126,0.3576851570155071,0.02221509450077358,0.3023758945907722,0.02896317938522434,-0.15086947209035792,-0.3180000752607677,-0.0018810241762316246,0.02318006000529613,0.1886299131353974,-0.14097653723647088,-0.13545576378148474,-0.35607271050696493,-0.4269060302069798,0.3867983077908137,0.08867918856694466,-0.04518978539602746,0.2904063061544441,-0.2955244033400531,0.1473990946658425,0.1257175931812051,0.12401412896565146,-0.19993066316968944,-0.47722804358589627,-0.1164968978147602,0.4190831603547527,0.3542245878700416,0.03656403784651933,0.11903500649006854,0.34813297607616955,0.04565555626711069,-0.40032890057676757,-0.005129607101556507,-0.30277142487747183,0.19850428333016404,-0.1644610932720092,-0.3427778276876706,0.27967953385646144,-0.2406621147487396,-0.15898231670141452,0.06334562770422174,0.4067993448098219,-0.1780108959722373,-0.23299085681094697,0.45100943107345043,0.1537893644095542,-0.19985864285292285,0.1168979265559357,0.31730241130754433,0.059338664839965485,-0.3505981693556334,-0.33881940595932014,-0.0958729552187774,-0.18386100044990886,0.43331517588170027,-0.19236475978139025,-0.45534118765435894,-0.06613341553595178,0.006771067568918926,-0.4404536576105492,0.4473768379351004,-0.21295401019987,0.41272582734915264,-0.08057183348670746,-0.003504463067654267,-0.416108961046972,0.22127154925050885,0.35962508603469817,-0.2680442880656325,-0.37011014620657046,-0.15084350882928568,0.28143029293480987,-0.07494470911761236,0.02987984508841621,-0.31271329712672874,-0.30082675737111275,-0.250368679905139,0.43161254424942597,-0.30111537479913864,0.2614647143407471,-0.20035131746343257,-0.43462638863692793,-0.07704871276022038,-0.35853618229722584,-0.008928758791170426,-0.4577285267998558,0.3047558976447307,-0.3566807329986821,-0.47303954377193314,0.4917769391356335,0.1330188634471428,-0.004552386644938773,0.11887290763671925,-0.11968722546416387,0.3287222883933208,-0.4029251132211491,0.2450465347304617,0.14854739405839268,-0.22352228034278843,0.21075487886107855,-0.1611858483633793,0.4094486532118361,-0.04146596479397163,-0.1198669327065924,-0.49424603284122254,0.05204463185977273,0.12130645945823203,0.23934068555637789,-0.0904377691352136,-0.360103950122663,0.3267977779351713,-0.3118244710772868,-0.09400182841995759,0.06057951801461567,-0.15909937720376324,-0.19589337152275935,0.46652555327877243,0.2708124807249181,0.38952367102328167,-0.17163652648976782,0.4946441409832901,-0.20859089914130466,
-0.11955610425482116
-0.06174774498443359,0.1774738341949042,0.2870045075601054,-0.16820746324065808,0.11627370471977007,-0.46329297423392535,-0.19189828629618316,-0.40212199718059705,-0.2389551314594603,-0.26440641863743686,0.0961559111585767,-0.3633811031459205,0.05250213348142265,0.3229313960204713,0.2044289591879163,-0.19665874360717658,-0.21678403597823756,-0.07689828361132543,-0.32356890904491165,-0.4904293532930919,-0.4156240381360254,0.425826644875144,-0.2682120591064676,0.09172521484348213,0.46162757272617094,0.173528123208936,-0.4218695071398944,0.19167547842278745,-0.13712359412506253,0.2139697596249753,0.42864475675908725,0.3137995982334522,0.39115919110544495,0.12428803442218397,0.48791205233468554,0.29523455847199115,-0.21248080986719864,-0.34785165915586647,-0.43265948787176445,-0.3596377639206036,-0.4294500281929768,0.018388875886349132,0.49367188317213706,0.4865124278878835,-0.14773155607851085,0.028272300130864285,0.2695385705745672,0.22712344962752326,-0.1957222520998405,-0.31271159940427756,0.511536892059159,-0.2557565756965104,-0.08187722520860283,-0.47230779258462824,0.043025609701777545,0.10183694237834297,-0.1164931731294636,0.49866590654073273,0.15220661509822764,0.3338098253757423,-0.22518377887493113,0.15952693606956242,0.35628308511331813,0.3532338427634602,0.22271793737578582,0.4036823176321989,0.3390249520624853,-0.35560721147361557,-0.2030839536597855,-0.26247188831297386,-0.3245201627030203,-0.32743290206845865,0.013561236564080831,0.20231480816338948,0.34963763842264506,-0.1101877753397654,-0.14724621902889123,0.22137743438708343,-0.1440780674199514,-0.2672919525671931,0.42268647650284136,-0.34819859684618565,-0.17050679624834195,0.46461552263708067,-0.36609172315504146,0.06443388355376695,-0.3534963861854452,-0.40630797503565186,-0.12665719965059036,-0.3527681857929271,0.4790202859752127,0.49620288252145023,0.31083979075088936,-0.4802160991182938,-0.3312586287353048,-0.07542607471339838,-0.3057380172567731,0.12892992592385197,-0.12915082144021375,-0.21080858451778356,0.385873942279643,-0.4113215326901625,0.29044948729958264,-0.029085926603069683,-0.18307206822689828,-0.007455489654760846,0.1222945290765752,0.11156181423025868,-0.4497827694078231,0.4388893263028075,0.10955813204625076,-0.215561975944605,0.12342373580939185,0.5046697395890665,0.02804107875476955,-0.2683126105858056,-0.18905751492749967,0.3156687796602713,0.13546937350187951,-0.41853536961063426,-0.38396493998289505,-0.08796717623175737,-0.16709901641352434,-0.4090566932840093,0.30873803262012955,0.3144624487774441,-0.29942462320856905,0.4130034169110338,
0.09809379883423419
-0.10750873585515883,0.3553645261530984,0.3598766764326738,0.10952600537956152,-0.4593511675895473,-0.26876713840842903,0.19706363678361166,0.1010848406248559,-0.33292235978737617,0.27080082296811825,-0.4920340245711125,-0.26932625730115894,0.44649114954469443,-0.04046029665528802,-0.370440819638821,-0.2287399482467585,0.35008226209211435,0.26273987749983374,-0.010021048631630095,0.24628276933707166,-0.40550132401439365,0.27238669072770666,0.36056507676849986,-0.29797792319534067,0.27532802874680623,-0.4105741140860352,0.03348810045604558,0.24938736472608802,-0.2899151380767329,0.10660726385209379,-0.44160332733835034,-0.15935415799358968,0.10535179624236024,0.5089825669857078,-0.36812179590943017,-0.24652382723502433,0.2729264050532486,-0.3461391775635786,-0.18312329261636684,-0.4228197373234338,-0.08114077337508145,0.3729484478507152,0.06613104710531834,0.30772019703281656,-0.1401968750408011,-0.4915566689730963,-0.09076002943373924,0.006751142356072344,-0.03122403704283792,-0.018071128409569804,0.1543152683617178,0.3786241412578797,-0.4630190261935807,-0.4473832403681163,-0.18543623315855534,-0.387220040428208,0.41385115061245414,-0.4764336964380917,-0.44308099774544757,0.13092601361484613,-0.17316885913987887,0.5047719364860535,0.2788241096842406,-0.15958323230581906,0.35629641267049256,0.09229832389833739,-0.282243844851229,0.0971981791268529,0.161152498198537,-0.2555465778730381,0.4881358719168103,0.03136439153539516,-0.10662045804166367,-0.11583189251193447,0.1552297044247257,0.17783465199270154,-0.2722174282995381,-0.39253779412970563,-0.0825976816755667,-0.3877172774153176,0.4056824097525381,-0.47037562366766356,-0.09155070191215768,0.144381437130247,0.413158159848586,-0.28246672909639314,0.2517267924111707,0.0952107257919689,-0.301967204891439,-0.2757001360486147,-0.07172927288123389,-0.37404442787101694,-0.4664727227731172,0.2005115304960868,-0.09448597667389091,0.15611564193862276,0.03834160190066416,-0.24965725575452227,0.059002515879848005,0.1523096121719664,-0.24226080499059147,0.3934851396549684,-0.28123305580657404,0.04898361468193329,0.32751771420211806,0.004360360002511889,0.48169045931794735,-0.3834873362194258,-0.21473615500282794,-0.2430095823205442,-0.2999268844645243,0.3451402371913433,-0.2536042729734221,0.014390130478183369,0.38247342830579967,0.4731320832888328,-0.35447348972557646,-0.06741563948632086,0.054678830611529554,0.22778903779008555,-0.3607932358338426,0.47537220525443874,0.16916278991960956,0.4810503562075217,-0.2996841607372415,0.22800158275122392,-0.3024724682533604,-0.06310323021493992,
0.5122254292157669
-0.10270187504714334,0.1231697142113214,-0.40117403024618425,0.30369007211570503,-0.09554851697483127,0.014007602595434352,-0.1707305688304115,0.08369184895400071,-0.3964996919516201,-0.47505147101310896,-0.3129428688086852,-0.41399042117969354,0.22786433817007795,-0.2840927086611572,0.03783684202722004,0.16887036649479,-0.44576484880709183,-0.16069493014730335,-0.26878709997649697,-0.33682764570328416,-0.31816033185631537,-0.19372894816128042,0.322644276989552,0.42110634112364925,0.4324259517038568,0.0031773014827345394,0.0032197275540404077,-0.49939757103427584,0.4443509962699551,0.29807924409459574,-0.027625182861384084,-0.2254708591698773,0.22902644375327472,0.35843423466057944,0.4726880867528656,0.012324118919251548,-0.22333448303343573,0.04805420002478585,-0.32479415376845416,0.02365824107423569,-0.14512633375223172,-0.10201010054948244,0.03178247485207366,0.1324159049496488,-0.4743511942210449,-0.3158266716880075,-0.21769769230976235,0.3806412131405706,-0.28929347193667215,-0.05288523085805908,-0.4099112738430197,0.11721812259217529,-0.42973088302490087,-0.1726988790308086,0.38527919924642373,-0.0344875743596821,0.26532198109280875,0.42713691936824544,0.11692763119416874,0.1499755734945171,0.349774230583459,-0.10457794720385362,0.03645098478217189,-0.20013693484680284,0.03280064838270839,0.3656248798701932,0.06261793553830367,0.02354159621421679,0.22729074452807743,0.06560522077377587,0.1722507025741885,-0.17578868843701634,-0.45435417004807344,0.17479862107616545,-0.21502207692558756,-0.4177492882285443,-0.061391721355128076,0.4795167299410519,0.44441489481266244,0.02405030094073265,0.039433713489728336,-0.11053602601083629,0.024955227088499964,0.10125293393784487,-0.306897368115192,-0.40238557272956327,-0.4066005506795557,-0.12380897004471372,0.21834182441756927,-0.41377877726966017,0.3084805479365674,-0.22847475032204437,-0.4546268816654688,0.21938575812127367,-0.41066426440611586,0.32435021720980955,0.14752512714622437,0.36340364933731906,0.11271385714820359,0.006263175393831736,0.029040033264368825,-0.259266912613621,0.09188501412483954,0.32452959445894053,0.1155444642728875,-0.12850352399025972,-0.08293366933293583,0.30500367498398334,0.4290221896154336,-0.45605088145521727,-0.4812466745144596,-0.4121371068787773,0.1046912014946289,0.1023041723739909,-0.3608963470388843,-0.22667692357788305,-0.2239177853151983,-0.3440999390687074,0.22256679540895663,-0.14014832062876614,0.16843204199768605,-0.045710448750533345,0.09896134033712888,-0.44948047248971557,-0.12551882284588248,0.02232468805753356,-0.38214158036570645,0.2412829653249349,
0.4034817911920427
-0.057349532446885884,0.24341478943465508,-0.15883424136809665,-0.3375761553913536,0.07898287363470956,0.24453052679549853,0.06529469804909215,-0.2841628865280119,-0.20743998104858646,-0.37178616106808193,0.17855050505960993,-0.19740126515840187,0.4154181903308685,0.09797561214595914,0.4115701598868093,-0.37668597102973234,0.04241002361942413,0.25831374165184146,0.22513968256666475,0.3321699751757835,-0.1927389496372819,-0.2753141398592793,0.39550545506526935,-0.13139227965583516,-0.24913057121055215,-0.4006890681024772,0.19281540773529846,-0.31817825733487154,-0.18670790976344223,-0.12865063139071936,-0.3147406133028952,0.48029561449634606,-0.06386333788922048,-0.3568366965536419,-0.40640235824269794,-0.49166218942790174,-0.30803429732263454,-0.25801036402736105,-0.07004201828877683,-0.4779322321667337,0.44246170397099455,0.17524624322064178,0.09824126227197559,0.05923123451283652,0.47816607831119523,0.13330821885640284,0.05212424578688359,-0.16802858311864735,0.25407606239922287,-0.33538887543716933,-0.4476748822444943,0.057036569437375575,0.35050130535371227,-0.00683561230670515,-0.4140102827746394,0.3472164323528927,-0.4941680933425831,0.4292703883189472,-0.4997490601735342,0.30780877746559226,-0.33978177559580763,0.18042479112830043,-0.49322647457700014,0.37480757086637506,-0.30101151686842675,-2.678887604229595E-4,-0.25609066963378846,-0.47771969647189855,0.2749031888799105,0.4559251152183977,0.24422930550383878,0.38938372620257405,-0.12499061930561557,-0.1780857151094078,-0.20940048988722643,0.061884517279142306,0.07576948034680847,0.009303829582313449,-0.18436769193109537,0.21979013166031972,-0.258883101026683,-0.2748328512412714,0.22752351971367657,-0.4090452680215775,-0.21257632595087492,0.034558092760172514,0.27744655035181476,-0.27813652718973564,0.02300768261340797,-0.188166634612681,0.3558338098768077,-0.1536311999535465,0.4685352972534854,0.15421849608645685,-0.06780233531362027,0.26748963344886484,-0.4745163956505878,-0.3298299773222993,-0.3545558526101805,0.00896131667200332,0.33525890414201487,-0.2787330762597392,-0.016457153334698407,-0.32480729851690104,-0.3272134974276523,0.08863541111272173,-0.17648074186541285,0.3927683710242284,-0.23175767744364983,0.2849880052991631,-0.41881204312515585,0.40520993903609825,-0.4826360557171969,-0.3420718446580867,-0.3293728697412923,0.42766519344386816,-0.35979600670718515,-0.2431400145832409,0.44349177834199144,0.12722731137806617,0.48622078066403385,-0.057719517749223036,-0.16055970915281745,0.1523321965790375,0.35165294976076844,0.05952106800548149,-0.49468799751518616,0.015523554163674522,
-0.08656097379468489
0.12271673658367264,0.2525150886249304,-0.2951971870740684,0.19052333442746677,0.3039698742366124,0.28134914822825324,0.3565046053944271,0.22723731189273016,0.2587813809435478,-0.10596082704222719,0.4970227612350774,-0.10607269877289449,-0.2733242518675007,-0.13731628149204658,0.3106065615436439,0.44355825504848706,-0.40353386973669286,0.10675812092909429,0.12408107599511103,-0.42782583822538844,0.08090212263698282,-0.1856383198906697,-0.03513397815861713,-0.13667534183296223,-0.3885090422947065,-0.3531871801435759,0.10656519087862718,0.321626474668907,-0.013582775067089376,0.28822685884313987,-0.04313701813647719,-0.25840046284377666,-0.40151259583793925,0.07278954821006753,0.09176815989901999,0.1824701266952482,-0.4117693669987479,0.16343673968571948,0.3583877252607077,0.22618805408891374,0.08082799605563366,0.3475302805963427,0.061531459888524834,0.3627222533219855,-0.4152555862480226,0.1125408733596705,-0.43954802585801067,0.3023293899767434,0.3840727106500583,-0.3578432103252098,-0.26432919187474385,-0.2560848906865486,0.23808326151055878,-0.26277736690465753,0.34286653568630965,-0.46373691833249703,0.06513521414741366,-0.27375921427342265,0.11759711276489646,0.1936354240525553,0.21107264715835994,0.2726873580017244,0.44183200031579734,0.029983645271998986,0.0769198280584892,0.40601531741866825,-0.026064715086325737,0.18630450505893925,0.07542518613435253,-0.4070130579374793,0.1986331258235413,0.46500130329120226,-0.16864410216977152,-0.021839932142354242,-0.3378548992553576,-0.30516419965427316,0.09542896716394915,0.30725811994271723,0.19009429938077915,0.13059960515604754,-0.34352770009391836,-0.35595834694141276,-0.48243637788558436,0.4123550451278365,0.4220954864138779,0.3079305025995032,-0.12799999724562588,0.18999499790259727,0.13272500471917434,0.2257631719617858,-0.11649434374694749,-0.22314755502343492,-0.11166468043925819,0.10220201974786053,-0.37563396506285984,-0.16649633049251533,0.4067925472864402,-0.17863114002259323,0.30147593486857893,0.32945708714904975,0.09481182188191552,-0.3356944358835831,-0.2166638401676419,-0.15510762237051332,0.49570354055543,0.07138929488905381,-0.38630951004862607,0.34291184037029915,0.29791919064341366,-0.26091817108408305,0.5040586862007281,-0.21019942960327256,0.11960286864271566,0.2923251577733893,-0.11319605259619561,-0.17765697488735943,-0.43178686409766,-0.21676466647792433,-0.4177092841824667,-0.010117668197955834,-0.4075026192806084,-0.3760624702817506,0.3935348511879733,0.3036416821245789,-0.059269313384504516,0.003158575973841506,-0.4666604826870487,-0.26644909059376143,
0.36460696990375735
-0.16267211012999647,0.24657785868044954,-0.011782234418311287,-0.29122879885265707,0.15592120099840728,-0.4322675256954526,-0.3965345803118423,0.2817102386089891,-0.3606561083444156,0.1633733222323967,0.22045652742510624,0.023331206947441972,0.08132271553832075,0.2777888042666013,-0.1743558841028504,0.10784891500271732,0.45478915312050194,-0.4161886627020884,0.29283239233630914,0.4515228279147782,0.13131315152762907,0.15815071759904883,-0.06699069846516315,-0.23096594725000466,0.12113240527571033,0.2159788016603277,0.06575451680189326,0.19227530309936716,-0.06684285270750116,0.30456980720216525,0.2418616016445398,0.41410464986612977,-0.05752342243067231,-0.49358113327143105,0.016263974174808807,0.005100432243571407,0.24142420695305813,-0.12676027608430981,-0.09809267092991322,0.37578938755410096,0.0050782617625067935,-0.1907431230350429,-0.48753833782555583,0.1928578542905318,-0.26679453704495926,0.1744518276093683,0.49850982116542325,0.4253457236771212,-0.22042108801228227,0.16549032707898328,-0.416481875096622,0.061208599390897935,-0.016865953999275797,0.4579610270831434,0.4907107822203807,0.45289542791254983,0.3441388102630426,-0.03604980753918412,0.39142057637257444,-0.23130662209848055,0.08577187792393301,-0.22905668959465708,-0.022615822755327926,0.4377874240810799,-0.21883310460565905,-0.11289459388987261,0.22554317015610287,0.5004195958858603,-0.48642054623614356,0.5006307209611013,-0.4647084798918229,-0.08042652325300079,-0.4403848863728224,-0.028594557104434367,-0.29141651239725036,0.31210650661075967,0.32958235988546053,0.39068383622761893,0.16067916033548402,0.3505879300976737,0.027678217222015838,-0.34198515123360407,0.4984051792770459,0.1312178235056244,-0.27968517071585,0.1869274364483158,-0.464542033751802,-0.045580122404892336,0.2090593682418085,0.08226504787363409,-0.2317744581133278,-0.23805732871836094,-0.47537259193014786,0.22300881482378956,0.13879134406257582,0.1073322078067237,-0.3787836052165609,0.13111691269876746,0.13279558246503104,-0.12655142558883864,0.23965612130678296,-0.42935765220736455,-0.042618614964471106,0.2658854423376556,-0.2056731713527041,-0.11832531596385415,-0.10012979513011813,0.27635111855082406,-0.400146528213758,-0.41873459096646976,-0.2027971076640941,-0.028525851964071532,-0.3307716247291832,-0.47891047011979776,-0.23992292566965867,0.020784415360842207,-0.14766314334164632,-0.07680255416087203,0.450384965573893,-0.4752618261144828,0.10134036566111103,-0.14286723604429236,0.28529564393017537,0.12670715480006484,0.15043600082645864,0.47602993227145285,0.2217818388671507,0.2331227271601029,
-0.21402073914461645
-0.032879835990141,-0.06007139124465662,-0.07251205102876936,-0.17253308108286752,-0.35114732208106225,-0.4243815008466137,0.44671615460330716,-0.42060891030046416,-0.32104463170470715,0.35409863737886504,0.37671459318298683,0.412758818676684,0.015227019691310338,-0.12463315092194203,-0.2569347259827647,-0.2681998809431699,-0.1590447335352249,0.10360157289488409,-0.2203510340998573,-0.35624445158519075,0.2968644090823816,-0.4794550489187003,-0.05615646641502413,0.2663441135671113,-0.35045616460635265,0.3197854137956351,-0.18891674775056327,-0.11974971819369268,0.11884429049759533,-0.056643230160186527,-0.13692114999738558,0.16528621567426977,0.4620747780813146,-0.23093412807690036,-0.19993469696876276,-0.3738895797863526,0.0816302443003538,0.23919663155961018,-0.042650408647100596,-0.2836990167143962,-0.15916819525270198,0.28170519053603965,-0.4108783469834883,0.09353086003446683,0.01641250502153933,0.42872560554404404,0.2789052637591674,-0.09339394367197804,-0.20569496317614372,-0.3408178860706323,-0.4997209810196791,0.0069963370599463925,-0.48238981802109976,-0.39549979678173824,0.39712261197572624,0.49539392687004385,0.44063205748656836,0.43906448766908196,0.18804849713775412,0.08419766092498027,0.10457837721147346,0.4684317336978052,0.19682970029745145,0.32520067576020695,-0.4370594716160497,0.14484125255232855,0.4224534161445499,-0.11344630498604688,-0.39815601876648093,0.017066994478901743,-0.2868007098331449,-0.30188990921558434,-0.21833337459486235,-0.09992585728799137,0.08063141103915758,-0.018578151657898768,-0.40246195153040715,0.3674969896695763,0.41536960150321584,-0.12795835443421694,0.3164616549970882,-0.46192657734724235,-0.11492959955624253,-0.39393047540631154,0.06382501103984396,-0.00821801766463443,-0.40392375894110377,0.001426073739592021,-0.4398075503099645,-0.4164380941776066,-0.32636966488358315,0.27679331278328584,0.4994645063961073,-0.14474096494215094,-0.21999399239824755,0.08809820686377881,-0.06634923983668344,-0.264841308348825,0.2344289986803305,0.03140087112944723,0.18414799199714496,0.2126253699656778,0.30908670112674846,-0.247081072134239,-0.24870004427288744,-0.2723259812456453,-0.0043062164417084015,0.25029469745270727,0.39349212776546777,0.07001186903489363,-0.4849205055811795,-0.0994300631945795,0.06509201349542494,-0.2940188705088814,0.09872035392120994,0.24507366482600482,-0.3223842296456792,-0.43619304887754046,0.14355515863816262,-0.4058736975644977,-0.2902224862626172,0.4866436998540944,-0.3561903620465189,0.05660933233572909,-0.45644116737212176,-0.23993219967284027,-0.06749497025229485,-0.3007023354485987,
0.09603757989837831
0.34043825456216403,0.16150038520954657,0.16054189086603143,0.15286617439536876,-0.34797198752829694,-0.47758865909123466,0.13151865377401134,-0.014630639156940935,0.15311619906044976,0.49529155867733327,-0.028131440884909816,-0.17448376184435593,0.21102819154647595,0.02905973722118701,-0.2839324277315123,-0.3875529736381809,0.10020533159131756,-0.14331796646341988,0.5011856378991035,-0.40786364757739424,0.19578362134328564,0.16245855683157054,0.10426989399177156,0.22529155056623054,0.35120407674595616,-0.403212853294562,0.29433043473885256,-0.05139251655122898,0.412882565998942,0.44059999278448225,0.1176957909318559,0.39695103188314673,0.09530507356642934,-0.2301917524575909,-0.22234625247889112,0.5049662838190515,0.11433285013596707,-0.0041766860086282255,-0.40176733490211186,0.009798864482220022,0.1332395804928617,-0.03100951788822866,0.41929893184707756,0.5148084733575343,-0.14307779416780828,0.2754211822796306,-0.4797278932942,-0.10488191191941233,-0.047943691861701866,-0.27350037905343605,-0.4290599873511575,0.013643099317849738,0.315883868312449,0.13674446296274495,-0.06706820145801827,-0.42749602789162217,-0.23628927816799397,0.4762577102042183,-0.4271694630518657,0.38767014108794323,-0.25955621911864313,0.4314776411606162,0.20109426701604216,0.28024778701276515,0.04008151192723537,-0.2126522877412621,-0.19520710870663074,-0.4406164815476254,0.21371366026298197,0.3601568760524897,0.3125264439859529,0.396753433637555,0.4329021692081755,-0.37454134914455856,-0.3357716172508573,-0.09281030441766984,-0.2893010476211132,-0.4499645328235116,0.48299069963507957,-0.10021175091799255,0.47318572853033064,-0.20035633305332387,0.40803617840511247,-0.20740017593819687,-0.0324311190765009,0.022080516126461332,0.16987386888242048,0.0726858842729623,-0.11839413427346565,0.44877581245675163,-0.13568763427973218,0.34121446266392963,-0.0768988171069067,-0.36301690029348943,0.1871810162468785,0.39131676410196975,-0.28723682497193,-0.16007844980581248,-0.1548274534825737,-0.23148089510080055,0.4138315271471862,0.30951229320981793,-0.299708484565908,-0.3997974244844015,-0.25686212340778486,0.29952690580896046,0.2924651504515811,0.27145511371510744,-0.16838705811832438,0.3738413827064975,0.157927280163381,-0.40615202578407694,-0.3644631607109176,0.41037750474615353,0.1514897892928076,0.5089614050128423,-0.21340029152506737,-0.25960512076880965,-0.437488048943932,0.0355025342082628,-0.14479850677153824,-0.27526797276621573,0.4564602820238449,0.15541446515747076,0.08128802400633416,-0.18558303358699574,0.507433607892978,0.03278013841412903,
0.04611041580122469
0.2871802186444755,-0.3111538329206129,-0.14970166125934936,0.11398309116909279,0.24182163090921902,-0.08837690689005895,-0.025929474989805034,0.27882419031878936,0.3177023528833654,-0.35744999836014424,-0.1993709976237237,0.3509680178631544,0.050401366738413896,0.4369850616364988,0.20651567120527356,0.2892849138188293,0.30710517745539356,-0.35879392909940827,-0.38417551083073104,0.4237882747766303,-0.44812545383029295,-0.059770701585304044,-0.11980180907861306,0.4326159570431337,-0.3472230053961772,0.22259156217022216,0.21783175554579892,0.17160239976073677,0.2867831689468459,-0.4279943878187724,0.4266424757902566,-0.2934455530726355,-0.387263227334103,0.0379509019073019,0.1324632499938306,0.4336087735481909,-0.08059270946019481,0.2565796414402405,0.38761734271079623,-0.345112870831258,-0.016239327895711426,-0.05514545683418365,0.07194579234036287,-0.3733806302841985,-0.43684085387718463,-0.32822081741388737,-0.4389707740185732,-0.37059181692321813,0.003688171239789423,0.448212192602132,-0.03866815873096622,0.2975631386801388,0.20003604036271697,0.019236732409275724,-0.30291108693252755,0.04669199686270917,0.27389127785301054,-0.043155644644565096,-0.33151016815618944,0.22446474591479207,0.11895211768643477,0.1662062815835079,0.21406039409188857,0.24206213554607856,-0.2714345166676924,-0.4899373526037264,0.13379285597854598,-0.23426548950188936,0.479288360656004,-0.016283691791726247,-0.3492030198816314,-0.17399769928908906,-0.0652903148539309,-0.02620932564773034,-0.3500290849493728,0.4939323002410369,0.5008747398349078,-0.08302052697267398,-0.15863444268579427,-0.34044676484694164,0.2877881061794102,-0.157270399875948,0.46805034524474953,0.34272645343202407,-0.1744989241207658,0.13573411363299956,0.019488879744385717,-0.19402572447329294,-0.176845364212343,0.10780535965697441,0.02963495566530727,-0.19787688712689525,0.0796374440989053,-0.19132740355726444,0.33281228862755585,0.1429118205062663,-0.2391531035998765,-0.0917388252229451,0.44250725780591915,-0.11092818641156994,-0.3096839107628331,0.335810772813842,0.49001679166548734,0.4470421133062754,-0.006805593647883042,-0.14878715794169173,0.04497657521820653,-0.09511111078399842,0.44540950446486366,-0.40795984058712664,-0.4868893320468431,0.13704744609817684,0.10999816385192114,0.258863221374191,0.15284466460823837,0.23389764992491702,0.42151333904469823,-0.4971162014376498,-0.1839932480897376,0.022961002105999787,-0.2976716605641583,-0.2761548574187787,0.32833929194153744,-0.29780964939479754,0.17869060461412647,-0.47460435229747017,0.08369361955123286,-0.31406383751011396,
0.27437774572273965
-0.29552311593586444,-0.19252543760624294,0.21701554439347412,0.4231260479770764,-0.16783771059314506,-0.3231098228958378,0.39394569075340174,0.16966713847043605,0.08682158274439952,-0.12244304183493385,-0.26495020617000825,-0.4950670560851901,0.306751528606462,-0.47172366418034456,-0.33413085041996266,-0.33914397927150464,-0.10092787001484292,0.3355004574322975,-0.24732688611667503,0.43376363176861654,-0.42384097689770517,-0.2537280448822145,-0.14749867216217133,-0.3924741234197928,-0.37808680706161724,0.37487389125672504,-0.09985197470509927,0.323895663204364,-0.21235363864358112,0.43490796360371764,0.39357823045112716,0.14027893932718763,-0.18993686083004477,-0.5014320471552586,0.31557217463388293,0.42270440080310123,-0.19748632753797482,0.4058944636342822,-0.4106508208427684,-0.041282848379224274,-0.07087026443287406,0.2852583620755267,-0.12716942446252508,0.1206240341691559,-0.03313007147104574,-0.22396648941510824,0.05911806391220373,-0.28758336493586883,-0.3759342131756864,0.1327881673431902,0.4397383160851853,-0.3613316039313901,-0.2535536350354514,-0.3110778034219257,0.23269956762454344,-0.05509797385260313,-0.15262181019154375,0.30258216407274946,-0.229769128469742,0.25513239363046863,-0.23200897951707392,-0.38793401339569367,-0.4837120982398068,-0.3270605732903571,-0.44808468968168125,-0.09965786524490558,-0.33261670951506234,0.2754665951011403,0.15637427210589883,-0.08459800508441352,0.0170752640495406,-0.16414040408732256,-0.11375668567909555,-0.41279738480730366,-0.4662968982098446,0.12572272049158004,0.11367229600984564,-0.2350898614626426,-0.06400728028218985,0.19565454909005656,0.05467230571669765,0.16057837427449634,0.4771922461443844,0.2548108578769641,0.20625517713140537,0.4843442667507414,0.03221614962152588,0.4678757154792738,0.3443876971405379,0.34456355537741007,-0.4743783551442388,-0.2778739873019221,-0.2241940352302797,-0.09732842503941239,-0.22746805996623667,-0.3316805030642523,-0.05182472060666346,0.36322115760758605,-0.31138129033346273,-0.33369953994316354,0.417228325357063,0.3937703189717694,0.05014646031849667,0.04374927152327984,-0.42972968388412236,0.19476719175014204,-0.14172605921866382,0.04341948933929017,-0.490428727245186,-0.4185880442785678,-0.3972958066990618,0.04664392502623149,-0.033887320333398356,-0.4639877397739897,-0.17118232568573247,0.305161067025608,0.1362604615538215,-0.0634742483222438,0.49567654465337607,0.17011964525029236,-0.09791646052234305,-0.11391819478717524,-0.06876351655237342,-0.08920521645634108,-0.01110687947448808,-0.26672547195218327,0.3213973831059957,-0.2986545835903205,
0.003960108524949855
0.3272170477359896,0.006401448056535167,-0.12668884932600974,0.03246034508116487,0.11166072255973822,-0.012995226231175017,-0.3620141231334525,-0.23277481817453152,-0.1889554077373442,-0.2680099688254712,-0.3491676865800512,1.9448523380070337E-4,0.08445734262043317,0.15380480477633354,0.2914883721967469,-0.08657132033001769,0.09619216080220268,-0.3485096054699197,0.25117177404957497,0.1109955792286525,0.1139612924459238,-0.0778903208938508,0.46855078758644814,0.35579287337104704,-0.2399902244580824,0.2611058713018647,0.14023941535884774,0.4408942953902288,0.02164290306846961,0.03284468588995115,0.07754588600107205,0.4089934994497083,-0.3754020228581752,-0.06510077716681291,0.49192402432684956,-0.15230310462787217,-0.25492392800593616,-0.19551698434751483,-0.30569198546420057,-0.32351865336630414,-0.25980239155304097,-0.16465005172554276,-0.22750660616444232,-0.40445915107473185,0.35714007188323893,-0.19022901705835793,0.3452134195990159,0.09335908664654272,-0.1510551847391119,-0.11715409668059994,-0.16327227984962597,-0.25815871981180954,-0.2445292041337347,-0.4511563661463834,-0.4936464525645444,-0.006918950803544338,-0.23709977558667353,0.4507856871026012,-0.22703854226106748,0.19503520809752867,-0.34797657605454446,-0.10098242886660141,0.273336088793686,-0.34644331425369185,0.1697566358033048,0.2858659548244264,0.44292883308190206,-0.04747486205905231,0.10208618707561218,0.32424945289763507,-0.0530501825237845,-0.4111272063469707,-0.2699209721870801,0.016843891175209798,0.36957506709752763,-0.2073816857780937,0.3471132560517427,-0.4195914760323864,-0.2952139301612988,0.4843727304250544,-0.2335608439706456,0.23029362137739082,0.21152493037708567,-0.43885951993438915,0.19373863078258108,-0.26360743368767037,-0.02517556205477965,0.2392350216907329,0.47446015814676085,-0.3426257727131685,0.40349668789502796,-0.14529771821798942,0.4083748796085672,-0.13761854662623133,-0.34661871243601133,0.15625759249088805,-0.31084281588201984,0.40688381718656375,0.21967546796157075,-0.3305568645497478,0.0024894692708076717,0.3616325751321579,0.4153794693883791,-0.34807585515407463,-0.2715909299473079,-0.10442869641565414,-0.23891444399110692,0.23110869364327713,-0.07862957451293777,0.07178201462407964,-0.35423827271507763,0.19353249413126586,-0.30386473988713825,0.1956481323929333,0.3471959387167523,0.2544159548813239,0.22007090792122175,0.48643445462104495,-0.14069077832550744,-0.31604767979405507,0.28786695789626526,-0.11386149068701581,0.27437762695635526,0.3045570011261882,0.020683787463560043,-0.22837840860210806,0.5084821785363255,-0.15786329395326046,
0.2095935827661071
0.3415337461897053,0.38521769936836014,-0.14126012352987943,0.26508180743477444,0.389384870458906,-0.4319722318784258,-0.15997962946452324,0.09114169636906758,-0.43379373150295203,0.3177382019872645,0.4897037502725877,-0.03611017277318642,-0.3955796972051127,0.39464971584212916,0.15616584882256035,-0.4114483099146451,-0.4523306603521815,-0.4414367298735844,5.402770260654446E-4,0.36760193052522566,-0.08915353575317767,-0.3983315011259526,0.1538194684462809,-0.35480573698411866,-0.08611833759746935,0.015765770594475054,-0.4159746968774989,0.429574712835169,-0.487063862303304,0.11139736204030774,0.09016747961456047,0.0130812156531658,-0.4969374025353011,0.3073365053936835,0.45192575705825305,0.31635540342228413,0.2930647391620568,-0.4603062611128315,0.46342681088270343,0.0753830960491156,-0.13525340990520018,0.14300979180089304,0.21382724362904945,-0.10428315837861556,-0.36678468003716047,0.49856629143930403,-0.06564183987449988,0.06691686595066476,-0.030936990140467448,-0.49259592328737034,0.16964466526532937,-0.48887857327577533,0.40194355175514107,-0.3741717477810107,0.2229387884558119,-0.28663348659443916,-0.38764004338223257,-0.488336691074711,0.24637874099708268,0.41043038557486183,-0.2919027963477337,0.3442893869852118,-0.31163386026146295,-0.06732600001334012,0.2863235160766358,0.1368135049053946,0.21108307944884735,-0.362379239870288,0.40271391580608706,-0.3822462095647313,-0.4572941888628762,0.38849276959125617,-0.48228578587393445,0.184462125267358,0.40807595066663693,0.3066953654610754,0.28212713355401353,0.30812358742417073,-0.14002089141559587,0.03731307517105255,-0.12142320104772956,0.17607625005797428,0.18979397373625287,-0.4764287490698166,-0.4058244316615511,-0.15411142542613276,-0.1417342836384904,0.035433614754986444,0.2816042071629385,0.0922961552959378,-0.30179062792417,0.37159956880575945,0.24720934197791755,0.2958787333080953,0.1254286593528266,-0.4913366682847894,0.18555061193702563,0.06379009125412836,-0.22085855093837808,-0.2609051820510607,-0.19809710145479162,0.0774285506913861,-0.26581273891211604,0.1657277108949781,-0.17376088105447082,-0.4816850506830893,0.08782247827396447,-0.065041899790016,0.23417525496831693,-0.11117867689226801,0.43935161782638976,-0.26613397981497566,-0.3680516079343984,0.32899316120418254,-0.2711511880204646,0.3239581937495869,-0.09812797509905928,-0.3822729355458608,0.3904705229744013,-0.374981830514923,0.4132529374445861,-0.02345817467907285,-0.004491021662933824,0.4285746561535646,0.36904722705096665,0.262192009263826,0.06403726553445062,0.4466920472122566,
-0.06970891728452865
-0.17850074935739285,-0.054305583039744275,0.26556930117696226,-0.10134503202083234,0.1550127062814611,0.33274548126285347,0.13609400752657067,0.4589805339866134,-0.07676372219336376,0.06936749131977385,-0.13824686122300342,-0.15689676404402322,0.09430324499286406,-0.045823271270229074,-0.08919274915616793,-0.10323445352053567,0.09860440315301056,0.10220961219913464,0.13402972250864126,0.16389370085299843,-0.095647382401238,-0.3069311886255655,0.24828578846306606,-0.36060947323555853,-0.036973247879012565,-0.23251388026650813,-0.2588163476422223,-0.12475809218792507,-0.03318130827531831,0.11259769284872646,-0.31523842650584216,0.4414618486877146,0.42009468447868586,0.22005689570628353,0.39910732684448613,0.19593568619211732,0.39887150218068435,-0.3419268156559992,0.032320693635558354,-0.4270453453134547,-0.28574452168169634,0.1395136120802857,-0.0467807132392355,-0.5130315227385659,-0.13036105146843302,0.3471206879240027,0.3813817819333287,0.27929567190749205,-0.1319754099008846,-0.06186265413711646,-0.009716533476079061,-0.4492281654581218,-0.31446909893847425,-0.3890242791013251,0.03301309142363187,-0.08109637431016976,0.335651660376276,-0.48725265009729,0.05300524895142468,-0.35442734401570186,0.03428060979320582,-0.1555100454333542,0.03628900188612347,-0.24867702610560705,0.11317248662089151,-0.4224928863765035,0.48539414444785306,0.34821423667875107,0.10870073621130405,-0.49306152615016774,0.21184223918071046,0.07324374130445528,-0.3058865555356341,0.3358546879525507,-0.4521482141755681,0.2183686535680504,-0.07381013867508088,0.3355226800728796,-0.36125390667541174,0.2418101694406461,0.3586970468952058,0.03782666046221167,-0.4791178448388215,-0.20623526475792023,-0.47606221796996556,-0.3095367813548694,0.10500676178768806,0.04405435183824612,0.061452115852067765,-0.04164391680226171,-0.44523832960465437,0.3420230534892223,-0.3320640635786662,-0.009083227192608002,0.02036278762150833,-0.12681943377569035,-0.2786620760126078,0.4638086781780772,-0.09137891975655221,0.46639805795441075,0.10952290135482638,0.09555640917655221,-0.3233756847230291,0.21617390236257142,-0.4236495106107966,-0.4713106668761962,0.461642741652627,-0.4447313164906982,0.45863929718920293,-0.18846864981984818,-0.042009605392744974,0.2503776877013907,0.0367947921392339,-0.38281541556816795,-0.10767946168095482,-0.47801241973842334,-0.4372913945327332,0.004776070249082741,-0.23295426977678635,0.2395499033187904,0.20849883357158627,-0.14363223239862297,-0.06056398903998571,0.36948502468814465,-0.4001606659158743,-0.034040255445515005,-0.09959173191548973,-0.3740749872092277,
0.0019241890935948434
0.1785781875791845,0.2231082054601365,-0.34675350240027236,-0.09067545930588088,0.024316916096230712,0.12349606536075398,-0.47128133816219164,-0.49462811892057135,0.3732035840214798,0.06805492045299322,-0.3624167693430518,0.32942385628210225,0.46316972245769644,-0.450843089201101,0.103273056430707,-0.25956235570908753,-0.3592404534941735,0.16424120499974312,-7.475450741268639E-4,-0.338553764259619,-0.4664820034390654,-0.22288748908786102,0.22959267302891753,-0.3191158667754133,-0.026730459297628337,-0.31793767905235315,0.20063858816823754,0.3672391302126776,-0.2939287198774652,0.18135549041108753,0.23059387059913242,-0.42508806646598307,0.26097802176887097,-0.45949119992981613,-0.20340707985580772,-0.2304606904377535,-0.38281464719938824,0.39412837822770874,-0.29532957132294296,-0.21263464535778573,0.23071789510478813,-0.1526861024997304,-0.43941903320518627,0.33361218829605443,-0.3938960129009484,0.003056568138245952,-0.3631651452273816,0.4605738511560167,0.480462824609782,-0.33204090845670725,0.013007855384389205,-0.28890046956857296,0.3688773200427225,-0.2260154886258323,0.36231173818478946,0.025539392709004453,0.2080912695208191,-0.34286608585100514,-0.26339409204444186,-0.2841633339752204,0.47471644347748404,0.04873991923675572,0.11046216910745144,-0.36171722618475166,0.4206118737002235,0.1813918778318561,-0.35890548008345835,0.40001408522645804,-0.4850122407027379,0.20141800124776407,0.11900357907321359,0.06278710495518121,-0.30465914582315573,0.04201694789798572,0.032197160538841155,-0.157344046485014,0.3606327948213121,0.11719613723702593,-0.38214864685748273,-0.4337677470933984,-0.11613352289894859,-0.09017117734212385,0.07448923985949318,0.3717944150906735,-0.385784996892189,0.1907781487801359,0.12973215716816677,-0.2663859487079771,0.16930864794840259,-0.031637783028064706,0.1556762767055693,0.3395313118721678,0.30729709571492836,0.3457865827287497,-0.12357052034375784,0.4915451967370332,0.46281753185594904,-0.4474445646733436,0.06970220787241294,-0.35021354550191436,0.4781088690910997,-0.038086227397444224,0.28393432741849844,-0.44906271842512163,0.07267060743085967,-0.3759647774471812,0.17240164159310858,-0.3791447154032222,0.022604585849506306,-0.20007595106286793,-0.16181778798812432,0.10857285766377196,0.07510317758234558,0.47716848874417966,-0.16541001072498465,-0.05118862195202938,0.20003964213460132,0.26584711464660227,-0.18058048036868823,-0.3619052791869114,-0.15791396077166486,-0.0053669914843503825,-0.16791751455784204,-0.1546811021227398,0.42573155912793736,-0.3713856009498377,-0.3714340173324872,-0.1154322218979376,
0.041300340235053454
0.2528427293677465,-0.33481496216201356,-0.44122967924660866,0.4057808173217631,0.023849193041495496,-0.24852163900090318,-0.4120660497272268,0.26149115176032683,0.45621695900303333,-0.30880513196178005,-0.0942034376525786,-0.3304196555017178,0.31306845538194916,-0.45821398531033264,0.48066650198241934,0.17357929826610569,0.34089855963757737,-0.26309763295235955,-0.46695641840107777,0.09860678655748178,0.2843052806907666,0.47756228390004635,-0.4198561062741689,-0.44643098307953766,-0.3004888859016598,-0.38290180757971487,-0.0664572381862331,-0.0035613188093452258,0.49898742344238667,0.4273225171680687,-0.19807114335069032,0.1067532607456986,0.49302338756213376,0.47555943977746556,-0.38333815666731186,-0.2873852809267008,0.01581892028545722,0.12936512561174432,0.47339903894341445,-0.16829618620726747,-0.25046414740040934,0.16917370764004316,-0.2454724682676568,0.057084483097732015,-0.21656445039257047,0.06345060851156974,0.2242065161490446,-0.11891601276475934,0.35140588879786167,-0.03855005038789779,0.40352493976958576,-0.2052610685972674,0.1558793682780838,0.14350187654418248,0.30132067723921313,0.23094390685536942,0.24315946143312353,0.25602133929617193,-0.08958981904361066,0.11787068924514608,0.2352993475303623,0.07946928790728856,0.4182615514370356,-0.18654040196721106,-0.2771463783679158,0.08756634068228938,0.28988002361986986,-0.15000162194673622,-0.42600437117606477,0.4839747242729331,-0.4762531927979635,0.39908709944271753,-0.19386708751471488,-0.27322008814301885,-0.3718665451026178,-0.2984858168115831,-0.14870831080336996,-0.2867741789652328,0.23397787147650162,0.34558172346465055,0.009917272780284201,-0.39661132195145743,-0.3410976412520397,-0.09144708218447915,0.22993428078908015,0.247678559801708,-0.2676490009399253,-0.19486807082227203,-0.2316665974266149,0.20651193950977592,0.34496225799429886,0.09313617668271376,-0.3655516934628134,0.17351095999641594,0.3652584334570386,0.41970617652453457,0.4700492653048708,-0.05329120715714412,-0.1931350515193157,0.13135767901612233,0.2592129727963866,-0.16547475284636526,0.3190225013697834,0.214769437681896,-0.10249462650610297,-0.10784878316340682,0.19370593916235962,0.31565273259842164,-0.2564824484767449,-0.08864970173820744,0.03444153403335305,0.32981536232720865,0.4574268553215749,0.052473197832690305,0.16533097857071152,0.2087653264039963,0.2813999069955748,0.40980974535702,0.32565289163385597,0.021268471793844033,0.4920534132854505,-0.42629869070797377,0.05531557538634563,-0.05143617498401687,0.13917105481640685,0.3400171695064078,0.2682516931116243,-0.3481805162017125,
-0.3628484377160132
-0.1571570502674778,0.20432215449352326,-0.1856333329367883,-0.3615485542745431,0.08475196297839696,0.35931085903779375,-0.042555044242170256,0.508982176730077,-0.3340140582578037,0.5183923742913924,0.4008942264855341,0.4383260975484529,-0.41768344043857103,0.46011349625974246,-0.3224399061360095,-0.27137495908149484,-0.2761611815509804,-0.3495065877608015,-0.23303241466767335,-0.18687469457632014,0.28042068024508726,-0.242202507817144,0.3592626990677593,-0.0018764773106115015,0.32934319944783175,0.3742524426778773,0.12243080933550123,0.16522018380292844,-0.26551605923060645,0.4092273928237549,-0.15945595393060863,0.38499553292141003,-0.24022129639955742,0.5164511885688311,0.37899373487915694,-0.20237828257471702,-0.0527750932555593,-0.2590976633243678,-0.11379490439454501,-0.2825272023456141,-0.14992180075099615,0.23681917120053808,0.13079577310059312,0.18645750904085295,-0.14358347442838632,-0.4932605866494464,-0.17242757540480344,0.3214268450696167,-0.07176009140909988,0.12947945917631667,0.3807560766179059,-0.3404952591884844,-0.22218282247989704,-0.09902611365218617,0.13920446796976904,-0.1283754240730439,-0.13975724569927525,0.4572160956528511,-0.4425040836629404,-0.33489605784463067,-0.18451004461098092,-0.26131936199732014,-0.374409309711309,-0.31093226680865804,-0.05197387461129271,0.37221081967665953,0.09677990873725982,-0.04370817369596042,0.43304682516224363,0.38816371636868874,0.21976410890263468,-0.002984286091346244,-0.16963551098705648,0.27157647947874347,0.4923932633423097,0.1381643908057382,-0.20953337577380698,0.4606514210734297,-0.061037280928423046,-0.12861666207012568,0.11350631252327804,-0.40155565698850587,0.24817851432358326,-0.36938656538575626,-0.3389950543161685,-0.0988193080246938,0.27682243376294735,0.38730642772062157,-0.3516211020522885,0.19792650158860717,-0.15033408781906157,0.041840394050951774,0.38645325747649295,0.17675285524255605,0.029328596434880005,0.2806085665370345,0.08012383177236897,-0.18102462448395767,-0.1290372169130658,0.3817247016317567,0.4346602260135378,0.1426540004977493,-0.44024499776976117,0.13201737229782093,0.23305702371158168,-0.30030037484990746,-0.4455307227628446,0.4649611301520262,-0.2628405926302696,0.23083943589378983,-0.19243444803102297,0.17168119299875356,0.20858943577464206,-0.1922703245610076,0.006319946208411949,-0.2654270374580743,0.06435970477360661,-0.16855986043008306,-0.25728530494623175,-0.203471144142645,0.292870996616139,0.0667808112398751,-0.21544307563381876,0.2872618463979939,-0.10003131938672993,0.1030089517578006,-0.13894651100440583,0.2891360564581042,
-0.43182181885125354
0.16748821147788764,0.3119749130818778,-0.4163276356364739,0.3090706925244321,-0.4808971727095974,-0.03591025784682607,0.2517243157455676,0.10806210889879259,-0.35907818388509827,0.3283464339173103,0.4963138271691447,-0.4330647007778243,-0.03431181159980612,0.41968781799217314,-0.44773801491224596,0.2913112060756518,-0.4672074709290203,-0.2425565474907798,0.3491872857747225,0.4825794737865769,0.028612544688691992,-0.43853142309063825,0.455502868721663,-0.3536094372343335,0.2659120988970472,0.1879903888426541,0.1747882544389215,-0.1258825843173468,-0.07508075596737462,-0.004469636194821824,-0.4486973031230075,0.3445567957169835,-0.493385286682087,-0.0023774208578812264,-0.28602195018873733,0.3143055256656498,0.3794538942321193,-0.09936723240525634,-0.42388240598030685,0.36442414545255747,-0.1555175425843461,0.3912548929825535,0.24725088632186337,0.42652787133288905,0.03827735515606511,-0.3542190230111793,0.21223879878759375,-0.3346224380052519,-0.035957890043083175,-0.2915092460309555,-0.1871642347597433,0.12632976232346432,0.38168566888741917,0.22433671385668047,0.4421014078427991,-0.47963692562370014,0.38722449648202223,-0.2347426143290074,0.09546841150508519,-0.2901954959754726,0.37602747297816513,0.39080677886483417,0.14107852912859736,-0.2328893665010099,0.027412474903385473,0.05282845123029598,0.2037682213328644,-0.3428086754296535,0.04081879055595478,-0.3793026443273219,-0.1364758191457809,0.27138373283412087,0.10283551074718458,0.1517708781904054,0.07921465206880299,0.499254235447374,-0.025031393534034885,0.011227130514761131,0.10730883595218788,-0.17004795200108813,0.28558868233649903,-0.3240177042810104,0.1509742696455309,0.17027532066444687,0.2758601230830566,-0.08342118505925045,0.4500908279719443,0.1648930207872667,-0.06836498322290727,0.45922075498613624,-0.31507629418853583,-0.2911108788696652,0.4888642880746341,-0.011319056920767455,0.33139905214653126,0.04364638100493411,-0.13109959956156766,0.0018474305533095919,-0.2840519198387531,0.19632043230383098,-0.4013654485243079,-0.2614949655540311,0.43388600628765067,0.39027653397566614,0.1424329269948084,0.212348600403728,-0.29286532269353227,0.25741514475519056,-0.0285505485271219,-0.06212291019195081,-0.11630865126257812,0.005728323497167008,-0.3782782867843532,0.10020963822689112,0.1946851939775039,-0.4054831302075814,0.10256913698067098,0.4112328110192124,-0.21396604247132534,0.42987707222975824,0.3694999421556428,-0.08229437063780208,0.044662970774961695,0.3580401716438062,0.23514586970954482,0.0533458244737625,-0.25429371407729123,-0.2533479486223102,
-0.020526148075100257
-0.227608983753632,0.30975390735712666,0.2571476807631543,0.409748009884646,0.1252536931505118,0.4072330579526883,-0.3762537890140094,-0.28577286621152387,-0.04987449766149976,0.48097969773273624,-0.18922791987888668,0.44359693652338145,0.131939747739282,0.17710879644042846,-0.17533951626612007,0.16590253318366885,0.2484226118267534,-0.18817242113457727,0.09082640492094203,-0.07754776917919812,-0.07623865123190635,-0.2993007389950736,-0.07165616710082957,0.3094318394843846,0.22769451530956147,0.10165896273995641,-0.20404740878372588,0.21480356708321982,-0.3446689870448773,-0.32704819613229524,0.023214359933405357,0.3160329863757798,0.06806076222297512,-0.1765072288103317,-0.30174706559933073,-0.010594706272171607,-0.06086042609204217,0.09112224185601367,-0.355077903043916,-0.07552717701995586,0.42649838723098205,-0.22711355413224282,-0.44184818091881284,-0.06842482634638758,0.27469901437764754,0.12451623431575325,0.18282462599228197,-0.373895964771729,-0.366896860462151,0.4904793442959131,0.2716186765995512,0.44200892299416594,0.40562144501089453,0.006435409822669807,0.5002814847679439,0.016412042408403764,-0.033616446755233745,0.14094502389331368,-0.3525639679353487,-0.34891697641850195,0.5092215459853942,-0.24856488320767675,-0.39542556013705593,0.46651930816191567,-0.09932738272138911,-0.43866107887772343,0.2375719971687878,0.0010137598711722734,0.02238903605923826,-0.27068353049707633,0.4741892153530484,-0.16850529421841512,-0.47079640068853573,-0.23447080286423444,0.07238896431330226,0.1644293059673975,-0.14746842895271686,0.09940669292504539,0.49402248702804014,-0.1856129339222178,-0.2906736480668726,0.1090515384104874,0.10830727513097674,0.11681068467165377,0.0023935383025139863,-0.17353867228312325,0.0369861404154546,0.04211494140435467,0.4034295550198044,-0.2665066344077988,-0.029091980531412293,-0.3528625500778738,-0.03559859848739955,-0.15656686340857737,0.1291592508668737,0.31828271010735243,0.3797172760580902,0.2295354951678979,0.04509065302961686,-0.41454891192104903,0.499676783508967,0.3863910840287177,0.30599139160468103,0.28724513437812815,0.3033686910941727,0.4338687894629865,0.217853525669448,0.4885354863734913,0.4015485868179646,-0.27281204687706556,0.03533775272131547,-0.4325654902679611,-0.1996992993081974,-0.04607475908145456,-0.3219345316623594,-0.34375653273478574,-0.25658812645083534,-0.24178112262275855,0.38374886410535125,0.2766787991122062,0.029106956105537173,-0.2033309494357972,-0.44211978889967013,-0.30530740941819173,0.32462283145257254,0.17540912418275664,-0.2744270187387133,0.1508707185407225,
0.1753225294392835
0.041307801950420164,-0.42596969274140456,-0.0789740404240212,-0.45617796232395913,0.2052589012238313,-0.3135114108593485,-0.03135719255931302,-0.40339813064098334,-0.2871401832966685,-0.3865929985648573,0.4533457405730774,-0.14509893521599862,0.14168489018380379,-0.33398225150521577,-0.06902277189070945,0.2789524298991494,0.047437145373650964,0.06158409375261251,-0.3363979481877723,-0.4853245422649846,0.07997219422169102,-0.4160109226286786,0.09360660057267663,0.27109936724988976,-0.06880992578662638,0.47442352153135364,0.3635286834818548,0.3408651700279862,-0.33092665288021406,-0.2715005894130721,0.10315206526920793,0.07312179356607483,0.20976964644454568,-0.37628649186707014,0.024532921215691974,-0.41523592872399084,-0.18717932100937942,-0.16755480242260995,-0.1896040254992093,-0.04077048635892335,0.05157345391933318,0.19447136544306165,-0.3055689401785543,0.24092970335384364,-0.4733004157204566,-0.23789888410789647,-0.4964744960362646,0.05768992607974953,-0.3201734888279601,-0.3874699421723136,-0.41898035022801705,0.3299578904236497,0.43711497548846523,0.4261613476973812,-0.17188149422932314,-0.4351015436964323,0.08445728736493871,-0.22209073877755284,0.37004171819028414,0.012812729346884691,-0.32992028616022157,-0.194801920782169,-0.3326397544968953,-0.001076015992916462,-0.45219147826818695,-0.32692216073946334,-0.20251525828357497,-0.4362254667999332,0.03181287282145828,0.246852452063781,-0.4878499148772986,-0.2658978246443476,0.08607649720015428,0.14831686441384756,0.031571546055715,-0.4539946234815537,-0.1813869180090448,0.34513723602993196,0.12518590341149294,0.21132795066796656,0.1806788704924518,0.3522931034586972,-0.1472969791274679,-0.26769438789136846,-0.4134780346357323,0.10226552064006003,-0.4898834478534081,-0.47602779384895755,0.3418909067987093,-0.43319989214644333,-0.2516945283255697,-0.3805193243993888,-0.2545475559103689,0.20766505017463063,0.4867196623288448,0.36613291497962114,0.4072910901113789,0.4721124588998767,0.34403695178122273,-0.4316904493638698,-0.1674630968895285,-0.42296132541946857,0.401046941391687,0.45621320493361456,-0.3650091741703561,0.051005866881849424,-0.15367985538960824,-0.09236318393775036,-0.2401292018573337,-0.46739885579363755,-0.24505336669237018,-0.05156360967105104,-0.027342221304208294,-0.3011103757037069,0.3786954469743066,-0.4418254889588049,0.4945719840004289,0.2475757177318765,-0.19610612997131527,0.4958073660485199,0.060906488023655045,0.2366726480675613,0.38144538468658945,0.007367228225579845,-0.13542734370785825,0.33970670432388145,0.3851109669448144,-0.11843001791000965,
-0.17190092822119568
-0.13991667433054175,-0.45801062500099554,-0.3195019777150995,-0.48409071811928056,-0.23879820168709026,-0.454894718861539,0.4707708510338275,-0.0525264110591497,0.26814795388788415,-0.26679552239566556,0.010413509861302135,0.14243022430528846,0.20569523560893252,-0.3630122435045072,-0.18203467194493,-0.14333809236800005,0.4329655615625463,0.1871056873584999,-0.09845914232898334,-0.3427990662714677,0.1587972639831452,0.23322982848285823,0.3144155833210292,0.2181988691305464,-0.00553579291647598,-0.23598419171057186,0.10979657407269146,-0.2201696978660009,-0.43744717830188856,-0.3639773393021739,-0.47661887836383743,0.07173836747027294,-0.17182160585505704,-0.217198185219556,0.04298856427416854,0.154736282402067,0.2790466787465928,8.715456594107385E-4,-0.22174515020950042,0.09399069662250967,0.5004922808620411,0.2769555620005328,-0.2636741656107944,0.32482680222125027,-0.039903017232325776,-0.32243359316100184,0.06125249201327804,-0.434539206204231,-0.1415626699240497,0.3313658963125885,0.31040461213610104,-0.31538768026467145,0.21281544324923857,-0.3702891406449125,0.1798200445542774,0.01209630456915304,-0.3689055200086756,-0.10839924566969308,-0.2494551567851364,-0.3882458631822775,0.17174387865541382,0.4364316775093005,0.05629216732931152,0.023414463502021268,-0.07614524496322363,0.08933931692588204,0.21735813605939389,0.3172053202076401,-0.10053164821641992,-0.4316120197041902,0.2666941512155252,-0.1715748683151264,-0.11548233233733712,0.259603483819842,0.10478594524773485,-0.0687021821100381,0.1665045592418818,0.13648615816733572,0.4686736552344882,-0.4680099411426363,0.33696322782277816,0.16935887227155696,0.25095325635895777,0.047366443373318315,-0.2225068666844139,-0.18850221621515048,0.15954605634316854,-0.3400552614600023,-0.46111929929361517,-0.32671741952845423,-0.3611555951213181,-0.21543557231096766,-0.20747072807568465,-0.21936796703271527,-0.133769963966307,0.3579880529032962,-0.3200961602638395,0.4608245604502469,-0.20792757913287632,-0.018605084097689243,-0.46100149513847927,0.42066801013583416,-0.09910661159575225,0.5146804968330277,-0.0745346808657872,0.0556749807873609,0.3204774377972518,-0.03246025690898212,-0.4288047187552638,0.4727063980164141,0.11385428485132011,-0.09221777912978862,-0.09069887863172274,-0.3540048512267646,-0.09005295619822135,0.2788828063291007,0.017635659014683478,-0.28924842645255083,0.4632483837281414,-0.3439531860037634,-0.01453576787441739,0.3063901151546479,-0.3417321774931912,0.1955559250094678,-0.07417659032215902,0.452339685990493,0.1324609284817121,-0.39576552729910347,
-0.12303323814006559
0.26622826446335984,0.22799421054292535,-0.24466618759406705,0.15403475310949216,0.3497558723821941,-0.46034557912090934,0.20964933629720756,-0.05431968779589417,0.06678167132625448,0.37295829158011023,0.005112225732311696,-0.18352160047822413,-0.49904530562848304,-0.3361737483986284,-0.04406412157903668,0.24271311730341974,0.0887835942101803,0.014219944746893455,0.19166220843190232,0.1576135617081387,0.27649028736211567,0.21159402211748424,-0.05806421078266235,-0.4569829806847273,-0.020072431509497973,0.47201543451628597,0.456428235812812,-0.35239441256391474,0.1429373627788565,-0.09433982771498202,-0.405834462301914,0.19023707034195667,0.29149996102151926,-0.04403336745710349,0.3320435887067525,0.4392673629126768,0.06985881070674395,-0.24572610688828195,0.4420133667495549,-0.13948041226011487,-0.10963621765969415,-0.46820010488782127,-0.26235923542038364,0.47658834815091194,-0.13095673776526603,-0.12658596499936156,0.4935090682574255,-0.026174701734142252,0.15124375868076545,0.2650216078839299,-0.48594804925903956,0.10044185441534483,0.32550456278778883,-0.3708407854444783,-0.3505176733492329,0.06016056689793778,0.039512170307772716,0.23635824405157083,-0.2707647999935288,-0.24640627247040317,0.3102725748308192,-0.06173478810096083,0.07202794477755649,0.2402131855101818,-0.4567744605546045,-0.3161374518771944,0.14874647710922967,0.15144227635888552,-0.2562628064019605,-0.15055519083045207,-0.37077713962615266,-0.13671082051638048,0.11464549823765359,0.3129025089889605,-0.34333458033104164,0.14503488183523724,-0.3734895337900559,0.10540782715375362,-0.3337502891105263,-0.010423357080714755,-0.12644050566550324,-0.43678858709248497,-0.34607234136095444,0.029148409576255318,-0.10944299758992937,0.09108010612231186,-0.1778882591726505,0.48290263405784184,0.05230441185947572,-0.3943620544201165,0.4257602311844023,0.006657871871409322,-0.37558829598062415,0.2939981914371161,-0.33416743321639164,0.446452527318582,-0.2550996924438974,4.021392346193117E-4,0.3570061774673447,0.11356583753820569,-0.16389517263279343,0.3861723625285799,0.27124644679233517,-0.3263062761830054,-0.0994887523219802,-0.4022553719744096,0.1721458316360212,-0.11829549080846602,0.12113480129833945,0.39540373115310845,0.08318076583911989,0.23986240163055925,0.22203429841466635,-0.09122717618110987,-0.21504617231410067,0.4160786200639499,0.40301672998452404,-0.3393358947698145,-0.37315881743403334,0.16390022490045567,0.38533910033324653,0.06463897658757774,0.4538709373424456,-0.3191724588974142,0.13439124754941206,0.48114181704512865,-0.019507271857932888,0.22615576553551722,
-0.4161111428808943
0.2940425065899093,0.025550962321518985,0.2943179984103671,0.31048379800497344,-0.2647632615815038,0.0682031852981487,-0.008206536766179903,-0.43142882798353227,0.1624157249653904,-0.22411231825537858,-0.09390212032378066,0.20091548520189612,-0.3792939334159929,0.048460402548311375,-0.36232718110514545,-0.24976172357348728,0.3074528463033421,0.22802239814027292,0.302569105795305,-0.13637207543259638,-0.018412528017968288,-0.29254798798329834,0.4634065235173572,-0.017978829760373433,0.4887897915209557,-0.4492943947447582,0.42305292746381523,-0.4325443548601472,-0.13462366062073222,0.1391857454425513,-0.2035579840645191,-0.4301060178054846,-0.30157484393830075,-0.4683529507494111,0.14191663521029943,-0.22968451654485553,-0.11278666029164529,0.3688352722968324,-0.05674425402903796,0.3201409522132594,0.07623311431608007,-0.42987840959782886,0.4820764125563298,-0.43218345442244666,-0.09442086139355055,0.05247192781420499,0.24540198475630787,0.4692861812975371,-0.06695189070496976,-0.12100743458898618,-0.2781845444187362,0.24702008328807043,0.006091611631496817,-0.3341631808101421,0.34108307292187073,0.2376170337980082,-0.17167376892981853,-0.12498198982400514,0.20442192428088535,-0.23164542538578603,-0.02085158646321395,0.2651373727230821,0.5012253546407958,0.04782161153404106,-0.35991099794259895,0.32838702219608273,0.2246826046820844,0.22919768129533605,-0.27765101990231805,0.08342095033424878,0.23372495426921894,-0.4207144432446867,-0.03434725180124772,0.06361644948082816,0.17062109468405767,0.41819883671944535,0.27474663451905296,-0.3105190407173901,-0.12598065356033955,0.10537032587909417,-0.25775304090597556,0.24564834525603188,0.47048502997430186,0.22210595202964659,-0.40754635482016505,0.00470966442327647,-0.3532237691809591,0.3088665924868318,0.2432076820401976,0.04250463495172154,-0.30692037253648713,-0.46120803162346447,-0.39846640150162305,-0.41643820593677655,0.37278922577238477,-0.46229629752036167,0.2046321942357812,-0.08223369481917327,0.08997470339718168,-0.1583169901112914,0.3747982780795155,0.4153146471282422,0.016894763860789974,0.26118522508636993,-0.11779853179803317,0.22356281491824725,0.09788136951853085,0.4188039085153215,-0.26709157083317275,-0.4162489123715639,-0.43091569260035195,0.45259984540514725,0.06107575946088842,0.29820553918844084,0.1481663717026407,0.2092755237659223,-0.26256588409048154,0.34253047245742846,0.14406217442615574,-0.2912482409312332,0.34280761852588937,0.1356341618870124,-0.25591735949866173,-0.30534672286277853,-0.260617936612702,0.5244637193438098,0.08871451443341467,0.2902499204379269,
-0.18184229262569812
-0.11496866147734847,0.39209155855308636,0.03795785596560547,-0.3668884377168634,0.2865207270561793,-0.48032914736999943,0.2516743736506944,-0.20239654075615485,-0.45147601696224776,-0.1392030181898832,-0.2133159727853906,0.3081379971111104,-0.301533199082605,-0.29598863561971445,0.18494263480995968,-0.4372185693307498,-0.07015084084135301,0.2494970385357,0.49674845726688016,0.3770179759513273,0.4615462101902661,0.054620782092506044,-0.11357702358807034,-0.3597305802875816,0.04223300369082092,0.3074676493991736,0.19146198777847817,-0.13214737551977257,-0.014059879666851299,-0.18909024047825315,0.31910662783122373,0.04023306593227381,-0.42690870341582365,0.20817081286921785,-0.15050820207278057,0.15357590706575203,-0.2963734054779411,-0.4319797519370162,-0.4342413452834238,0.3418673855109776,-0.17799370531319128,0.22182416350141582,-0.2645974296975564,-0.39816022524192135,-0.01954368822998609,0.2181989212726598,-0.372590528053025,-0.3658731803882458,-0.4804751253823103,-0.15221782373922693,-0.2523282370573674,-0.4677333224790258,0.25574259310979686,0.006888686119996888,0.27825248085600457,-0.45681129970119216,0.27205446689668594,0.3376632352809269,-0.13346296868474944,-0.45336866862435576,0.2945610786765731,-0.2523773077877538,0.36678231262633426,0.3496840752773031,-0.4154322123528363,-0.33995092747893263,0.46723727601051473,0.32007903420326594,-0.48134981550513833,0.47465024442135095,0.2123010972641731,-0.4092634204506903,-0.3156812456987514,0.40213841545865503,0.059088296541429004,0.3597104350871642,-0.013222636517086514,-0.05722957557083671,0.042709983187904366,-0.3478642330613162,-0.3180667071330191,0.13790786377748407,-0.33672763923903176,0.3700154446059221,0.34096166769120767,-0.1690618072851311,-0.41009196089393474,0.14992337734156103,-0.34084660973085873,0.1660588062399913,0.007903181103276799,0.23440854483469184,-0.14628498228847253,-0.4132725789113451,0.27826066661854165,0.2810836315952554,-0.19172251403856672,-0.1975140789932814,0.11439202438845596,-0.26261903620604893,0.42382544027902824,0.198817197696641,-0.33910586407080784,0.2966190995052159,-0.28176398698737415,0.4934777921485972,0.07147462286800378,0.501807750018989,0.04038964034798716,0.3874097853554647,0.011830204175258487,-0.19098170725734445,0.38749231695869735,-0.4803417335946277,-0.0015290402044938428,-0.17921833450640476,0.2509781849723379,-0.033488262707932336,0.24680974498326938,-0.32016821758975966,-0.41222414095221604,0.0432010905052544,0.48399873565491097,0.35745186261526146,0.444652504102708,0.39670706393423616,-0.43758722586550997,-0.4727132299644434,
0.16875307650722107
-0.3113217717314046,0.1056349525499169,-0.17043914518446138,0.12219483689337486,-0.2690785353007843,0.4584368375393073,0.23913241626501647,-0.33023881972597346,0.06635761386940163,-0.24161764561546578,0.2741801435192031,0.47280426702851597,-0.33064017404030666,0.1314322216814724,0.05972232306598369,0.26973181003247143,-0.18940047821633732,-0.27099709837545777,0.28012836272608554,-0.23388904411722386,-0.11836294552382788,0.1273796593342791,-0.07621727944260495,0.33297321781137956,-0.09018552946790721,-0.0058993233658876845,-0.406370013846207,-0.4124238327028684,-0.36910641784639403,0.13984335161198516,0.36930981628830956,0.3246135487078455,-0.19037865425524833,0.2429526837436326,-0.2592429225353644,-0.09765037435398724,-0.18580232235113947,0.1476378011373082,-0.010313032360547973,0.0698822051375715,0.2612171765263124,0.20845949080442566,-0.2889225615889423,0.18067855398572755,-0.27832487712876636,-0.022035988565497475,0.3920914506614816,0.21748905445718347,-0.21806370039426604,-0.4052144111291528,-0.34771503608432575,-0.4608213737861828,3.584946463839861E-4,-0.3775641383606454,0.1648735237029123,-0.2501696817118847,0.49245823062646976,-0.3412468901671189,0.47432416241833114,0.26717525752836235,-0.38944432153714986,-0.4932501133862844,0.04380756859545152,-0.1599310347966066,-0.4274878793108229,0.33824395378354744,0.4415855996915972,0.2641268982223646,-0.2938002696578346,0.22566330344951183,-0.3533865397373352,-0.17637689807586074,-0.3040961822752078,0.20474475639273804,0.2681472103110844,0.44815581440943186,-0.18670046451702085,0.20801897367049352,0.1499488441554625,0.17073977012039987,-0.2156019963567211,-0.3333221400345431,-0.41802515828400383,-0.024118816140638922,0.47366552847511273,-0.15182882382210403,-0.03316531532413878,0.15057531446799197,-0.4501238977485765,-0.35301172902769523,0.1769326234893066,-0.2069039215474207,-0.06747538413081873,-0.0897247171646582,0.33799996028426155,-0.3334537280874008,0.33894962481011154,0.021031836923780866,0.0991894621243908,-0.03748568123501496,0.3264852791284785,-0.2797892612332297,0.20609321008013579,0.2903907162622337,0.12093386181428273,0.09058879340523171,-0.11464109860310395,-0.09796371789688128,0.10728847839944997,0.06779321271054765,-0.05047491657507584,0.23763715650601067,-0.16245403844267264,0.4783017759018078,-0.1035013184136804,0.23368819319956058,-0.3436753601006675,0.012849691440924406,-0.3255711538291186,0.3203516071673369,0.4384261295119009,0.3107872948749412,-0.38488734262055085,-0.06486468752481184,0.33936917973349556,-0.0561000183870687,0.3234433049291149,0.05178211518037144,
-0.4030955828157476
-0.033913011796002396,-0.32657509514251803,0.18951261227816477,-0.1569957201311085,-0.3884820807928859,-0.24954869382910808,-0.3417742349482101,-0.002279623381550158,0.06226360472590937,-0.04625020946646143,-0.13418353793798932,-0.25637959384395537,0.061501921652104594,-0.4785605971177554,-0.10963029983967496,-0.14020576360178877,0.11221902244789783,0.4765647556598879,-0.3444963675468001,-0.42121706489330984,0.4192422415096064,-0.08932804919214682,0.02792701399936931,-0.024234980606049946,-0.5017920572303932,-0.35970296005871666,0.46922649505522196,-0.14286119103588246,0.4693334226758166,-0.35009856287348706,0.4082505333642455,0.24521467074548245,0.056977274458131645,-0.11203490096507636,0.08746806536097641,0.0433356396435593,-0.10664405109471309,0.2907596280807327,0.25136878588866834,0.4393368128852777,0.4580267934238102,0.023774993131174572,-0.13202022215110276,-0.0550191404675321,-0.2308419068861976,-0.08168714801030998,-0.2575113785714156,0.02425164490346182,-0.29282706577721673,0.1345693242175332,0.3500046983253306,-0.41058285692016205,0.23906773231967293,0.2217652928075397,-0.27342990653056753,0.3203426382956098,-0.07606094077752765,-0.18222727709773462,-0.3546567739253083,0.12213157325979584,-0.5017495376323596,-0.24766786192111054,0.12937869660293658,-0.48610124894829837,0.06826432874503945,0.2945908127368342,-0.5136306343457265,0.421058871163128,-0.4638258619475687,-0.494396700611428,0.38614307232658435,0.3520668980007185,0.3646651027561522,0.3112276434294341,0.45507307218424226,-0.3758233644384627,0.2664895372809976,0.05967130530775629,0.13502320762887224,-0.33393843148534125,0.15552587377774973,-0.08317588972331579,0.10288253992550736,-0.412076750482589,-0.20828159051478226,0.3255303479303936,0.17147896923108782,-0.4897488013387382,0.09019320672997305,0.00951825076070178,0.3097717079852467,-0.0774083002886127,-0.376214342698995,0.45798491131721436,0.45791423997891884,-0.46669549942839156,-0.4315689375229435,-0.4171784694759881,-0.15661889770877693,0.24673586617772433,-0.15641432219925064,0.08836353573670716,0.4800817693409689,-0.1531176547488449,-0.3469668129618586,-0.3720056829813805,0.30047066334670086,-0.08789878080767019,0.29177446997244744,0.4282917610678622,0.43225374531625366,0.21179874000641866,0.09664101032101227,-0.3208270840381686,0.3433223307437486,0.07915005121459467,0.12531885026541778,0.11874748481504735,-0.19814229252118642,-0.2530043079335672,0.22933998808279688,-0.42497855873920426,-0.03206303406014891,-0.021701227833677623,0.4615447719642076,-0.173412031886956,-0.42204453978018713,-0.4496605075160051,
0.3496070203858917
0.3881633304815565,0.46177607888940997,-0.05075376863393326,0.305665828164593,-0.022350832317163897,0.11852914187113285,0.0784103002291667,0.06596159033817704,-0.2551754745434788,0.28847303974727656,0.20476087747535576,0.10961658375797419,0.04514603741240778,0.2097568256840383,0.3056434951565231,0.15546313501861622,-0.2821973229867398,-0.3282978469160071,-0.19078568282397562,-0.2486311088277341,-0.4470199956917645,0.09627857939207193,0.395766326128383,-0.31726906959730017,-0.28288135058150227,0.13303540038584863,0.17859534006549305,-0.4172762045849338,0.39543929523005045,0.3104395496086346,0.04822392505430099,0.364610607074819,-0.07009775480470742,0.011646627996489023,-0.2348400427992909,0.1252026458605041,0.11384037014493811,-0.3389733129317184,-0.12779860623075842,-0.46235449368888537,-0.41217040371329006,0.2751557394770286,0.32800657282760376,0.313036970322007,-0.39792849286916454,-0.21441322710640115,0.4530197294106436,0.24627029571966783,-0.2006715110057322,0.25371093643990833,0.4907613426923151,0.48699741704941807,0.05890801676251401,0.02267578259513417,-0.03969657835354993,0.21432004562193444,-0.1257347055108627,0.11984480103932535,-0.3081467660788942,0.4952847574992361,0.22966152188118097,-0.44535449605362853,0.4378655708156521,0.2716308599875394,0.3458057519362724,0.2507969465996894,-0.3373712283190411,-0.3907701109591514,0.3264944518585761,0.028002037131758476,0.1601964058764663,-0.027684689495883347,0.1280143201091106,-0.23500907033478038,0.051507891585080665,0.13212361662565558,0.0733556162579212,0.18221740807032938,-0.33490533718789806,0.4821785957290247,0.47010145784882723,-0.12517584179264635,-0.13902495257796382,-0.11191728332468115,-0.15801965186238462,0.14413694087669324,0.36562432610146317,0.019146449186476334,-0.2873475555553891,-0.10524469400646985,-0.24909479368998172,-0.03421039230973347,-0.20584772900094017,0.4025322901851044,-0.14489400346790804,0.32881840783936966,-0.030880557803472167,-0.024265485327830117,0.44713458546412366,0.41350492837247393,0.474647563046901,-0.33026636764703615,0.2890343515775581,0.06453620490875059,0.2259022513983235,-0.03237561226922424,-0.2526814184743354,-0.22513975596256944,0.33847131485327386,0.1044967069989965,0.4736957398906393,0.03130332733190991,-0.4917343230566543,-0.06402883264837585,-0.09757553339287134,-0.36570871646527103,0.051493525426874055,-0.3774868061288611,-0.4707719466820972,-0.3886385060603164,0.09853312894653386,0.24487643153207755,0.37197440090273076,-0.4335664408555712,-0.34238683112072643,0.2602774632870459,0.2748012558996517,-0.07248398759402272,
-0.13828036427380308
0.27935558519299875,0.17386283795401397,0.1891329811962322,-0.11193558996206085,-0.15985631769544745,-0.2908687201607052,0.48917603222079636,-0.14708800267495184,0.122032128324249,0.3516699484309736,0.13732083262864203,0.1879188519461896,0.28445400947435967,0.16016033775746286,0.3509393809269087,-0.30952387011893084,-0.17172189623226627,0.3916142093909366,0.3086964559615291,0.3399989819253292,-0.33157958067773885,0.16521321676018177,0.15740245219819018,0.4440677405801962,0.2068578181075061,0.4620973261949494,0.4990606000474499,-0.36584689613277627,0.3409668770064507,-0.09498916999061766,0.45080625965279975,0.2106729236089109,-0.018904653617271967,-0.24783268091494673,0.43388312017513986,-0.031501649880077434,0.0520652345196254,-0.1393738540333758,0.2386846000802684,0.461659918361138,-0.06184108730520086,-0.45452093072705974,-0.2777176148261766,-0.46964503621079523,0.05556926096244248,0.21903152020236094,-0.38445938503473037,-0.2203633078597567,-0.4902085554852815,-0.3833073184805855,0.36700752587209345,-0.36822354204011987,0.07895495527869259,-0.20557084674851944,-0.08678741213662895,0.24012996877418813,-0.292704325285991,0.10367832135162364,-0.37002422913697103,0.08606556719545227,0.2711091902987749,-0.2700531029808157,-0.15748832976150107,0.42298528749910963,0.4362542816718589,-0.12201209170806496,-0.376599043102808,0.157906765770962,-0.08071218373664289,0.4493875304387942,0.37539174567751676,-0.22095223833966054,-0.4508247932839445,0.24617042287023796,-0.14860444121094463,-0.15671826739502068,0.12627005997274196,0.14393826496406387,-0.4754462921710908,-0.21058731034404782,0.42016545385206105,0.4810982160829289,0.3891450679097052,0.1352700885424216,0.27230722165512655,0.056649121666532035,0.15338381204776438,-0.13133769321510572,-0.4932348024686688,0.22615233784912497,-0.1941410033974943,-0.4428820354756129,0.14038482997645899,0.4519106809562004,0.44716065211790534,-0.47556442183308706,0.4008533411612634,0.19320552268820002,-0.41638067408774077,0.054482527586550214,0.1616721410552486,-0.26182085940451183,-0.20129597969052263,-0.2996398848204941,0.40791896765151836,0.33472157862981106,0.01894543116310356,-0.05340342148752586,-0.2533915292354982,0.36338545636957426,0.13751218039639374,0.4592277283403995,-0.4791601719126262,-0.3330301559959754,-0.38824249222612695,-0.30783440181560123,0.29066624182712103,0.34128576160756774,0.05785812061048557,-0.255587752073845,0.3549658100090282,0.36929817104304186,0.39328710741754724,-0.3660980342081334,-0.32678294045089534,-0.4204726457415637,0.16595847338109293,0.2887135712271513,
-0.019683439288616406
-0.4164541924854388,0.11223219393571901,-0.15905086263245852,-0.2673345972368844,0.3241570214598211,-0.479451337080717,0.3947407492807761,-0.38431469773184357,0.4963723566975551,-0.30216578982526543,-0.07106443585639485,-0.05642708119108983,0.4815185127932344,0.1633518919136833,0.0709535428683579,-0.34993479802475475,0.22112440294587227,-0.4130248320183469,0.24994932468709444,0.2070327377959057,0.40416732778742026,-0.0014800779948119722,-0.47407589960713525,0.3571115757740379,-0.26915968755023184,0.13986631925949697,-0.043992517478173176,-0.3726732236481477,-0.30891410511582607,-0.3447993305235383,0.2241608134707108,-0.016058301059376397,-0.04174707848944253,-0.16201488180396584,-0.057777649909203,-0.4717085881198138,0.019607070893874107,0.009924579453019371,-0.0819985421733355,-0.4696742567814896,-0.40915749140956253,0.15552080791008152,0.3976945669201612,0.15522847810770424,-0.17877671424466454,0.44977930491777474,0.37821081586131755,0.20645073008136416,0.3299181761568034,0.2950340715985772,-0.3203397208948284,-0.16019056526575115,-0.3666202677926599,0.17540556214673306,-0.26130497882978865,-0.23956517816898878,-0.3950754541557595,0.1687051116148832,-0.31496063852746126,-0.4675949654571287,0.23486209613545064,0.0567543227766594,-0.34362747147901634,-0.1940217294427836,0.007781114809407396,0.32776316757140955,-0.08750437495535643,-0.01869512669173867,0.014989934238181195,-0.18641670839519725,-0.2658816695398306,0.4566769567899459,-0.048403508089310876,-0.31259771284053456,-0.09809135556882162,-0.004428005721521761,0.08552155367089001,-0.3943137817661951,-0.12133857379352973,-0.10360155152735012,0.27260095308425336,0.26051799608223547,-0.22742080283255445,-0.456569768986918,0.16514881726915231,0.2647829172335145,-0.4412237275767798,-0.2562541368834324,-0.14771605468829888,0.29853868286322777,-0.01698651868884453,-0.37940551258383365,0.21126947280687522,-0.2631166474571776,0.14119704236213412,0.2463026301629329,0.42943633799855996,0.4671646972474858,-0.39089952868479577,0.14850719961333048,0.31205564485161036,-0.4961249275577565,-0.25125017614494827,-0.25942416023969966,0.17702812395984255,0.03064293682938462,-0.3002564294716077,0.357187255545288,0.37550904482864034,0.026571411663575493,0.33324028392095356,-0.1029831432771256,-0.2610204428000722,0.12620793948949216,-0.4549035235367252,0.3810861429673851,-0.4725830224953324,0.49447215500371794,-0.10237601040991383,-0.36439736467025075,-0.21703418254277268,-0.3911496470304683,-0.07663373734170549,0.024091015798022416,0.36723393929035764,0.4091445765465234,0.0700655569567861,-0.1760773645798683,
0.3568592775466937
0.08655652996402821,-0.4076250434645015,-0.050454701816921695,0.41386026790854785,-0.2020943554021686,0.4575840905862138,0.060396237588716525,0.06308253631283745,0.06273984411293955,-0.3060861605325307,-0.27016927171885186,0.4262339318212368,0.0937949164033666,-0.4988455364898606,0.18537091749581086,0.3331578334611252,0.37151073112343086,-0.22669805939341112,-0.49299571773982315,0.41728946595528127,-0.06865483540748885,-0.28768640536341455,0.32785753224400443,0.2312015155018249,0.2520127160716247,-0.44250559394535566,0.2332391490705017,-0.4573018348755418,0.4803555538983108,-0.4353135431428969,-0.3689146983076623,-0.3469157645879463,-0.18668134255565896,-0.20643196097683641,-0.31879992871546575,0.2192692790858892,-0.01835408183473583,0.4106915573092859,-0.05231947086038886,-0.19084598333887753,-0.2792054638872665,-0.31718020705159206,-0.23396003078771535,0.08562511620297178,-0.37967802713750703,0.14123738692339263,0.163601632963752,0.3292304010116028,0.30597183271343026,-0.23489880985824346,-0.20348937748554494,-0.2638959147229693,-0.013831922917608371,-0.44540912125633764,-0.04728137279638803,-0.13244484612321408,0.4891604316367188,0.28540762170768447,-0.2284294303685292,0.28675014288253814,-0.38003830435055613,-0.4055421056066421,0.0762626926219819,-0.4823723742766929,0.19605940372126132,0.4139062676546222,-0.22453369825862265,0.21584587402016175,-0.4620312928797758,-0.1259495080318422,-0.4168472207881845,0.4658905501614593,0.17217834793185746,-0.19187228154326863,0.10632699601871863,0.06435815457072455,-0.4055368390483092,0.2676511308758455,0.4810754274587608,-0.29468825344227,0.31363137633401894,0.3941917087540405,-0.26067438957711464,-0.08790862094986432,0.1848310306906039,0.4078154448934724,-0.23882792094425925,-0.1953989521559932,0.01241933597521897,0.42165687142734953,0.16471044229643372,-0.2904079833444019,-0.3935745816038102,0.34631417695383154,-0.14864084211036793,-0.08480634987850952,0.08583137402440742,0.07375218325136176,-0.19561660738936387,-0.10403131466944202,0.04503688675987332,-0.2029276987740761,-0.14579373228394452,-0.36090865632228886,0.2654395357313478,0.27240899854154915,0.4601940275041708,-0.0994327297599706,0.10687534465527151,-0.34831261806096414,0.1681553536398648,0.40404017908491935,0.34974471542786245,0.39460995899885354,-0.4452938855944364,0.4215112794353689,0.20861879179443207,-0.2835331258628563,0.32099792749600575,0.3931232928820008,0.49160686464937403,0.056530261059054565,0.1262922711289561,-0.4129396417610083,0.40323599936870125,-0.14685284567178294,0.14519796814679548,0.3177894267263866,
0.28263277038346235
0.24152404244981648,-0.2676902608980028,0.42401385609555003,0.35435848215219795,-0.03324559121916859,-0.3887945759071485,0.46215974243210584,0.19591365938667282,0.3247670222623125,-0.10777849863964802,0.20707849970659703,-0.4156382506614959,-0.4279139140004695,-0.03196096577066081,-0.1692117182928987,-0.31382641142604745,-0.1258777205916511,-0.40571774405646294,-0.4009995933476331,0.16507184673121644,-0.26143502265135693,-0.07475768209326229,0.318909920652209,0.39010181970332425,0.1568096892859148,-0.01302942577590181,-0.2575534598482919,-0.49477072257098226,-0.11861609225896114,0.1484821060468246,0.26985359873131276,0.15759986091792466,-0.1284797966027659,0.4510738075005848,-0.4292480486640614,-0.044055843402845275,-0.5034756136340874,0.25167411607071905,-0.2196137858959413,0.4576230433466712,0.48883034949195275,0.44897060002339284,0.15354799474619674,0.236670807447294,-0.20363106878641843,-0.056667433000189726,-0.3342043790733391,-0.11548056066205914,0.11335229157583317,-0.032578143897697316,-0.31173503961314447,0.09118995643353082,0.09543199667878685,0.24164893790174571,-0.03222175696021949,-0.0010309696848167613,-0.11134044857720815,0.44158211621181553,-0.37483755602885016,-0.463630889166967,0.05127683647085959,-0.22597953932578208,0.3053887745261057,0.2900241014900557,0.30672767663714307,-0.48276754979762004,-0.11564751913523781,-0.35319184989815205,0.4632127351898315,0.4507446792148548,-0.40594311546228123,-0.010346270527840352,-0.021226735921331487,-0.06341942293253107,0.1978607880847186,-0.1977975003022339,-0.11244750411143958,0.32824419220844875,-0.18778232193197594,0.06636624894565862,-0.42303914206830207,0.4095294299237673,0.1481555570895984,-0.22476261706222,-0.4496704606025175,0.26407292780713343,-0.08696637491291077,-0.21335900019572338,0.23163609383083864,0.42696306165708126,0.2071246249830631,0.06976788761762479,0.207082578911725,-0.3855066956099154,0.075102965763761,0.3218280157792256,0.4787748601764097,0.14327608340673517,0.10515173614892191,0.42882078895473963,-0.15563222370155644,0.2725120558676974,-0.18230528764464024,-0.3827559343676384,0.48444030890423034,-0.015493916795385462,0.1051593200264357,0.46256111737156286,-0.3693412248435753,-0.35946293584144945,-0.2615213524164633,0.4046340716831779,0.21926379849390626,0.4589445514117033,0.16423373003775668,-0.27742141413402904,0.12390705667065978,0.403456413850759,-0.17126267172429696,-0.11537722851471391,-0.1890898127910483,0.36297968461950914,0.07812699119058573,-0.2994723052069747,0.028323161606151795,0.17535401293807035,-0.3003212500693992,-0.17826475597374797,
0.2234254518163882
-0.4840497592568536,-0.16390973217120366,-0.34915460834247103,-0.2135500227871048,0.39994447252749954,0.16497673154866946,-0.21415160857785487,0.1191713780328155,0.4302554998072104,0.11134898917992453,0.08320545528061805,-0.15817243101380377,0.03339584452514012,-0.05053354814862493,-0.17257927829561504,0.0211478128905641,-0.2012900444016726,-0.49655584295589666,0.46886269319161944,0.40007712145430857,0.017113421959226546,-0.4400988169867149,-0.040644912589231544,0.02505158045282064,-0.3877080590092385,-0.22028728622760194,0.4350565366859905,-0.056091057476470446,0.40724540494962164,0.49618521298325996,0.0976447221319661,0.13915428433364704,0.2223431020037699,0.47452308690963035,0.4080360619629656,-0.0755814633355038,-0.2988174006786285,0.38232629529856027,0.38756023322699895,-0.3966733060214378,-0.20257169205495015,0.478519663241977,-0.3395683768711302,0.3271880482774414,-0.13292718850866347,-0.26290454966102506,0.05915349071556138,-0.2798553046731575,-0.10653575070496135,0.48800489721882,0.08693385218056127,0.039388728794263875,-0.055406911222844045,0.386453208137198,0.2341844441843726,0.31762535800180847,0.1152286332426066,0.4531281124289524,0.20383271003859374,0.2301024595316194,0.3240605532292037,-0.21984342888565692,0.3403371738612332,0.14538181606307166,0.08657448948351514,0.3885527956864031,0.20393069716189652,0.166880826522269,0.022922296869307333,-0.2773234425861053,0.04058561443775095,-0.21013543903401344,0.20325838913733718,0.19739384286102196,0.05737822658753739,0.17228180734096005,-0.39556956353002354,0.24930860373959016,-0.15467599313720323,-0.09164408318928348,-0.09716218622148398,0.36983633255808174,-0.022529523442168017,-0.348584783994252,-0.472505220894768,-0.3225778566201158,-0.19196125999674657,-0.1511873909370452,0.3994430505256037,-0.3110164097344568,-0.23264196117313013,0.39557669957482733,0.08445374582188946,0.06996939132967901,-0.02942841455853704,-0.007539879577366607,0.13250293716267533,0.3329083725835243,-0.16138033120953726,-0.41064215764527756,0.2244256854789876,-0.37850584183009245,0.4661649130169842,0.35289046331304397,0.3820540673954773,-0.019033268187043872,-0.058565582867432166,0.22060798842001828,-0.10779765832307717,-0.2800303146841294,0.4401326734875729,0.277437917419071,-0.20971836119895249,-0.16896857734959916,-0.11796305659135699,-0.16868148253384427,-0.27844904219912314,-0.31311618001873437,0.20271906438489012,0.3047278786510415,-0.25543698960264344,-0.3684454023429187,-0.23515079617106097,-0.19299682880174582,0.16997955777806723,0.45209783463042647,0.2668211928448378,0.4864277161535606,
0.26276044413273636
0.11899478435502692,-0.43773926683757425,-0.3667630508712663,0.46154026629410827,-0.33527330437682196,0.1879354878217982,-0.24106520414662286,0.01834255830079097,0.49380956621859645,0.010872006196279973,-0.17160101017538,-0.08566342383026553,-0.0060929054759828565,0.3557888562731854,0.16301377854964394,-0.2875563566336685,-0.20400220605486363,0.15703726409889818,0.4760089919150445,-0.4774991327325275,-0.3698479914806867,0.1697310545824019,-0.004866354490838643,-0.36776207031786834,0.33906970134147385,0.06418866325294258,-0.43992018181663056,-0.12995034645789805,0.22282335510227688,0.22542514503788233,0.18560079492296994,-0.2579982992540181,-0.4543318015809529,0.4716652791649253,-0.45745188185628166,-0.2617115396371912,-0.2148901234555306,0.4532922902165374,0.4942923556147934,0.3179332444068213,-0.15748671873849202,0.4459887057700676,-0.13270181141136564,-0.0012840534367588201,0.29815743845809134,0.3569050714304765,0.3191419539630238,-0.34206971041666534,0.47818790344795975,0.3023942532060089,0.3502239297596564,-0.3638250125490785,0.022724887073039435,-0.24702176817247612,0.19577763277357704,0.44937807607232866,0.40081062852524413,0.33976882781276774,-0.3858855978557238,0.01002534337971302,-0.2127900322737483,-0.3157270809108936,0.3022986060257871,-1.7686740516144095E-4,-0.4334066706849507,0.16074949016565973,0.05254393357494394,-0.3118549716991926,-0.2775231702164378,0.42377431225619855,-0.4679031415222881,-0.16988955695168245,0.31196918246546196,-0.37180625471491224,-0.026072042246017182,0.46295907414782184,0.24865974286264567,-0.3009059166621922,-0.04056379072536663,0.3248736744454741,-0.322821281360588,-0.26480088478392366,-0.10565974617513736,0.3851910594689842,0.25632005015970366,-0.4167036765374175,-0.24654816710986477,0.4244097549288139,-0.2087239953945222,-0.07972017970091011,0.15848711694332307,-0.07124305736300783,-0.20488913708564233,-0.3082935535603743,-0.1352265706936317,-0.4047459442917302,-0.28784823601164755,-0.37630251811013415,0.32900341314836057,-0.3821922453185732,-0.2720328222219514,-0.40394062158764354,0.047236424814371444,-0.48053655167429477,0.34565678054850674,0.10143411794421489,0.04853029500943104,-0.27538081810043147,0.1282667768147873,-0.3760162205842062,0.030734476257462735,0.2555496230698756,0.327010269042563,-0.19077379351075724,0.2968787497801543,-0.11807031867342248,0.42609596644943626,0.44736363492068576,-0.07888067277425188,-0.16547413521697768,-0.016318150029184034,-0.13266778794342848,0.2445206584910816,-0.2899135470915798,-0.4616217851503384,0.12193491896430675,0.12716898033495627,0.4988457227639767,
-0.1410284765903059
0.3976459999970333,0.15939819427120822,-0.20228581515526148,-0.4898603700615078,0.491687631231542,0.3941402049870487,0.08178463827751074,-0.21436536200686562,-0.21835254416111605,0.015568224932494221,-0.3495866258105931,0.39467872159329087,0.10358941672225463,-0.24906533321010593,0.22750545403440492,0.29133648898608566,0.09774486277563046,-0.20064184443156255,0.44063834145635594,0.408993752801688,0.08041917048440961,0.4548053160330663,0.4458584267078949,0.30750707561395363,0.3139672728435252,-0.33570315485868474,-0.34702815779224155,-0.41295489509522876,-0.45737334894281534,0.2182838944556665,0.19842689435933483,-0.30715575496903574,-0.03228406263152411,0.383198327526861,-1.2305533060035084E-6,0.4492752727681577,-0.42428225144660187,0.31809683002661404,-0.478313188751879,0.3525389267140629,0.4151639142275078,-0.19030620617089417,0.1580971761875168,0.45433611471500446,-0.16414356016577997,0.3905222985606432,-0.12677517497096874,0.4189349061533242,-0.09050894042345765,0.26497721626699045,0.23981815507853224,0.20079249305606547,0.22725217739575554,-0.03770083577996743,0.20149109902688933,-0.4350387808870072,0.05608089548768138,0.06400553343166926,0.008026355592283992,-0.31946122128399335,0.33418401717036655,0.05395362653227446,0.4517739218174838,-0.20491222683392063,0.41721157316894014,-0.41300534727590327,0.2881183124078989,0.045111378968749706,0.4501653216620302,0.436655085441531,-0.02457882630352483,0.38841089713859034,0.3044399837705298,-0.36182157073850324,0.07161978451999217,-0.33226273255682887,0.4755730978296146,0.3042409663719415,-0.4171479042063615,-0.16757219532219786,0.07139244359486374,-0.006396084184259696,0.23765768669341988,0.48047510563143997,-0.04424298977359075,0.4886804484946159,0.19054226311929293,-0.12093271263988015,0.384257154567584,0.33667988553508965,-0.0543286203292778,-0.12718202066946246,0.058604929839416314,0.4959774080269302,0.29887490843494496,0.1496654449633914,0.3160295637033142,0.046862230681783,0.059785230631877025,-0.3778601888631897,0.2848037744294006,-0.057006883320623515,-0.23135595144984275,-0.15934111538896562,0.25421850069233426,0.48414496202711116,0.21429643966353296,-0.37059875333513903,0.14571675991601069,0.21120983393436732,-0.38198524086859986,0.47837698941793516,-0.05428572411469106,-0.22416189357607466,0.3446381560845422,0.4556560872995443,0.19970627749631964,0.3796908520821187,-0.17628476093240894,-0.1773685195154687,0.17400045403595585,0.23839261872620884,-0.21269425661747168,-0.07237757593420181,0.08143218520040223,-0.23996482368030136,0.33038858102533425,0.2776165955723581,
-0.23055631827117043
-0.1001782793033457,0.33217768435049067,0.2828899723958424,0.47519924318613344,-0.4153899803702604,-0.24880093008777132,0.479822993325319,-0.21802171373759674,-0.1657111239548353,-0.2250778728117606,-0.3242190398033625,0.16489904992677398,-0.27311772023054987,-0.4937782317077954,-0.07019913368519982,-0.29644550199094083,0.2139885689014391,-0.17783575992021858,-0.07095934465523214,-0.4354561258067881,0.3423903361470666,0.27822529612186825,-0.24547452727420793,0.21212362759737474,0.25838786640287903,0.48454007978500396,-0.05435553843774441,0.4272040366273948,0.05167161098414843,0.17074617023391453,0.06519057753985395,0.3853653746370575,-0.3871058095197468,0.2964847842108394,0.11957951806552576,-0.38740260326416887,-0.09795633528181708,-0.11776736573637965,0.4276350146931647,-0.38511952174466557,-0.26545513175420127,-0.0891549488140882,-0.34050928414617154,0.05091460249468842,0.14810644747322377,-0.31575477836190746,0.44163714793209546,-0.13806889631152405,0.29629361980519503,-0.01992926206991403,-0.36210631117989633,0.39712645905984684,-0.15174040316861806,0.2186720806159511,0.47203337579951316,-0.19311866036734804,-0.2355550979055,0.3615510361295331,0.27522843979408385,-0.0826521966761817,-0.47297247593789193,0.2785283721070159,-0.05816885606800909,-0.2232578115153435,-0.3719186762350295,0.09113083993316565,-0.33988540085636326,-0.37240571908825487,-0.3374439201177012,4.6823061675725506E-4,-0.16850400667160723,0.3489024122914643,-0.03954399914855128,-0.41174957242959803,-0.05121699475608901,-0.2318781160956811,-0.4997423474317281,0.35641658512805613,0.2115855463051373,0.04295124363065672,0.1802471561743831,0.04059513593187463,-0.16818815384745156,0.08987764007051167,-0.3501299930611708,-0.27172850724476594,0.0033239519884955358,-0.38555370908351266,0.3576508968186008,0.051311203409822585,-0.35839884919359283,-0.4755633404902281,0.3916083059398134,-0.09177848270405484,0.30306346509057336,-0.39021418645486233,0.3529994585691768,-0.1666887024950189,-0.4271285687257843,0.24223698787188733,-0.4172352437881415,-0.04075375331549102,-0.08378765627184663,0.4333074384775228,-0.41386340670749233,-0.32361190457266803,-0.2697364343079905,0.19952584392125083,-0.21976797107078577,-0.3470880972294668,-0.018514052325597517,0.015793378497848082,0.28421350266159856,0.3585093730391754,0.08179120647746785,-0.38739941458162275,-0.3123267240566962,0.4727635280011576,-0.22236235918777336,-0.30275987844296454,-0.4928905372113955,-0.24213930049541182,-0.4525458521126115,-0.021021019679048025,0.32339319412651524,0.38962616556242186,0.1535604064706028,0.17455128735401676,
-0.12296925919384294
-0.04374533116382076,-0.3719781477703802,-0.35340012480351196,0.35997931175034653,-0.08573568943032557,0.17281460747708594,0.4253732686694449,-0.272380998959439,0.3581014043720916,0.48124039890780185,-0.09092422115341606,-0.4679805137849778,0.007900400238993618,-0.19487504925250443,-0.051629238020948834,-0.3966356903969842,-0.19672405046396488,0.4041559306091191,0.3484743596245788,0.17835284959439893,0.23658169615602614,-0.013387180021016638,-0.08007158145708118,0.45053716524736903,-0.2571649387824405,-0.09679881404326544,-0.3214017883084103,0.16227748732914726,-0.3158654350425399,0.10140540565104432,-0.0967845059630789,-0.4330061442388837,-0.33504865312449184,-0.12945202458657007,0.4129228638290364,-0.2152558726496564,-0.14329036611616916,-0.1789384945731241,0.3454071350314832,0.4643089229736344,-0.39975894534693607,-0.2536153015193552,0.11748883962181544,-0.40542365412528925,-0.21458991828906168,0.06806548278120625,-0.07824026992393066,0.23501524161206744,0.4059765013813909,-0.49073585689517596,0.12092056469018486,-0.07865655019283775,0.46852603178575,0.12878514797419074,0.43831198648989667,0.257884810127588,0.0031763598362773114,-0.10598713543692298,-0.24896147820338227,-0.23776793677269725,0.010959931495535223,0.42365785387955013,0.012295565258278868,0.4755323492649314,-0.1595952874799883,0.11532800888966897,-0.3042479824963231,0.31191786187158294,-0.48575572910749193,-0.34793209189941937,-0.46910882627651024,0.2127756648065235,0.19557065936023155,0.1744539223873328,-0.015012830377308006,0.13669679870506599,0.13534495278456316,-0.1418711976384261,-0.21273295595818684,0.2348450080437654,0.34202524767352205,0.4968289166804124,-0.4875606331171352,-0.09578107870211071,0.4188312843941241,-0.0810584861238697,-0.3132466873237192,0.24205948170450842,0.30484196213427084,0.20141686274569406,0.46517422604649084,0.19083530695542555,9.277708028996654E-4,-0.40281082099678844,0.3971358261356873,-0.4473990228337813,-0.048399907882216646,-0.33641363548397574,-0.33909321035106915,-0.27877035729902916,0.41576638933042115,-0.12343057679879166,0.4493190913042759,0.17301503415842243,-0.2890120939263187,-0.18912905743265288,0.02185152850783794,-0.021825077363692137,0.20759058652746532,0.44859010526650495,0.0684079077662848,-0.3584914472524906,0.028009137531479475,-0.4322065716504193,0.4522987823851783,0.19672263460227096,0.18762794159063612,0.45962967085248113,0.3341076621763572,-0.35848842201047626,0.3861364377885012,0.3337833772681584,-0.18487773116772468,0.15172404351250024,-0.09215311645905461,-0.062440689768917146,-0.15057117383117058,-0.290316451506785,
0.32167135285613
0.17008450992404853,0.1737358627826571,0.1143263769670758,0.08920682528130237,0.47070221083685204,0.04080995328325263,0.0033411250732221357,-0.1161645796080621,-0.490832681619423,-0.04072917973345078,0.08265618043829072,0.4583809381692869,0.1059806383516169,0.31292209370501234,-0.14319488234398217,-0.45714743545505565,0.17507930257669288,-0.05390599507992975,-0.006674207654781251,0.198290183141649,0.43568703380389123,-0.36698613763187776,0.40711872244940406,0.39402122085234204,0.23570897430244545,0.4508821743205133,-0.44055814424322476,0.08242305767862515,0.4364982787300459,0.32754494570053344,-0.30345101234935173,0.2802003085630531,-0.02917272873396296,-0.2927402256518299,0.1265058077628666,-0.18203439641453248,-0.4036479666644514,0.10858225580797429,-0.021347590655496747,0.2707279905181169,-0.16793944671614172,-0.3845025498484555,0.36929089313560964,0.3406299548834599,0.19840366459072117,-0.3655485150035476,0.12442019217549291,0.36949475560125483,0.3535482051956373,0.2356175845878289,-0.014745571450984716,-0.02544098848951054,-0.08859865887969283,0.10819309692577453,0.3564021694199349,-0.27601447611895696,0.284717427768591,-0.2822533403854158,-0.4318950798762893,-0.24589126622210847,0.09549808272465288,-0.27258433045406777,-0.2611760398417055,-0.36341112731005204,0.4325842970768294,-0.4716328332605271,0.38237092376257764,0.31585061185644275,0.3587806098339136,0.04003667071741473,0.10718639019524107,0.03620332664345741,-0.029807599686832942,0.20722755202082777,-0.29382911670553574,0.12585740895929123,0.39854778755170883,0.4187508112753561,0.4034932065051773,0.20678342872760225,0.25581972801754105,0.004424871577998222,-0.07693749946717669,-0.020461490609492136,0.06267289884859684,0.2699173372322615,-0.42231377472322323,-0.13176083392579271,0.3314368295318276,0.07057333591313567,-0.38624238822498497,0.0431811040427943,0.20564055184308155,-0.2894850427973011,-0.48438059277756046,0.028456601119385923,-0.30244258265209983,0.14602862880061904,0.23463990141880786,-0.13707765601497127,-0.1986819378785603,-0.23102412267679368,-0.32064494393622534,0.0946531053816645,0.045095955867752974,-0.16326580483374045,0.21315244170416847,0.08929513919814347,0.3012213552598668,0.39127597830005695,0.3998505913800158,0.18980124061738354,0.00966655446860974,-0.018823150226543277,0.49726544984607446,-0.11996882861163052,0.33433177797969027,-0.21628189998156205,0.026552633009019444,-0.2717528037990773,0.14237818580022613,-0.31613093449881746,-0.11926193679001541,0.2242332494604171,0.09509553377929426,-0.11300998015318066,0.353352921893292,-0.42667293086908153,
0.4512628322369132
-0.03598423551105574,-0.2780569098581767,-0.38685613952747294,0.10535284037375733,-0.007558499181317683,0.024155541970055476,0.4289890108422948,-0.3900535212229112,0.20008665669250228,-0.19653171990659837,-0.1276396052758336,0.1906217000986097,-0.120573301943681,-0.10667972995481739,0.29910420178020747,-0.21236060835393863,-0.2603640623130451,0.4032841122637395,-0.034566270876141704,-0.2123946161373149,-0.2521693731622869,0.3988977131919155,0.04612448456776025,0.01690623833328511,0.3063052997000329,-0.05058027930616939,0.21434297344598474,0.021463724413891373,0.17646325091581502,-0.3717326612608916,-0.46925429094568566,0.08673619043213075,0.2539961748591381,-0.18989499957082523,0.17594885872290977,0.13139750229170638,-0.33926923336656956,-0.4699876746443853,-0.2455601723756106,0.46816871271795263,-0.3390297774216579,-0.03197731737401205,0.12830900326211617,0.10073188483963125,0.34233794618308844,0.31411314319825245,0.0374206769742297,0.1529239673973896,-0.22673613966047565,-0.2669046451848631,-0.14001545726383538,-0.27011770552502495,0.36347133806013143,0.2921116123604577,0.1931041564109276,-0.28775921201816623,0.4073665253066858,-0.2738218828715411,0.35815885394947844,0.37037773559007764,-0.4647421268770195,-0.4867147130112109,0.09903154488297035,0.22314490039091708,0.2751611118693091,-0.16214714800385044,0.42695006770243515,0.10169089969704884,-0.36342045746003393,-0.17838880520802922,0.2826464909645568,-0.38752021800881603,0.375146602151879,-0.21148373746377577,0.3803286842022991,0.12185426861568685,0.16644545150002762,-0.47847117792005195,0.29184142383374684,-0.3833202758683799,-0.24619702052742795,-0.5059788183888756,0.4661205629102947,-0.4260059002326683,-0.3411472113726418,-0.4396367861586925,0.04691143932382813,-0.42991629870978026,-0.48457454165667135,-0.4626957360663102,0.42070908640150073,0.06101725250029203,-0.22816436383470873,-0.15148189259523775,0.4565260110526404,0.3463042685967167,-0.22080161836808232,0.22275066094403148,-0.41976671487810574,-0.38374361096351617,-0.339085108018358,0.35394716647212565,-0.0787506854697688,-0.4752755070859154,-0.1147489761449829,0.20891471050060906,0.20837628487272777,-0.0835653743215416,-0.3677777103654212,-0.09859850369137943,-0.42435869777883056,0.49473238278579607,0.12928024946492375,-0.46359254183208665,0.1311348715089796,-0.08704011080779882,-0.3334166759718108,-0.1080346812941291,0.3088024407078221,-0.1335362780657544,-0.1523114642347289,-0.4082285009937277,-0.14253653154667764,0.20061609759851087,-0.2828334023649768,0.361476408494974,0.00690659816361583,-0.2095905121659689,
-0.36541260721709706
0.49828263601605344,-0.4958365950150402,-0.11829185230036324,-0.34416081649956737,0.10070461399665762,-0.4458716053066686,-0.24788836198964875,-0.1689495979147956,-0.3701814062015552,-0.44235566212389066,-0.4509232423967138,0.2566215303161646,-0.32260165429992405,0.4000192184746357,-0.055530625119855626,-0.06426408485283064,-0.4085565628171329,0.15680286932862425,-0.07791756652369922,-0.2469807474729415,-0.19939090676782525,-0.0221014205140693,-0.48100786107955024,0.2161427880841114,-0.3550615427666396,0.2972481496830624,0.07001591467159211,-0.33221441008861075,0.15482831287373366,0.014496643514412504,0.12838682287861827,-0.25687181132139875,0.4300680081745913,0.29808365826814504,0.1645122265599684,0.021276343110292632,-0.4501732677483442,-0.3595737652776848,-0.46537459144240334,-0.0937555764675126,-0.4005076107506478,0.42677279575811605,0.49248070059120896,0.23359522004661568,0.41842514352051935,-0.10404165853306366,0.3137801805250768,-0.21554551451026918,-0.3719842396107597,0.4025136482817019,-0.07781125767439585,0.1161873836199119,-0.3753643234656196,-0.017855623332910915,-0.06325827523185411,0.028021205414607765,-0.1504130694169246,0.3155158747324724,0.19609783670590916,-0.026594237147033493,0.2706279237773711,0.28603657235292684,-0.34048641102073435,0.2871049976545979,
-0.362464640639777
0.1346859898501252,-0.4113277841151955,-0.4683652555079443,0.03951251990193291,0.14146568657216751,-0.020130996642890343,0.1744399820417025,-0.07286307848106363,-0.2661722321603105,-0.008679577127793653,0.313098457993961,-0.0575613939902947,-0.15180327895199974,-0.2410840770684039,0.2630951901775323,0.45283535125030233,0.31844066897603107,0.3200703984742785,-0.23282101918011838,-0.02145068778482596,0.2713015997592062,0.19360607640971494,-0.1788673369316775,-0.03844693690394771,0.4566599360349012,-0.11137350594557695,-0.011708043489335799,-0.2234503247192013,0.2818721266079523,0.05917025370069659,0.1262215179147587,-0.005969267379891809,0.28924682502668964,0.08507248951315313,0.14262544938310673,0.11754150364250814,-0.46455960656322437,0.20630322546896024,0.47460287786959215,-0.07587193533320716,0.47827542218115354,-0.4423015940615147,-0.25620436812364317,0.30556963333377685,-0.2726612067031023,-2.074745275042642E-4,0.3960433017063598,-0.4234644262233673,0.13095476472914294,-0.3698811475021317,0.461580172300894,0.35305525137121807,0.017717533107466658,0.3649096332741794,-0.2559587298597155,-0.2886885555355666,0.5107391285004131,-0.17788242482884561,0.19549373672305018,-0.17807913104379167,0.390862400689613,0.4030835265178827,0.4754288677121211,0.1332163331510587,
-0.41051539312721513
-0.3796077424344274,0.2983697904183219,0.4446562040305019,0.2633397563519784,-0.0722477690527483,0.2504871358279909,-0.051023495275724015,0.07174964478101283,-0.23386935060755928,-0.4273940065313166,0.15436225468103945,0.19030853848944396,0.4819649888055931,-0.45563499578009015,0.26460697147302736,0.20677688555960844,-0.1294050316230167,0.18537765975679663,0.04129581032325581,0.0019569165800931167,0.2213238281180081,0.499525608369898,-0.46420315800833856,-0.06955210594318444,-0.0032846240161566996,-0.3956856274649996,0.16613781933904526,0.47175437795114394,0.2839059872610951,-0.2106724383112093,0.17077513721544252,0.48169536610166325,-0.30701943022220135,0.38061367145137914,-0.312351029539469,0.22487449473363594,0.21793757518975562,0.49634514111639194,0.17261840963295116,0.01193580271096318,0.3692326278775867,0.20364069769377643,0.2973308334372499,-0.2575515670445766,-0.37550012684806844,0.39776589269386053,-0.08394717640165464,-0.1253010850327641,0.22129916439522831,-0.37178285605229955,0.1689076808127495,0.48711615350537874,0.13795283726248186,0.4277220186471891,0.3839152263660906,-0.28922247716310534,-0.047704925692707574,0.41610184166177083,-0.1401564637484958,-0.3836722797764575,0.37056378176523547,0.06668953189663544,0.3950342092850757,-0.13686858390163748,
0.48381602595028655
0.39880267865316704,-0.1746668703529067,-0.24446734787062807,0.5381372489894644,0.03206400055851865,-0.322530440694556,-0.2110453833958805,-0.4846943513603821,0.10368402840194792,0.5015719141821017,-0.3615838732977547,0.4948262681480676,0.3352835909461461,-0.3255929163501064,0.29432614751999187,-0.18729919457642258,0.07720715023574122,0.17553802906194313,0.11335231026930218,0.17264158086600206,-0.11113784451090375,-0.02343694222223707,0.33010604101692087,0.13011314326375154,-0.10011955960848745,0.16438934705187974,0.24516515483728693,0.0534353672515144,0.15862649863137707,-0.03620758835173924,0.12980858107005883,-0.2109291635009828,-0.09573393809999574,-0.42071149471971186,0.514752890964507,-0.19454093531356592,-0.15619176291936662,-0.4449702303991864,-0.13366952257183629,0.2884360573584324,-0.11429494247623774,0.49270731192278217,-0.059844659055831244,0.44909074479905453,-0.17253902457328754,0.1298935490009863,-0.41963896128158285,-0.17967355988330438,0.48392143105424706,0.33048647875296144,0.043615314379800776,0.4302124260460251,-0.07204139050161525,0.04005603339790065,-0.019717178994597594,0.44418221763391763,-0.40100030591794505,-0.35592151832718677,0.29048728972474186,0.3151445033973903,0.4793379606217263,-0.16302837584587143,0.048808578908009284,0.28008552881041426,
0.11076382863825002
0.31083623539562766,0.13254003473878048,0.33759449502154165,0.20002061022657258,-0.3028378141300659,0.33623990951972227,-0.3523009665910831,-0.4431859975790376,0.3339136228085452,0.14717376439927868,0.4759799675355799,0.4678613101486894,-0.26555480658778247,0.45941774930868645,-0.05699200869973304,-0.22345405694506285,-0.3442973655300221,-0.3480475357167523,-0.11274241490076858,-0.06400505660047955,0.16371235431511919,0.1921438710901888,-0.45884149704179655,-0.42461188144268114,-0.25676607968223236,-0.10202864994122372,0.07025268381423917,0.034982075024675485,-0.007768206238209079,0.041125353365435276,0.08523350401943298,0.25057235244405496,-0.17060084804566797,-0.39181571049797687,0.1401031115173604,0.10734465285532571,0.3745942981865053,0.287119868425188,0.22611449909805795,0.021338720798990258,0.12570763824655945,-0.2813990414766323,0.3464007583645288,-0.11805909133541437,-0.27558748770122365,-0.274919369089772,-0.13483402974313108,-0.46587462352478215,0.19419068325605465,0.07155268897029203,0.01902767420427635,0.09598890109975487,-0.25978132048943653,0.40096743431427384,-0.41249506378448925,0.24173452893643185,-0.41989895973995,0.06118078039299734,-0.368371150429871,0.3968013120620514,0.03645468009369046,0.3693257968777364,0.42012282945407753,0.3896690519127526,
0.3085527512103259
0.19712934786494152,0.23810719389328963,0.04801198405912665,0.4002963217859955,-0.20385649877837908,-0.15562855071011453,-0.10473849900988487,-0.4900160429476892,-0.06929775245115484,0.17795762994469128,0.01121141654858727,-0.022741808873940637,0.38191257033763953,0.2174816150666633,-0.30051693366772175,0.04347093218482405,0.1588252453635822,0.16302565561588464,-0.48007137641460557,-0.2883607371406806,0.12809725987240278,-0.11187175547523945,0.252565888319919,0.4258903887195376,-0.29774377311304867,0.22538250966513054,0.27102604602171954,-0.2877037080522426,-0.22218235202674472,0.0016588975588142558,0.33970332169177075,0.061772416099127134,-0.41404601366278687,-0.054216498717487925,0.30597539860507905,0.40668974890591947,0.27323078743906937,0.11569105275627958,-0.4094964987933934,0.03612094398651061,0.3005246400966287,-0.5101000861876577,-0.06056208348849201,0.02994233630126232,-0.22544912033296946,-0.22871451461522813,-0.1652261642055853,0.45129156480739246,-0.012023468580545494,-0.1595700603687632,-0.0564884561209355,-0.3931407773853631,0.23486821246644585,-0.3638088517092794,-0.4853924150886746,-0.42694765882597163,0.10942289606035194,0.2508129925642987,0.36436454138450125,0.030218588048505055,0.24594978704815915,-0.202969169556389,-0.2010213345335408,-0.19883985739796345,
-0.2916465679007727
0.12197398960832666,-0.47157966061060547,0.19004684290430993,0.3883083943980314,-0.020080629194482818,0.44632110938442215,0.25267022054844546,-0.3046764138601182,0.009909005974958399,0.2803671572897935,-0.24711173295916214,0.002221621972919533,0.5137050369295004,0.28297286527219406,0.25465277554063265,-0.0032419238895011475,0.38880823733339276,-0.415045503845755,-0.31060871556101183,0.42154339888983017,-0.36346671032169475,-0.31417231882450974,0.1036034132777923,0.34880031100888453,0.19912489879344203,-0.06345194936525358,0.46183456024901925,0.19619024825615697,0.01836053563283254,0.24243412397536138,-0.04067895941345296,-0.37952402983609207,0.15845237581593058,-0.10967956159559572,-0.3581348435344841,0.004531264342211801,-0.20068155417245606,0.2432164575153822,0.3427452106788482,0.13151630168232262,0.023911952948560154,0.43561238819659315,-0.1760412940718824,0.4836873565892067,0.484734096283234,-0.22905831157567416,0.16477236299203502,-0.19236055893569148,-0.27148298135301313,0.17421255229008015,0.0010573777606375841,-0.28524956797233686,-0.448655507556797,-0.2601667863746366,-0.011545609734910353,-0.16326825889022734,0.1458254778699335,0.1181557481499779,0.18957846787171262,0.46132460529987707,-0.06267937090573054,0.22452199192146163,-0.10118770463471236,-0.18138347032841554,
0.1950083184176892
0.3772403403638282,-0.1530142597927678,0.0899658158856817,-0.08467460244010917,0.15279253158444858,-1.4600633027786274E-4,-0.2762986439246904,0.15082682735561193,-0.03668413590941282,-0.4662712004062028,0.197725529931626,-0.4210150645077077,0.405503779698558,0.24126340800759882,0.3285520253296054,-0.293115116533102,0.4496604084142942,-0.364906005630166,-0.1060221828508228,0.3344483341292669,-0.018179133187833763,-0.10004910745835713,-0.156249745258394,-0.44068935448893765,0.46382561366988423,0.16310321379824014,0.3531668072496928,0.08549756807571567,-0.269078280448215,-0.3066003310422393,-0.011340786527195208,0.1338854517893847,0.20552945352989396,0.30469873966740846,-0.21152369879957894,0.008928561642725295,-0.2639647731860562,-0.4942255353155956,-0.15525896595476266,0.07206858190852873,0.12769921929555683,-0.4869211408669255,-0.21121212769599387,-0.22449842796769912,-0.35532624556980175,0.4758384789660917,-0.08169936031462535,0.4752750944454533,-0.19228119935656046,0.07987455382658555,-0.46203122378826045,0.04556429809383676,0.1587474003373768,0.4661868498257192,0.4564213342242594,0.3587105418187597,-0.4136019814379878,-0.052789866731743726,0.09996557275031483,0.34768629808014184,0.2996157733852007,0.1301861974139057,-0.06118999372556309,-0.2990699527649329,
-0.08567463338695612
0.35335340779022073,-0.2977896622558899,-0.18024165774264317,-0.006449493173045871,-0.10674157079618565,0.4509148936663726,-0.4640782307279032,-0.4286343967476633,-0.2431955253460392,-0.16835688495513149,0.2572204634212365,-0.38284135182775986,-0.4789480723839811,-0.20893349151892776,-0.03428641676074489,0.007658279779665237,-0.15295079128400976,-0.46622247416504053,-0.4667797704713402,-0.14241358682174998,-0.3937191909365175,0.19620743044293487,-0.19185612757276213,0.03240183112183385,-0.14613743382230973,0.1823532935826772,0.46733893601008797,0.33967533869464356,0.45402639327937677,-0.20762169747821507,-0.4203738810129111,-0.4204297893438178,0.10253517593933129,-0.3407938611339809,0.3634574652486055,0.15194768188574215,-0.3811593263130307,-0.1724922272315284,-0.20195034137014403,0.4840399751371741,-0.028434963734664857,-0.3100534956656888,0.16755298328893495,-0.27198332704455547,0.010708184987250175,-0.17320533494550946,-0.09506527504010437,0.391866537632032,0.3462796758900936,-0.15931294515456962,-0.2693129999473133,0.04912331194608923,0.23874581843423462,-0.15607418999299735,0.21822753814670204,0.4319079075050538,0.41998814742179735,0.30642735680832683,-0.28233446123118106,-0.023821590711620978,-0.31742805906701416,-0.3383677057540148,-0.20980120290674206,-0.34267353969434305,
-0.4429602185670093
-0.43585690856527703,0.14538677665870675,0.31008274197594227,0.4016477442455009,0.5240938654342052,0.17033397337544914,-0.10982992071265209,0.29566924472367734,0.4549384511595837,0.507811207982745,-0.42595395539906034,-0.1361788414728045,-0.4660783879465167,-0.03447579744072399,0.27305051010882203,0.16900516214993322,-0.4333715668030639,0.09842879995440909,0.17089760004223334,0.35518804187188785,0.44637511621383724,-0.4101095773200199,0.022123835092237927,0.30497463224638366,0.46804578172783723,0.03818860868031837,-0.004005335533209353,0.2209522923073721,-0.046916092136359604,-0.26146363110759374,-0.11944387166911467,0.11642000911688803,0.4732744239335989,-0.3305756924950228,0.3909756340675364,0.11673131545007047,0.3388033368187656,-0.2781667907775071,0.1016892329700137,0.0028934750072828436,0.07026534778157452,0.1021995277491065,-0.16045614828371593,-0.2322010104350685,0.19055442204565873,0.02159252743518071,0.42531265619041186,0.3295167800106999,0.1253288342107907,0.21027928903623222,0.08688315281222563,-0.04081840199483987,-0.37162708423803653,0.45562521902643494,0.26461068701965923,-0.05785807832431252,0.2348497930439006,0.06436254894003833,-0.0609707735241558,0.43817224692842605,-0.46199958961306775,-0.4287567665568988,-0.1697520815628205,-0.38359049793460903,
0.43560227803411866
0.38761541717574816,-0.35691000656277816,0.44631157615723693,0.11645225593393653,-0.3965786003058965,-0.2505010088004113,-0.24378957959808636,-0.13685762462428402,0.0750284969202189,-0.10905138411855456,0.34169396919069933,0.492847408693064,0.0760265771627433,0.17198015175754333,0.10341730413704095,-0.1857839739379965,-0.26484697949559144,-0.3030842461405692,-0.1866456268789128,0.035167863727469634,0.24693279189001294,-0.1314936856960829,0.17189779779138764,0.29755502621500024,-0.21722387285733755,-0.219444073836921,-0.18372107849798483,-0.44375910235636745,0.07689083172789275,0.4286053892206707,-0.27679938499832524,0.2118548550125232,0.5370008189416294,-0.04434353622881157,0.006720782889205601,-0.13729923481374412,0.12552226256301643,-0.4374006299718843,-0.3030687213998993,0.14223759590618998,-0.4660461944205327,0.1681688398103251,0.012507448407559421,0.1035588578603354,-0.24842552187873085,0.23132763646005935,-0.2552025697575474,-0.4342189637453189,-0.3086649231920187,0.4000137913256007,-0.19173497793080693,0.2991975742337033,-0.214814435705541,-0.23720056219297994,0.32922748254800405,0.31868598587206787,0.3340158728199359,0.41549188726357394,0.15674732046473516,0.013902942044490179,-0.273540756394001,0.442413596389044,-0.38540764735645694,-0.12891769521786697,
0.08299934048788433
-0.24609260027990776,-0.4693901316301372,0.24320183532471268,-0.38112441203231756,-0.12162343423459054,0.3361507207589978,0.27562838850399063,0.21617737873956988,0.0233885865277476,0.5074586019740756,-0.2566687615379329,-0.2478242481688254,0.40463985543186937,-0.1742363679957034,-0.06377941078252612,-0.36087185447502873,0.0204096987193078,0.17557256175360494,-0.00850086254251889,-0.4015559224759262,-0.25478570971152126,0.19808681440092038,0.14572787840274226,-0.3843752914366314,-0.2745929506865311,0.0388162812457268,0.06373758650640507,-0.14620919403921673,-0.3493087291652701,-0.06454152088955252,0.30155786637139526,-0.23737214851802213,-0.06632097658206948,-0.21762547688731754,0.33210235218685485,-0.07483631011922694,0.186423787737064,0.24225132051539072,-0.2546976545225275,-0.25728854025105585,0.05320936909079961,-0.4769913589807709,0.4547326035631444,0.22225652219733139,-0.12915846753388013,-0.47034401312311247,0.407224055625436,-0.36271321086553027,0.16696879400006734,-0.4703264864013272,-0.13771307583137488,0.47012619481618945,0.18790120976974026,-0.13099570269451033,-0.13733746563480898,0.019750220988387704,-0.04365396683715102,-0.3549655834050142,0.4524179847725422,0.17149588258831175,-0.03435166128605963,-0.19074437382077486,0.33743553014768923,-0.15702853366808275,
-0.42899309078494235
-0.17434353564948285,0.19058246319775826,-0.24989520277293184,-0.18730624564808782,0.10711587737871046,-0.31020741378627814,-0.0395305159210645,0.08455780121575464,0.4270680862552978,-0.09058952201506577,0.20207137008425125,0.25278988945226205,0.3386693866413902,-0.17705080524027345,-0.06635250791849298,0.31408136973918044,0.2898723702682958,0.43605095821113854,0.15234676463618496,-0.32427536638378124,0.0031001452992491904,-0.46248002938482025,-0.4314381094772878,-0.19687457919494838,-0.3435524762063549,-0.16071597916420655,-0.428488067252369,0.0742006303487772,0.11908776205841612,0.006481434253791532,0.15869594595128036,-0.4516177738607131,-0.34851983422414307,-0.48150865494312095,-0.135831263793572,0.04331677003172269,0.18627492800114825,-0.42213540712731656,-0.4691947305811135,-0.0201101376211765,-0.4242266552724874,0.2936878086884422,-0.3009052805432383,-0.28602373590267754,-0.07534179405447097,0.2086054331692508,0.26853042563181573,-0.32348305028176483,0.47394088458399947,-0.1947928435066215,0.04467425594527344,-0.49674385619269995,0.32554149767697504,0.003714377001384492,-0.23940624373654026,0.4519835588921333,-0.36702404378797,-0.1380987859605799,0.18496735606639933,-0.13227663507857434,-0.15205813937670556,-0.43806208852011674,-0.06759100559675975,0.11589726476124736,
0.18605314764950157
-0.431447958318352,-0.274285359325449,0.4803362327911062,-0.1406642174887219,0.16066471799929877,-0.16049672804868664,0.4560197224584316,-0.42310836393377216,0.20434078334188333,-0.23921406687325125,0.29590919587434455,0.3726813750221684,-0.21380910693923696,0.26706875707810435,0.03823330133312146,-0.4380726618336226,-0.3468462365166593,-0.13693094684535215,-0.05928308948896913,0.29607545701222254,-0.0704431050380794,-0.4028240214153692,0.38684198115101787,0.4335330137046393,0.15912414260199018,-0.40819374493358157,-0.08163336267974412,0.2500059241072244,0.479093783294559,-0.165316473538327,0.10698608249188324,0.35259805768727803,0.2461943786044561,0.23439231926685736,0.41723381380125335,0.31348670864522993,-0.46744067184430904,-0.05188287924762246,0.027911463534839538,-0.09786867384359058,-0.0888843497653903,-0.1938181207481707,0.44049055877185384,0.40837319780198866,0.10229040298262053,0.0011760977813107135,-0.16999055675046734,-0.3638895721998704,-0.46844953171024095,-0.4536051708210254,-0.10614634376950244,0.04032529728174984,0.17911780606468097,-0.3369424869832156,-0.3844134753481645,-0.13612985174493505,-0.2250860138298035,0.2600742491948111,0.12847507821751306,0.3291617263672151,-0.13567260079542345,-0.27779118490420973,0.16318242166067695,0.30287167280129174,
0.023330002712676948
-0.04571585472844788,-0.09328372827524008,-0.016677311568674424,-0.11664034919236761,0.1600372081063261,-0.4483417264450966,-0.123620729053578,-0.1824171545646037,0.3408682132554693,0.0463278723817241,0.2782078308994528,-0.3024837798519847,0.17020879031048058,-0.3255084770982537,-0.05650878231251311,0.3907458800113196,0.47207092621965424,-0.04404474085037516,-0.2966861707325175,0.17993216627134054,-0.20002126334554265,0.17989508905439647,-0.012206070704549179,-0.4079638054711539,0.44204225877898257,-0.1533773999523365,-0.3037535644652851,0.15091947463004807,-0.2940328200788067,-0.325670169609903,0.1763884795424602,-0.4681565010121073,0.3203426022343572,-0.32318199709229695,-0.3697189614542853,-0.08932324513023651,-0.38246309223344177,-0.2554146169316734,-0.28511954008189044,0.2161699130494132,-0.02972964742645031,-0.45970353173412026,-0.36482882968760316,-0.08564729449556922,0.028780456056049477,-0.023881099886024052,-0.44579290876810523,0.49688528919487823,0.07104104966657938,-0.4608698238733294,-0.16815113918043093,0.16696279809860004,-0.17445744087295095,-0.1464148885038099,0.0697655839925066,-0.4561357090441654,0.2609023639247594,0.10646577575043827,-0.2611529539229282,-0.0707024156731306,-0.3844642896942718,-0.029839042525939913,-0.27264100265750874,-0.40042578321000766,
-0.41231675597914746
0.34502463545586576,-0.05457728044905981,-0.18646654708135457,-0.09964663966470085,-0.13077943363778993,-0.15356680810209875,0.1772856933948934,0.24701906379534294,0.11753292877050046,-0.5406248514956753,-0.38441317942628545,-0.14730668245541315,-0.30654399824620426,0.1670511476309663,0.25380858033472325,0.23759467446581484,0.2281401449058638,0.04834588839937058,-0.20697174081682887,0.3461677865057836,0.06344778933245487,0.15609424748670395,0.31331717963702144,-0.30466654123070264,-0.0013716138603397923,-0.44463170599342283,0.054271891317158205,0.22809793993590077,-0.08739412875384792,0.23423712081757264,0.21383019458249133,-0.04017021502079077,0.19186098152914613,-0.4203545400380959,-0.26343662435978366,-0.3974683911998139,0.14297131687541528,-0.21403717174438608,0.0072666405258777905,0.36712193860615777,0.46293509139668887,-0.2276027439233582,-0.17363269932806494,-0.1627848145878929,-0.2144675195606659,-0.42058712572227464,-0.27945803121695967,-0.4043177371663991,-0.4248009384886809,0.1431363161378319,-0.22413462216096522,0.1892474293955317,0.075774661948691,0.02709018740382094,-0.04300482765699034,0.4688517033965755,-0.5383691382480168,-0.12411006221546879,0.16582095939358993,0.3792254847620659,0.4172548149268288,-0.10658658455252985,0.03018897541574774,0.18573915603127755,
0.194852527952042
0.011602781933996702,-0.15516203819746402,0.18868700504658212,-0.29825810307691797,-0.22943452633385303,0.4915000229371034,-0.3982505601632579,-0.35663495957701413,0.1479722503507231,-0.04356273689527683,-0.22922580547446653,0.40580586609960967,-0.21910943363204652,0.012383475240541947,0.4897572321099898,0.026066315203872266,0.28858875922218435,0.3350071828801411,-0.20134715851175294,-0.20089804525165705,-0.08080444060737113,0.4367014267423515,0.3832379977957802,-0.43176876620590815,-0.39217060296835204,0.21670296547610918,-0.07379192481542768,-0.07051822219070386,0.3769698858498202,-0.07595626102885074,0.21927824186027092,0.16810918916329154,-0.030307622627933607,0.13810691182995888,-0.2723288733194172,0.23811331138707867,-0.3666169737294904,0.4537798952802875,0.11670246024823444,0.07522050863697514,0.4255032307985353,0.4788878659055059,-0.0063396723359436255,0.21426090303410733,-0.2331108411174047,-0.08766983051806884,0.3124677484463368,-0.16461990604390103,0.22293895486740253,-0.11630941211685517,-0.2063452673077757,-0.31308118620743614,-0.13645001155781483,0.25211321689260346,-0.33971280321667613,-0.05978024086628987,-0.20893185642090753,0.13008343377172094,-0.358720759746755,0.0380751890094383,0.319079728249447,0.1900679599330919,-0.1999273895996129,-0.19028252126226308,
-0.09852526951876876
-0.34026642186418354,0.11050846542395189,0.30253298713329985,0.009105316854272757,0.24841523815998331,0.4659196462388765,0.1441608783119269,0.257705604388637,0.23165414043259894,0.4334749125861414,0.004784671137493821,-0.3880594576523041,0.47333322395423344,-0.34476662471469605,-0.07752834708083783,0.31278114269213364,0.29363508644845226,0.3634939122917874,-0.3276860182972776,0.0882522113652053,-0.10106755385881966,0.16409329876308149,0.3839705445268189,-0.0013248526946083308,0.3399147025859451,0.44431209271981764,-0.3027468775187677,-0.045852194384784675,0.35685064523876114,-0.45915156241657107,-0.17978256519033323,-0.21379792906621434,0.3653166734434285,-0.13622672861394622,-0.1611326161574385,0.10410946278983046,-0.28032647174842984,-0.27085949502959095,-0.4275229944713197,0.27437477107728564,-0.2569182420208707,-0.06367580167232671,0.4840044697558082,-0.3354832207954145,-0.2976915056233291,-0.08795426402084,0.30401561756396905,-0.47512564507742927,0.37091591462632245,0.21071228114920615,-0.26008486697925204,0.23031923038701888,0.19808258095183093,-0.1924216477103709,-0.24332694485745074,0.10878475676911098,0.18631614056899012,-0.18349259260212544,-0.3659551425207536,-0.02614201416652003,-0.43347392673909096,-0.32243900209267606,0.23175290248093378,0.22618423966441958,
0.07926887202367645
0.4965613206392079,-0.22296914935631548,0.10980849970803205,-0.3520685195845935,0.1704960564699944,0.4970160952229255,-0.16421938065274894,0.3298142352566398,0.0543170754184998,-0.4482174799138292,-0.23139068749310873,0.47906042798412973,-0.36978841649988103,0.07680103696332713,0.40958188851264216,0.0034273268956001002,0.05019711073537971,-0.34495295549541677,-0.18513907344341207,0.5268796115546998,0.384981250828102,0.371360886200344,-0.276238856453153,0.11381681369912196,-0.18849318596524883,0.5146666935490928,0.3067999295980129,-0.08309511138383988,-0.3167867408525341,0.15841131802571634,-0.25891942959104547,0.36525719322278294,0.11102128189275233,-0.4823760736935778,-0.09045786144336554,0.2633369997922362,0.03756879330515027,0.31558593439071103,-0.2727639208193892,0.06271412317823452,0.47823631598553823,0.060421276676256436,-0.003727186520850324,0.06928709397840184,-0.27289545418870687,0.44373091196548337,-0.3604332341613407,0.21675373605692305,0.4401045168998316,0.5137834030224595,-0.38855007259515706,-0.01476818271063033,-0.3139116783429354,-0.04137596886539452,0.2846609108348066,-0.2269961918807376,-0.4300214412279727,-0.17553584294813027,-0.1909915080456808,0.46034491693937224,0.25115563292852167,0.1963321151554821,0.45669153403815865,0.004678621246673622,
-0.23999201726942668
-0.07501158837775515,-0.12151859100081591,-0.20799745671006217,0.06269946286279719,0.3436792023737585,-0.353786698888147,-0.09111181390036603,0.27929529443863044,-0.3118802814478499,-0.23729797688063256,0.41772970060836656,0.49141072361905697,-0.48448438595202403,-0.1303100424868311,0.29157494651560084,-0.3599461227836385,-0.2490719759991039,0.3209117249148051,0.4673447724081394,0.3709057021506569,0.43817791330760164,0.4728650413047947,0.4209173158460873,0.49003729871969304,-0.00787218248979311,0.4246811963593986,0.45692074721547726,0.039621661376060276,-0.16470584299107482,-0.14639217445447977,-0.2072270284305814,-0.42885277881025236,0.2443368470506856,0.29151111771490995,0.19656645648996665,0.41586422122919486,0.37139244612361816,0.4382772826918814,-0.20908337212311454,-0.30394374503180827,0.33856767697752266,-0.04643600537112639,0.4188471534653356,-0.47413628082789777,-0.4033585004718157,-0.3998716349861441,0.014640824378750836,0.07849313183275858,-0.39475675463400467,0.23336073125503384,-0.07292017977082887,0.12195997448945996,-0.34027747160043603,-0.35047666814294404,-0.10208167658586163,-0.4348222121158787,-0.18243418828304592,-0.48926076419281567,-0.03450826526085917,-0.3114663321746567,-0.43515243224571126,0.47706657132403113,-0.41578896313577146,0.014044675470059694,
0.3454341056120329
0.08883817884960724,-0.23633062802089363,-0.4519185748579852,0.2880695315663967,-0.38356754096671386,0.11591888497027268,-0.07897619959439603,0.08066823683959427,0.2025078601100501,0.15186902461218177,-0.38532107283781014,0.23825675523139422,0.31305021558829615,0.17653296032319096,-0.4837827702267061,0.08376376039685106,0.11531496038790873,0.01579760738638574,-0.15309061794325104,0.05371540901734865,-0.3546927615050421,0.40411120732368766,-0.029778865185286205,-0.4999231934178267,0.26050365813316245,0.03666492294571043,0.17316090513048754,-0.49746810082732235,-0.38708313336364,-0.39667844875662167,-0.46188054114445665,0.09973752089906113,0.3010925349022978,0.07948796624965919,0.326426281551025,-0.2761682981653042,-0.2682982552955578,-0.1558066574275967,-0.4087273420507813,0.2526240994860445,-0.22202424516903727,0.13639437193892343,-0.2817488126808497,-0.24217769027473027,0.2578752010872528,-0.2883900234572538,0.13032542111894993,0.2507416599692104,-0.310499934451535,-0.009365286198406703,0.0297966463040796,0.3315980466383186,-0.2281382252372285,-0.3547272963747381,-0.4002664177155319,0.09244156167770701,-0.37915871107606114,0.18496042206351468,-0.41884247117034995,0.10034690540740109,0.3446474011946383,-0.3287504254079281,0.36524341809612926,-0.1909909263318314,
-0.5810059779123566
-0.43359036816303753,-0.3695835142283631,-0.3146470287535234,-0.1859110024028737,0.04775803126280756,-0.20814013001388584,-0.027274948658156488,0.413531212775012,0.06952779199230447,0.1308569834987227,0.14188554788204769,-0.16670875729697113,0.19470715854870455,0.19859256236658065,-0.307422261802997,-0.023953668116261973,-0.16541016828855742,-0.17185722143198529,-0.3798329085683885,0.43921837020692434,-0.4342869378455029,0.5032547523959797,-0.25503999932434845,-0.41973206412683384,0.1703853867139808,-0.3778956452054467,-0.46215244631180064,0.12406047561247044,0.194681076863318,-0.3875554710389094,0.4462767288555545,-0.13027237803175296,0.07026644679715338,0.10274645627335781,-0.2772107986888659,0.39374625382221723,0.24458518852644126,-0.1312833180449625,-0.47070794700113283,-0.49362483147905534,-0.07897913411785931,-0.367699747336152,-0.1639140489310718,0.4785468120439516,-0.3044518974711415,0.42678095019120177,-0.10354460173620662,-0.060691623003779636,0.2735859608792156,-0.4507006759126258,0.30235539199859734,-0.1242554204346169,-0.21341130827798416,-0.2942537412224049,-0.38726353615122605,-0.19437559528636786,0.2917891602840801,-0.22285427024691024,0.20090969754450302,-0.009683201524556886,0.3681722789653565,-0.1922596902866967,-0.4121984303689738,0.27268028034326713,
0.22509842711339487
-0.21094525601170247,-0.3301524946618728,-0.11826931337816651,0.20655614187513996,-0.4907038140041926,-0.3032299825325298,-0.44249142434380534,-0.025624881526275685,-0.12434580155363822,-0.006567240888603668,0.3013247269391682,0.061828831900202795,-0.48325033317791255,-0.16224728761831794,-0.25833734791118407,-0.1542626936482504,-0.3955258392710787,0.11769874094488551,-0.23826838227767141,-0.4923733327740293,0.31427587128134254,0.0723880714119254,-0.03352138466730624,-0.5126408159152578,-0.16523980165392727,0.30297267461764904,-0.12481755012728314,0.3640404815889705,0.3331391935991788,-0.00907965479079816,0.328144921488046,0.0685261482579352,0.0076753774277608655,-0.19821265448447378,-0.30862991749149854,-0.33538106835332654,-0.0548405517304174,-0.4410962277724824,0.011367766508670328,0.3768581966324169,-0.328546005839183,-0.5044938861831205,0.42243884494923545,0.021495622016363677,-0.0499571143137909,-0.2940700173325687,-0.06791333846066863,-0.3802704237875871,0.4559796103299664,0.3580931454277118,-0.08751655224742946,0.2956491439895791,-0.2699923872958776,-0.28062862087217155,0.17032509832655818,0.16678685439505597,0.28143445891863944,-0.008732869883861941,0.3363770103400246,0.06568348168319343,-0.05489377551416454,-0.42845003097260953,0.17656750594780196,0.3720569141425825,
0.14650507426114195
-0.001741158317163178,0.050956334475311296,-0.06629400137815869,-0.022064681646190538,0.12517360759209226,-0.07045278245294916,0.05987223186502196,-0.3008987524738259,0.31883162975838836,0.45672768156273563,-0.09006621721289496,-0.20230091093205493,-0.45654057689174016,-0.19994746374414762,0.1183759975164977,-0.15416995791728016,0.3660630542593266,-0.4901709014863129,0.054313406421900835,0.44248915762171703,0.13987322551426679,0.054173784328571735,-0.03093319058320719,0.3420188169358417,-0.22298570814400523,0.1814821171179895,0.2501785907640128,-0.17053719557503333,0.37752588135553533,0.10510156258453275,0.3571826669099788,0.3866247637431391,-0.4311316617579255,-0.3681235025511184,-0.47096399358800195,0.05290658102367502,-0.4767139855676249,0.2700204824334318,0.173823666808751,0.4630676030730495,0.07533268295729022,-0.4007000622014518,0.057561718857975445,-0.10689241774692158,-0.20008655127425792,0.19775719395085892,-0.24234554809143308,0.21622113820539512,0.06892925594775239,-0.34997801337939477,-0.4950790230948861,0.286009800163084,0.21613345236872333,0.11132579139961662,-0.3873040934323946,-0.39201429552455297,0.26256136009515557,-0.38965781122815196,-0.17377074133794287,0.05077189013186504,-0.23842917662931684,-0.13664708176337917,-0.45185569928953784,-0.2836089900574554,
0.4403858707209388
0.2451964244296883,-0.3821223628018437,0.03814642299960156,-0.3558054634016253,0.46100182789950495,-0.3897876531708985,-0.46610888825168756,0.29281185567177803,-0.01608779346236428,-0.39398787441901734,-0.3733599887259858,-0.3571236349607558,-0.36735489659223164,-0.4428151309342232,-0.3133892544090603,0.30890208117158574,0.2401635488083281,-0.11891458984943976,0.06310005789694097,-0.1604144687175924,0.3040510390391371,0.37775175069633576,-0.11306032864356022,-0.4957858879247852,-0.29469960647591387,-0.06582653436760894,0.14696995436930263,0.31990450760373074,0.35067377908876535,0.3699967432131633,-0.4476233985462897,0.3234345063427416,-0.34529645472738113,-0.2740199826017245,0.40942748010183183,-0.4030745332337022,-0.007445884890222085,-0.2076823239733599,-0.007552998864159641,0.3699775182937951,0.034918271715599115,0.13889144857508134,0.48585483327515466,-0.26769104237232166,0.42982525110159947,-0.0941604329081855,-0.04227746518435764,-0.0950971062890937,-0.03919173215853307,-0.24404505044253383,-0.43266185913264915,-0.4149884944696178,-0.15962103591950486,0.06274751142785367,0.4951973515258563,0.15980589929030944,-0.08196479286827599,-0.341371746952218,0.021066551304151193,-0.48189049213037477,-0.25535381762693027,0.18006697848839986,0.4506286433279968,0.004050192467890501,
0.040065184876322414
-0.23140323365907942,-0.337856847176557,-0.33703616372152023,0.35949386883488477,-0.2839998954411032,0.15545442259994927,0.08463228213625681,0.20041293695635998,-0.2252262059515706,0.07086624440133509,0.1554042606533617,0.29907623413359363,-0.3146661070022827,-0.40448752344679645,0.18327122451896088,-0.4318655006852305,0.19077681063595645,0.1731266362193471,-0.2924738507815232,0.2831188823809664,0.12279011092330325,0.1931519956493208,-0.00489584604141215,-0.023110788868955536,0.24683142114156065,0.03289816239596172,-0.1596029695288507,0.1636307370592729,0.45121901437857265,-0.14335172230022894,0.01249101623549987,0.022489495242651456,0.2330282352059616,-0.08630067049979484,0.27770330850108776,0.07016219321480989,0.04367504482073905,0.3396247315582473,0.1069590760801866,-0.14043187906461016,0.4768461939185004,0.22271595970630806,0.48259042637799543,-0.14702223883629204,0.4927660435955911,0.405778700034755,-0.4032963250483708,0.30148723238463226,0.06133338141851847,-0.41770857300824477,0.3501892393283149,-0.319955974996189,0.13042507539481485,0.0788692456621961,-0.2735240375078562,-0.27603911916471313,-0.4179450755162049,0.21473631140453656,-0.017000114881237635,0.43594367425140107,0.18908936140518293,-0.41725766020764543,0.5341492755019008,-0.021167064814543824,
-0.1839584630045339
0.03637292274445486,-0.23205934050128252,-0.4574823739090482,0.1261364980446103,0.3809896139711098,0.22827290622335364,-0.2760366083908889,-0.32079790806454567,-0.35828439106456744,-0.46193348988311145,-0.02692036390413468,0.4668109294630603,-0.4268791122964069,-0.030595572793128675,-0.1140964612824675,-0.25791287155522696,-0.0926483449957116,0.2708399165822219,0.44126516081656486,0.24019827369011046,0.16136213536835436,0.15359081912456485,-0.03604262944747454,-0.24481559104960346,0.08411244148692795,-0.31312336978894734,0.3653857783480271,-0.15649290615748637,-0.176345632930823,-0.11320008098788631,0.4579928470634558,0.08164480143891967,-0.41072479854510396,-0.24709198612228128,0.3043608274195049,0.203729494414974,-0.1007091941975416,0.30338700735387913,0.06529524447181537,0.04733819131134521,-0.24980855970821658,-0.06658795828929702,-0.13689182244679304,0.04831721453548653,0.22460319270539025,-0.49115882244366793,0.40445906060217535,0.05743667782513005,0.13731424538890172,0.4630916665419575,-0.1322962482213121,-0.48518154810706166,-0.04870153051774264,0.31238034766137307,-0.425711671426537,0.2697816664379671,-0.4048015354024826,0.4060103650643289,0.1743592407496008,0.0655141378490455,0.42111420192949867,0.3571205189662017,0.4902626794028628,-0.4299848974435113,
-0.19683542724518666
0.05716999813582769,0.18873002572494532,-0.13317898599873845,-0.008042802725382983,-0.302402554797855,-0.41896305702205316,-0.4343485695702688,0.3167437206205964,-0.05445417477044313,0.45311129782644505,-0.059016661978064905,-0.07500911321686766,0.41013450603379004,-0.40510839333326154,0.2464051175070596,0.3107841608275223,0.13132468704751388,0.3522543917852038,-0.31056641608932734,-0.11216963343194117,0.1536217365738711,-0.4553834273059687,0.0544006578027524,-0.23523376949741787,0.3829328128530631,-0.16548629382720728,0.022905280485663346,-0.04575876814182273,0.29099792088049764,-0.38355125602507767,-0.03608487700217007,0.05242530969701389,-0.0038762033559482587,-0.4089237314735102,0.3288450198924741,0.40273169064463893,0.2855021710999457,-0.4723207859081806,0.00583440436770618,0.04909995250704918,-0.025994144532921964,-0.5437252507133798,-0.15259693982460862,0.4356976815772954,-0.32942239849532046,-0.41274619191243855,-0.4063882039817172,-0.21583701891919146,0.218534580799704,-0.2721933342161736,-0.15154037901300474,0.03198074658823337,0.3269864078708116,0.2281871507968041,-0.06494662238000612,-0.2466740291802151,0.1229209118515442,0.3526915943519012,0.1074645616923343,-0.3290177160242033,0.4227372024316907,-0.0145185928924809,-0.43178856181687536,0.27545820448807906,
0.2951528761790805
-0.38351512540081023,-0.3519075384301946,0.32019615521312195,-0.1887321499329999,-0.39963808495404535,0.24974527369798655,-0.17954624575225428,-0.23757188284835545,0.09403244805547212,-0.39392547706733194,0.011689549516718047,-0.05165930696805795,0.278110562657711,-0.19816860176340348,-0.12411599103625466,-0.3141795803827528,-0.2139427291854223,-0.07192794937317352,-0.12397535965515007,0.38214695920928177,0.4021795982235685,0.34428990738311577,-0.2887758879596362,-0.003982097545327328,-0.43661073562166663,0.28157121990885264,0.27079516675109927,-0.3543203317350627,-0.12143198422275071,0.3668019699017052,0.43628805338326243,0.5051475932328668,-0.003082617747551245,-0.26632196341823694,0.09704991231467631,0.45982037141127,0.40424882433370146,0.1196661158913551,0.4833123325385869,0.19790078038780545,0.2721085353720961,0.19628665495921305,0.5057727483778666,-0.365760877584736,-0.31806614620385754,-0.07912536392985815,0.23916770048069388,0.2512885190342287,-0.10123368806576899,-0.38191520254734024,0.06883729139332156,-0.4799745518795275,-0.07045637340770733,0.19025358613130722,0.16556530382584858,-0.39079407528308036,0.4866834798049037,0.1406326633640343,-0.22498703970577716,0.4972577923414318,-0.2199938937985743,0.4232955305500955,0.46487491387138263,0.36472899948695287,
-0.30332579520941033
0.48480209449220873,0.03847406697890018,0.3304813510239451,-0.3704306329685125,-0.27773206631713243,-0.02347177570463591,0.3427742498616097,0.43503372345827607,0.00990310455434356,-0.021680762102928686,-0.18910961410285032,0.15358646986896496,-0.27273100593740207,-0.3421261978556662,-0.3412039140557738,0.3970053409550733,-0.3331680658085661,0.4343946665609461,-0.11348614573002269,-0.3021485469212838,0.1990000673496062,-0.0168227808476911,-0.3807714342352419,0.1970920816738033,0.3465902791678288,0.42827573045053363,-0.16155466080675468,0.21127380675559965,-0.27341548240161734,0.28049490429742896,-0.3389992886420401,-0.4598487014137397,-0.10726054943790295,0.19855907803548675,-0.11280725387303071,-0.48203287709038,-0.4333516316552719,0.4190187995229474,-0.4765136115221165,0.047319301692602525,0.14402989271958527,-0.04399109671806471,-0.3136101894060912,-0.08984283482950987,-0.20363909696715177,-0.40452845967567824,-0.207281877590817,-0.24529355232278904,0.27992034128192383,-0.15351567571311517,-0.0966835622445009,-0.21729564440401633,0.3496184630749024,-0.3343337404738793,-0.4507881787640251,-0.3819709236540677,0.043588844993044704,0.008703345376162961,-0.27343197402949093,0.04787192689997796,-0.4806007913986974,-0.05585072464903993,-0.33162774878061685,-0.253883005998579,
-0.015747875627330394
-0.3398843163610485,0.07357201231067755,0.453309548535401,0.2458455411841367,-0.30817707069947475,-0.03420871731352351,-0.2401705872827769,-0.11445679111799281,0.17568587587899598,-0.3368165156848368,-0.18166679141093459,0.39115444590820275,0.4253702741691014,0.2663143930061484,0.14564109711567605,-0.30547388927129404,-0.38092451571634384,0.5068383483240706,-0.3737327474213368,0.4050433447383234,0.03621334872632439,-0.36517365805125207,-0.3973234115053895,0.4434932296798037,-0.22810443852055443,0.48096061921804917,-0.4246552358811031,-0.002834095320582336,-0.41210088149550056,0.1914733254379312,-0.48070804313332716,0.0810290840972661,-0.16382839648640798,0.288532771902916,-0.012125462726730388,-0.1345401147172904,-0.08563703171156535,0.17546261941745694,0.35267222013125976,-0.45700992280862346,-0.2684847525200644,0.4540725685287198,0.24202916102696975,0.011477167891579645,0.3962846665067417,-0.031015748424895333,0.1446161109825842,0.03131496360944095,0.09149611501081369,0.3423752985456755,-0.3980571783658046,-0.03848963279175282,0.171143554488966,0.35182521483885854,0.24575904697584813,-0.2570066851800386,-0.27854166796769614,-0.09485011630006404,0.5154957795345447,0.2195853416825095,-0.03954846103703999,0.4809060106367861,-0.3983255885297838,-0.26535413802271635,
-0.25669786712703724
0.1070870283353167,0.0954805992289797,-0.1780680608561939,-0.046558002201217155,0.26875454920953856,-0.35864126009566066,-0.21758742975888898,0.21709084902209308,-0.32458550173710693,-0.3646669564029834,-0.11295976493423926,-0.4626408819295153,-0.431281325601355,0.012123771287224694,-0.33264779968171054,0.38375853543930194,0.3123574315399824,0.03834917739415851,-0.29015716418217613,0.06794563986189064,-0.14292180250977257,-0.3519004178643639,-0.19731702585816488,-0.4052405735695927,0.11398185993158837,-0.4256387386593223,-0.5010372972823472,0.11115536665178677,0.29480972366970953,0.3774046320699076,0.3120779954218243,-1.2751621922028566E-4,-0.28727431781471485,-0.1548514693246046,-0.419574253331076,0.13942152654803255,0.15636931651523148,0.07774572195183865,-0.22862628278812497,0.33665833734714024,-0.14354270483238843,-0.0014160287640808068,0.34413549572097957,-0.4965999202765533,0.31654118958253424,-0.08451111076675197,-0.40739844017907356,-0.2869535512662887,-0.2936920101843339,0.27531310621064337,-0.16863491989048024,-0.15574144171967627,0.3042458778236626,-0.26524066680918823,0.1103810426828929,0.2243973308121663,-0.4302701407047519,0.1302670463396147,0.1716812917598435,0.2693004682214522,-0.33709316528570027,0.09555145086272018,-0.2554348955969628,-0.12349259830024656,
0.31991887291810234
-0.4536223728759127,0.34902304639473175,-0.043908615837830935,-0.3567797672667349,-0.4445490247345929,-0.2069233323321517,-0.4177499623396709,-0.09724732068603506,0.44271531656650076,0.07465896881253727,0.18440919822202376,-0.24615289778734478,0.36216741047367423,-0.10597935500015865,0.3900873719404415,-0.24823694095989873,-0.14717276332057008,-0.39735444354806343,-0.4907625392986729,0.09870492470252304,0.34246747580456544,-0.28303432495355163,-0.2836753001031831,-0.3132336644019678,-0.0709362783834298,-0.22042314854830006,3.421511162668328E-4,-0.013078502960044263,-0.24245718588979018,0.09240116622267383,-0.22507234980808163,0.3419768559538607,0.4280184352198154,0.04300318448284804,-0.1008674437127442,-0.4007220568951605,-0.01812267114080108,0.2678401287707844,0.4075786245801679,-0.25340289463771853,0.42021624051583334,0.3943620578899569,0.4431904605245906,-0.39492674826112717,0.255988227474872,-0.058883435724871945,-0.33209147650240345,0.3024806008901698,0.2663069019423952,-0.5163645114996721,0.3148235001619933,0.059834622766915195,-0.3959632575769639,0.3201488687180883,-0.011517908160428044,-0.31757239901840073,0.3824133533996922,-0.44108046390250694,-0.2691910174131282,0.3567148334602428,0.4860128496797641,-0.33160184583449986,-0.04172824645474755,-0.08853639741883956,
-0.11606452794237654
0.17073187842891865,0.2011541893405245,-0.49773014299583085,0.4299209129020314,-0.3597285355178645,0.2793438232121117,-0.3831699748119412,-0.04436998968377531,0.23206867352812882,0.3881039595871807,-0.42054622341435216,-0.24779964289053916,0.25174053439385013,0.3906860016544534,0.19000827359006753,-0.24102660916471574,0.26729499302579796,-0.3370218855478551,0.3275097129674391,-0.25693338305817265,0.3099435159265529,0.012417155805431887,-0.17449036245444788,0.0687298548514997,0.48690939623601026,0.285005315422996,-0.45923803519064776,-0.4376192381927001,0.287402531830473,0.2496213401758436,0.3626656220778808,0.1751241081239337,0.32392507231055223,0.25701649736505144,-0.013494605691842855,0.25385316074368364,-0.16767839667044926,0.3431790350651757,-0.04882437615552753,0.2002195736779245,0.40072635997466155,0.2783235259884062,-0.2520263561572976,-0.37279880591764386,0.21053473533127604,0.19421595434398842,0.10761685287119557,0.37985124893793176,0.4060074938959182,-0.477563136650768,-0.21071358149094135,-0.39999032610661633,0.24342718161761065,-0.44763774549961005,-0.4035805341759892,0.14662756348305866,-0.2879950565885996,-0.11368954324386238,0.30921934008810226,-0.04357310325053609,-0.3223883950306931,-0.10118112311269145,0.31783523849899176,0.25205626757790284,
0.22812323009776825
0.06627886562938508,0.1304942063687201,-0.1728244958865691,-0.11626034629075183,0.19355080431746255,0.2969727449170527,0.18481972527661825,0.4843231014492973,-0.3692501864460598,0.14183947803207522,-0.04735705056291526,-0.4268566593060776,-0.22409421289283185,-0.2988213669057835,0.4138875072125148,-0.06601226956589891,0.10625116490336586,-0.3318737129437944,0.11733708290599032,-0.16575975882331268,-0.01711811947035809,-0.3180578150633114,0.4541511507735091,-0.35847440318291723,0.3574953089852927,0.305114060751288,-0.006059547538710752,0.5094491569522119,0.4040743847874408,-0.4749003706742727,-0.3679311874079752,-0.2741171732393193,-0.07857516083895029,0.1668895449302915,-0.17861875099878832,-0.3351093035877402,-0.29856654732661003,0.46414953752391247,-0.20528303391132913,-0.49039738581508907,0.36411655824132627,0.35606106603854454,-0.3227487747079375,0.26363652244580493,0.4417984804061431,-0.2700367139670611,-0.1680122601351452,0.18195878371608729,-0.4212745120290542,0.2680014082936197,0.4506830564208149,-0.46682441594996066,0.44571496308718733,0.2644955197471551,-0.3993582017131208,0.4980387504045365,0.4476166593486069,-0.3143303507135013,0.1447250880559586,0.21555404791256325,-0.08020810709556017,0.03567826646233837,0.44200354688356835,0.48580795783308073,
-0.30482011028033923
-0.4370285087274337,-0.131944170473393,0.2191432838148199,-0.37663842042101425,0.22287542825044593,0.20207732494838918,0.21339488051774647,0.4931413341503018,-0.2870504702209071,-0.04872349860184062,-0.19002890704058203,0.020099024381446232,-0.13880229672237615,0.32726700101631995,0.15817260019807564,0.2824332035894009,0.13721358514252696,-0.2032730225855457,0.12985824345827665,0.1831292523375038,-0.21379967905898697,0.40440438612913565,0.04010898152102955,-0.4643674376002784,0.46278226964061425,0.4514071637506473,0.3989155572006313,0.44643270413780417,0.10517983845452479,-0.4106710621348424,-0.193042328547535,-0.16582086024699352,0.1101378359939075,0.19350192774186997,-0.10810023785726718,-0.20956371344032573,-0.04547830556324993,0.3018443012667203,0.33120271846152904,-0.14239200645711922,-0.4206353446082964,0.32484970447910194,-0.36439332276257685,-0.05259069224890018,0.24210759252506042,0.2825201150841499,-0.09534571141449742,0.13246719113727232,0.48414164328900045,0.15409900137264884,-0.008082062246510044,0.387559624361311,-0.19006810122489418,-0.4907830840457615,-0.2671206848226604,-0.3165054436618162,-0.08133456275381828,-0.15571420390081045,0.4295375399751855,-0.12807552924449334,0.13588218074271263,0.2647759510459488,-0.1304198702013963,0.3017482625103854,
0.4389646047821135
-0.4133390864120582,0.010824792873345826,0.05069978666870526,-0.4139723515080951,0.4675941450183135,0.2818540647014874,0.16833960474378737,-0.2972403080278531,0.24550931172145912,-0.36245155456276107,0.4728284569048448,-0.33013086014081244,0.13396613523980433,0.19517312284723085,0.09776583632103814,-0.44090259692098704,0.4454690686533198,-0.10747286972245639,-0.13436882216752324,-0.02009172477992944,0.30750759430711117,-0.35496396958435744,-0.3632856187023659,0.05504618846635788,-0.20134489659009983,0.056671870004297985,0.4935724306215341,-0.2992534404213905,0.10662140316526948,0.011649871918247588,-0.17082798236773133,-0.2961527717707392,-0.27720871559038524,-0.22090487276073997,0.24491029030986708,-0.09859476990742239,-0.3377316781418629,0.0547377298066789,0.3280643435212213,0.13862379983420678,-0.0228674361487786,0.2289778908097858,0.3660278789295042,-0.09163094138020522,-0.015254088433417726,-0.4888477044631807,0.14865058307162354,-0.3196312422873273,-0.03729096275118851,-0.05113444121428266,0.2623533503802919,-0.45053189480728467,0.11642068981096801,0.44938809438835975,0.31653285706054385,-0.3154822127518198,0.3450181496722595,-0.40805734829780566,-0.2668993681820955,0.07513312782262435,0.10807140546807077,-0.11757574195765123,0.14663694783806663,-0.38771896055178917,
0.4252440515665811
0.3060771156844279,0.44626294617974444,0.009411133078963607,-0.3409605726114547,0.3189252428824995,-0.02952309012955108,0.21445915693295547,-0.39855802805471485,0.43365161924119455,-0.3309435583554417,0.19359322075689675,0.44712025710386,0.20874534801307187,0.35765258590145727,0.2140893151620915,-0.07816303979127331,-0.12498172247058176,0.48765112795163473,-0.0556440136796344,-0.4265855633508137,-0.34339441583475705,0.5045196109267275,0.48206891499774723,0.22916715328979015,0.14105439876803152,0.05474597215368489,-0.08340676800758856,-0.4755722507664461,-0.3186641062387778,-0.0022485165639784324,-0.45383145797355223,0.45224394205376567,-5.831310069793521E-4,-0.49010161579722245,0.06942040463454703,-0.43378976114734696,-0.21855143516602787,0.21950137965474492,-0.20428806858092557,0.34920962692374813,0.31322781346062006,-0.2045643824815155,0.032900152306414916,-0.30907828407032106,-0.03768040378350517,0.2155621278759709,-0.08078230585236645,0.37316400779160674,0.43541612576619326,0.28643389499910926,-0.418105068051122,0.2396225490983245,0.14523084827637242,-0.27875491343021647,0.41257722800720503,0.29163341080242083,0.15436917380886772,0.15812454891133534,0.13690763303519524,0.07358535340769393,-0.25614897655924057,-0.4312695778681665,0.0868100477639181,0.4212537862862387,
-0.35830955593964076
-0.1301070055559075,0.3630794295022843,-0.25532349759204126,-0.016769331133101365,-0.14693918175352005,-0.08122318809406114,0.2254627682383033,-0.3242039032196339,-0.12910051290304883,0.3598143343902166,-0.0816369773517863,0.5517622672120766,0.3745322601045823,-0.3595869121980131,0.3606111910710654,0.21299579603978488,0.19927740050596587,0.11706665229441579,-0.3502911233650716,-0.09374139739618921,0.45110442402247697,0.44554006842245397,0.30132637558718073,0.25116930905311396,0.4818166979819072,0.20911574734571745,0.48383180845058404,0.4523563681826723,0.27622852922300706,-0.2981748307213386,0.17410351561145238,-0.09099898739212002,0.42010381128765023,0.3887972012104977,0.5200314939074762,-0.2193732574237476,0.3410178365067689,0.29912251527585254,-0.4048544788692768,-0.13575907987443106,0.33586408344245267,-0.3298995048317484,-0.28722843325151426,-0.4371665199927866,0.2212750048212544,-0.10708539561537962,0.16097525816070585,0.47731673372102074,-0.33519706840856184,-0.353028426617016,0.24190912436021253,0.01645502283818571,-0.3828288702633438,0.2207391507159789,-0.28227482596144815,0.07192100124288964,-0.05234227831058237,0.3644502529845245,0.07792866110797822,0.1003354714029047,-0.2804318228645955,-0.3068121848654052,0.24456765341462344,0.023573367500234362,
0.2253567015758688
-0.4466125872939134,-0.12524972154610975,0.05024867467584403,-0.18830928095089206,-0.3568646074519123,-0.44948643176888287,0.11239031891477506,-0.3006166841194613,-0.33972129625469777,0.14561083351862886,-0.1399914777442606,0.25985266211309566,0.33064403900914174,0.09367732832102402,-0.44134241009449626,0.35424563807494946,0.36913317814350516,-0.01257175939603961,-0.0010729525265832157,-0.09899965234688149,0.47874917713178194,0.00679884635505558,-0.02223924961036719,-0.3909863304760097,0.46863616322829754,-0.13602667079446842,0.351370218408922,-0.05094934131041021,0.36020805945706535,-0.4665015978138333,-0.2904355377571503,-0.5015149755882218,-0.23395965056521062,-0.22000062088169195,-0.3028497958461273,-0.4994509698481927,-0.04798781406528447,0.15670896390238442,-0.15138631671869202,-0.28308597601831675,0.2546586068803809,-0.1516489458041613,0.06601488376843137,-0.4300894081495412,-0.23441502402645883,0.36131914053856556,0.32380805074145363,0.04781996483780195,-0.29583977811827705,0.0014168453640887816,0.2874371312578322,0.3518553957115568,0.4344624489069681,0.08085739521455279,0.17810341417198808,0.4699080910393551,0.07544399762577024,-0.1796386690427285,0.04070555934737282,-0.05951584970804719,-0.24523555359167493,-0.04853495312188126,-0.1358754263700124,0.4296409108102389,
-0.12150006573021217
-0.10302077533473121,0.3094520974063935,-0.0918609511829537,-0.2705396429559282,-0.152866672548627,0.36791208835886496,-0.34605118251128963,0.2661759123747287,0.15325042507545603,-0.053470087058622495,0.052325907272938024,-0.08784016450425762,0.04581140984385567,-0.23724497297747693,0.23860366170774894,0.04652326571885493,0.35756378589797083,-0.06650652436505278,-0.09918047598888664,0.2646534739738359,-0.10456779407479203,-0.2635437490023519,0.28920820840019434,0.3139740693132428,0.15345812756779414,-0.4397576833822036,0.34342625096568963,-0.009246591678652247,0.03963579559466747,0.11600966236378496,0.0037862010119993493,-0.08409015093807352,-0.3143800735807685,0.07255689090005552,0.004355756413135987,-0.12993138239417415,0.22040386950592517,-0.36991172334206046,-0.21385232693548623,-0.10753425691736339,-0.19985279405557702,0.49971843631580687,0.39664152063356317,0.010236027523966242,0.5189587374521255,-0.03891990064781171,0.3360159478384349,0.2415361442660431,0.2503963234113282,-0.39008936704887226,0.015958939890295988,-0.037548629277061166,0.4593688238510607,0.44629845167579196,-0.37406336660028033,0.2883992808242954,0.1415132088152133,0.0796499546058668,0.31810615977109485,0.3611923513321443,-0.31831724885421303,-0.27466779737854724,-0.015987199095599543,-0.4836266293603016,
0.5205994752648359
0.03821071699442321,0.014872702646298839,-0.04652741986126342,0.46580078545372683,-0.3268021172541973,0.43809830000069616,0.35432432069461434,-0.1576797997932095,0.2205359544856277,0.41041806901868194,0.23304278155089467,0.18148731298749898,-0.40239231654582835,0.22982204300875153,0.3446834627212259,0.47404340587342025,-0.08670596576425867,0.49206683900174997,-0.22973963430958663,-0.11507625347631445,0.3112419753834281,-0.23348092849288424,0.17238316037909066,0.023330573354692987,-0.012619691555690043,0.024466216186936535,-0.4031952608149584,-0.01087627734092196,0.11072673854581905,-0.11291361030254544,-0.13435401094171517,0.2344390177254342,0.3315861872704682,0.03856659930225598,0.18826872053796426,0.24508989562445782,-0.09097791712798638,-0.08137299732338088,-0.45128354472020127,-0.3321047217360467,-0.37221658789518586,0.23555317825081742,-0.12567760035154193,0.3218403440241743,0.09175465116943153,-0.22798808420806588,0.3847647216045014,0.1153326041392277,-0.01157462785558854,0.2583302216262549,0.34835203751416705,0.15733068998662003,0.08037166040936143,-0.14681748191219773,-0.2683379173787917,0.4332409875661162,0.5085484594418104,-0.0335989671056169,0.41139713775941994,0.128884318516368,-0.4786558256318109,0.13104866309647004,0.5051243088597221,-0.1706649832845176,
-0.2833750442878288
0.11980299117009945,0.09549068934109262,-0.43564869867302003,-0.2269310948651877,-0.12977104684727184,0.2359445744483646,0.4069008063291864,-0.2910060384688813,-0.12048106304195169,-0.12826030262841373,0.1338051794841271,-0.4476405823401504,-0.24609142626824435,0.49028122825928483,0.365586904581559,0.04963644607167091,-0.47307412832155754,0.515872375757582,0.4951339511859805,-0.17261015258162352,0.38603955679445157,-0.2823045422875188,-0.3486957860686301,0.2640194180915241,-0.305774533397226,0.013057704279986877,-0.3353226878289599,-0.3096001399958386,-0.34043163521892894,0.19192323881145235,-0.44754258001712816,0.2556917539850968,0.5197490021713496,0.22874607823623752,0.33200588337953796,0.5079223939128275,-0.22506829545190785,0.1815599279084957,0.3797780559983622,0.01861412935679104,0.2230287190960422,-0.3199576405455921,0.11669030471351959,-0.40692326964714354,-0.09783306619695019,0.18288260771300444,-0.36698975466856804,-0.46082835039591874,0.3142540659939676,0.09089565354259925,0.3364720922866104,0.13395294348569914,-0.022912417279361025,0.14119366877926764,0.3588193853762657,0.46446028394624267,-0.08302799122110172,0.1219950424154737,0.008933024925533443,-0.03788882289697371,0.4089840806738812,0.48704269040583564,0.19416859504246964,-0.1910757232319675,
-0.10167358734314814
0.27695820117140707,-0.32985807202011264,-0.2986612650127126,0.07588818039723338,-0.08000617810395197,0.19862542004373432,-0.06621098700585001,0.04103972741435025,0.3653597185827911,-0.19246984408389792,-0.2531191810490574,0.4927057925458037,0.2561369826079301,0.1732276367048578,0.3824021059726741,-0.009108091764996069,0.06918644690083582,-0.2537084629244408,0.4957830655330887,0.10413898847979804,0.10266140880720973,-0.25911614793973614,0.4185065977823469,-0.43925627496032466,0.24341826728944926,0.26255592278338974,-0.21564360346081535,-0.14014965652957648,0.3675950519929579,-0.3085265570830555,0.1402347644642868,0.27336852395909356,0.17894897161818651,0.049531671022440674,0.2056694988705031,-0.3034540161844531,0.31957217302499225,0.5358452356491212,-0.16055930078266956,0.32202142589862537,0.06911452050800389,0.543985304066856,-0.267184136210658,-0.24054468504929982,0.21160851083777596,0.4219867540854925,0.39111560688138103,0.29599869958692565,0.10968878878605018,-0.41802538206739953,-0.4479955942447235,-0.433770115243684,-0.20752409250756246,0.43466067834481315,-0.2180998635516368,0.329601132648173,0.2460954366853311,0.0344521846251113,0.21080761262877296,-0.4171031974360913,0.38965399551231594,0.14983105676492736,-0.3332637541631969,-0.37869715411915,
0.3691745337774951
-0.03909381537181833,0.241028217033708,0.031751913861623626,-0.05664179508912087,-0.2865131118580673,0.1423313841944703,0.026858271586619086,0.3456350298065727,-0.44596556922056413,0.3270507426772343,-0.06782145965083182,-0.28007761284271465,0.2687936821549898,0.16413084100608608,0.47886980365853,-0.052042206723725774,0.2527521185677365,0.1679189765722719,-0.19422439681599196,0.19186201034170913,0.2783446331088039,-0.4071231814530202,-0.35776677636678933,-0.39671475894726066,-0.17942313458506415,-0.27035499367552646,0.4130328610813153,-0.21979345975335318,-0.43575607164150176,0.2461117498394982,-0.26826461203104807,-0.3491268506685078,-0.32643679760777067,0.1693827619216158,0.1454576923234885,0.10791715056106842,0.3953829376177335,0.16165604871750142,-0.13222877422871354,0.22949540067535637,-0.3572095942252844,0.425356431902013,-0.4713066189161368,0.09707008842176973,-0.057666599674572966,0.09997449323262186,-0.19720519064893052,-0.32395685584511724,-0.05690039038334589,0.40054161510910646,-0.3471249276958364,0.2853736567218373,0.016323666791142128,0.3446560561150818,0.29576540233443027,0.09616711514017082,-0.3224768490204365,-0.4507976595646976,-0.04545555579351035,0.011608328328672495,-0.4643208390715646,-0.015166374699645255,0.3616470590819771,0.025177145979177164,
-0.2570402484856861
0.48724555236722905,-0.43049137395744663,0.46541087802269054,0.03828229528102052,0.11028875541690371,0.3756672569346459,0.1666614474963763,0.38203995505888166,0.020781840830630515,0.34796369066042815,0.49787988905962377,-0.4818538115065076,0.46213477084259713,0.06033798888854242,0.49949300906000804,0.36894665886854244,-0.2948866313184326,0.2417764217521727,0.06620997937184592,0.10195153729733532,0.1840234274035228,-0.12107404516582508,0.31723010833365267,-0.3462398537301492,-0.3066501675299797,-0.3847001689330778,-0.45844585097936075,0.34770181148633755,-0.053635722974792015,-0.36215044836054344,0.008443046365851152,0.10159981466543143,0.427723042502594,-0.4886186858506244,-0.14297452419431544,0.2586139339850014,-0.3575649379644987,0.25275212267336183,0.3973871346837214,0.23084411611114825,-0.20904080720489077,0.3632435749515734,-7.098273498168638E-4,0.475062626036775,0.04810854024834855,-0.4424071194482083,0.30614335089250455,0.4302424130546368,0.4798517382377361,0.1886760870262193,-0.2873999142110415,-0.10517784771837754,-0.4521458108262533,0.1847399533530684,-0.4819553103834318,-0.16435752999895506,-0.29075366388858903,-0.38053427643439364,-0.3187690965840606,-0.029787286155183345,0.034631386062578026,-0.09870971929035419,0.23324908550367698,0.06379966294403568,
0.3179024608213844
0.20224884314799071,0.4315822508479528,0.2216190791645745,-0.2719382605071064,0.11768595512081921,-0.37508465439107275,-0.32978718913813726,-0.08449097145487211,-0.39083323883973986,-0.1706091932064233,-0.1948396891225022,-0.046442079979143076,0.4048335053962379,0.39342097845704865,-0.056234388283982084,-0.04532418605759717,0.12887959741802238,-0.1520946524455007,0.36861434522126174,-0.012106326105085096,0.018719677296973932,0.2619813243257227,-0.15539611309478765,-0.4246247849649712,0.06118477126037697,0.0599650226222371,0.09625276947045254,-0.0134240582991061,0.21209545026057022,-0.45839068535514305,-0.23560645719568338,-0.17840603530770224,0.3657455405092325,-0.15328122388953622,0.030506848859545684,0.28859713195749903,0.19869066294555524,-0.29604000241964884,0.44432836206483345,-0.058929556126288495,0.32912202133990043,-0.42044531572589205,-0.014470972396753106,0.48922783239726136,-0.26822369532641893,0.20311581289537803,0.45301159680333714,0.1637005821583331,0.4128326268139974,-0.15248547272845892,-0.4082562055945165,0.25132767723468535,0.196729575481143,0.2803017687853329,0.09280473496125233,-0.27749338600911266,0.17013604282016612,-0.07454015316879244,0.390104735692841,0.315413622079989,-0.18355710977704887,0.10719752369173344,0.3817402521612514,0.3973150511661126,
-0.3997659378716635
-0.11185314847530423,-0.24025686344234448,-0.2980534182880105,-0.38056349220624897,-0.1537967937045493,0.34348768357208465,0.08487038970555308,0.27892050816660036,-0.14935690396124854,0.46964453303634457,-0.4832324340112927,-0.47896690401876374,-0.34941976464780367,-0.45991524895887753,0.2453724076163888,-0.04683562685465354,-0.4591860545438863,-0.13147485714743345,-0.38270812957894784,-0.4102517360790899,-0.19817061029302724,-0.34022416962639107,-0.4878803958182652,-0.3492545968010628,-0.0318229878004544,0.015447250923310672,-0.19234500149784012,-0.058561313196017845,-0.43151345079507564,-0.08820391251472763,0.4766471684991574,0.07603737853660476,0.23607132196533828,0.4857497110377846,0.03865641105625313,-0.4262249559794605,-0.04740519164878975,0.003281267937725564,-0.3497969289653707,0.44146499690949353,0.24165102834467178,0.36986780996452956,-0.026003928579136044,-0.4721746639547842,0.35516615349107716,0.19424903584629805,8.715017419413138E-4,-0.4051072985404734,0.2572025710361431,-0.13715453757926288,0.4007093907960502,-0.086596556500591,0.027903711066124753,0.24356569075222032,-0.32551310819847246,-0.29140567106163767,0.39463153125924527,0.4514579135545362,0.20477036573356866,-0.1761881084751069,-0.2564921149431826,-0.005930358081017419,-0.2970726654258231,-0.3902865269452867,
0.11514152657590683
-0.42339626115649603,-0.17890894331569673,0.06236265927744673,0.11418119769828887,-2.4615143238965295E-4,-0.21111248025551396,-0.11031406743112979,0.27690124930763677,0.26171392260761,-0.47538799314266944,0.3332303931772653,0.3800323135263062,-0.5011410899688168,-0.3519162109965082,0.4195472546766801,-0.18228555167979507,0.07101496457570565,-0.16951264743245764,0.21390310320931594,-0.302376573277822,0.42205149263276925,0.2562277347151783,-0.12794622518746687,-0.023934188921702418,0.46297821807176553,-0.07305953085894122,0.0344072819709133,0.2159058315013052,0.45108544030502096,0.12162587303183016,0.46524004061561375,-0.28043902124447456,0.35749822825146316,0.005021211983896354,-0.2764856022479719,-0.4723462780859659,0.2979926536716605,0.48783227444045096,-0.052446966570274825,-0.0841076038533842,0.440651627004004,-0.3231423671437362,-0.1116272228135303,0.14350221302521482,-0.4009892617067234,-0.09692423172504033,-0.4755589291033787,0.12750046128002068,-0.4012122508493827,0.10107368415293502,-0.051983438485066424,0.18651980494581427,0.16761538534092685,-0.27972772910779564,0.32998777392529616,-0.2866286219942062,0.44487872800819983,0.33902070416463953,0.04301478231768118,0.4602542404302371,-0.4904030311877022,0.4168403471309172,-0.42168034837410506,-0.45596302460825794,
-0.4691070472125934
0.11331710047969047,-0.08907133365346226,-0.45852269910953414,-0.18009244377147615,-0.23149131142349547,-0.43154809739136474,0.10762392218294425,0.2783387077457831,-0.012466922087648408,0.11082401582099742,-0.47981218767201556,-0.12243948046004513,0.23420312698699333,-0.025873335653153723,-0.2423203521205427,0.06766331248019267,-0.29481428310067925,0.2398392343840191,-0.32058781007361487,-0.4042122235203803,0.26958189236009794,0.4527552668052745,0.4881590244948766,-0.06405365043538686,0.07859052233085825,-0.019601224788309907,0.1133755104949159,0.06630464840616514,0.2519248628501964,0.1864351441191697,0.39296371996568025,0.24299651632904914,-0.2810849081157893,0.08556350967582885,-0.009474735424881642,0.3197090603349045,0.1474583077299267,-0.05151753754185868,-0.33818531518769523,-0.11604172562406564,-0.42870552175067844,-0.1656152426509466,0.23441556740073818,0.3551790264672947,0.4062842312737966,-0.036579826637480155,-0.09508519090086427,-0.14127507961684593,-0.02386675760739721,0.30001220378448673,-0.41069955571522787,-0.08146286773563607,0.4701009451930581,-0.4782667396972196,0.08888532271957213,0.34195667024076737,-0.30454193100740756,-0.32365052177250697,0.44130176718145386,0.23707800841297613,-0.04831865940824426,0.09014029547958241,0.3504788782411879,0.48291478280228445,
-0.0664052004431296
0.440213848946724,-0.16281246793176496,-0.4124651023768256,0.4573714127777017,0.48681138157988096,0.416512839408891,0.04894893085505828,-0.10887737447755082,-0.01624265093963269,-0.4207923085874032,0.4617154491239541,0.3068688759517677,0.34767101606706335,-0.39448840694546267,-0.3930200140982809,-0.05303882972114888,0.21511012163710871,0.33907470969948,-0.22283005725584054,0.07585316267212447,-0.2076851692433792,0.46704697457868705,0.08550423230261815,-0.4602509563187465,-3.2359081520088223E-4,0.19417387622970883,0.20080206759791497,0.45769091874356455,0.29595361929382685,0.4703808710052427,-0.34774402761589657,0.39617870485711193,-0.2901716619477332,-0.058039328742988984,-0.29014549351473073,-0.3190770835921736,-0.1430615707016737,-0.46371458388099973,0.33413352318458445,-0.2716767412330791,0.02484750686466065,0.24945166138713312,-0.09715269107616678,-0.0597370509928829,0.24528352922259114,0.10298387628426277,-0.12274451065946972,0.3961623444241396,-0.06521209250421636,0.278840637921088,-0.33093413361000373,0.18142201640402653,-0.23596770456735566,0.17897040611617107,-0.21901970351873062,-0.1043881235351307,0.41811031685622224,-0.4363561413666947,0.2572591974621927,0.4294420334842247,-0.1638208832670297,0.3959921501515768,0.4110342679480193,0.35457441350404895,
0.15006130503742685
0.16869536758223566,-0.22828071282168574,0.2823295232694978,0.4168609577533483,0.14049261851586806,-0.49494879516531703,0.44264073876951027,-0.4432154659133897,-0.5006292592883502,-0.15533140925926792,-0.2977760227068375,0.02167705308814624,-0.43730132052920795,0.13846934516795012,0.15633063946182887,0.42440202576012176,-0.12479725083101328,-0.27304472407292074,-0.48756183661147456,-0.42076664534016495,0.17982125755790557,-0.2184939767613423,0.38664121829570636,-0.344390842398064,0.47814219173714584,0.07987152129508869,-0.33154910841415114,-0.21044066402179834,0.07358348480778419,0.09250441748384616,0.2488235635015092,-0.2880561209167052,-0.20744975026000254,-0.20381850897392026,-0.22021976928307954,0.014491884885356247,0.3648460760294754,0.34449963219306545,-0.3876615051961403,0.37614565795345245,-0.3934704720026123,-0.5116226825379729,0.11323845233073516,-0.30446857472035255,0.0975917810252841,0.1301211335752233,-0.20459538974856215,0.3490650173399464,0.28937310320560183,-0.22629266264696146,0.13355054587672255,0.0391298817441689,-0.21691608519574324,0.11570546996803995,-0.406205553995663,0.07416106245127164,0.14678436902141287,-0.5310246494018229,-0.06139689519566367,-0.2604454622029439,-0.0485507618592458,0.2660534595935815,0.2784264717607401,0.10908503994649106,
0.26384563515239795
-0.32839660610729315,0.19447483062276472,-0.4766441004095848,0.08633013585143497,0.3076039958101366,-0.4181348062614164,0.4752755285717697,0.43634965833140593,-0.38600660040717244,0.31316736008646295,0.07671512135184465,-0.19284387372282424,0.021612458449399213,0.2699025795244051,-0.42495224818036964,-0.018024871873347982,-0.45873438760551133,0.17840954291316619,0.3574519166844378,0.08130066451867973,0.2971105221346753,-0.07620460490736723,0.49260281467603567,-0.059981619568917476,-0.03872609383635189,-0.3486197394620676,0.2809252626080179,0.12474208130839531,0.1584232427207959,-0.1941694167755641,0.07181868735195318,-0.3017877592690011,-0.31076351345165665,0.19812730846659257,0.23072513094276567,-0.4114802556748809,-0.3246692172011871,0.4988024537744741,-0.4548397130392106,0.3585154318189174,0.416975337890016,0.19146032930506285,0.5083905138223588,0.09872389905732679,0.38977625220416695,0.028714592777154355,0.20016562817337769,-0.3991491950057628,0.002557016675837576,-0.05024739164406678,0.4993288950990393,-0.03777440126697822,-0.35313702905867556,-0.29282149841639904,0.1146081639842236,0.004434271903739293,-0.15265475644789442,0.06144244750960684,-0.35847390652359856,-0.04829000439560544,0.3699031901927676,0.06175419869899175,-0.12392645886218465,-0.34023498884806286,
0.029537525677777222
0.4306206423795097,0.27587703714434336,0.20266960212365828,0.3182356790960712,-0.21287267692818584,-0.25837947138384976,0.4803203539059312,0.003757482573250797,-0.18364607392498514,0.10906575360231258,-0.26164437064667284,0.15097804359570574,0.5269202253616679,-0.02308868858618818,0.41473140969279526,0.41137216815783095,0.3892204984304988,-0.16202063944574155,0.4371922928050701,-0.052241069658911135,-0.3197395915237899,0.22799816616818447,0.09388389987066392,-0.26646446096107446,-0.15520957270364524,0.1809958112559664,-0.0889935529813833,0.33208462159005825,0.07979986609750907,-0.2581032935931019,-0.07104151159168783,0.1794485116253849,-0.21671084389853687,0.12940803418878685,-0.07617599487954163,-0.1303093587050852,0.39011321738953286,0.40848079961082834,-0.13441583531442,-0.4318598363572143,-0.09300947288826512,-0.3017572062090215,0.44594855711264925,-0.3394071177586689,0.49140393689072603,-0.46251144605519084,-0.43205351205756737,0.10726379827351677,-0.37129717164590875,-0.24984453856616964,0.22324835815119373,0.1603308068877807,-0.3743862360212118,0.11886740927644975,-0.3022368029915047,-0.11582865753541835,-0.28352180041441927,0.369463562797996,-0.4046598558160509,0.31939620444470335,0.18700036514697882,0.5320199217425035,0.324601048039578,-0.10121615381326599,
0.16421170586016526
-0.3617514452741172,-0.1751612327773378,0.11603233227345243,-0.16817640437072703,0.4578773221697284,0.4384092574406951,0.2792030052072459,-0.4390488950498664,0.31365716843586244,0.2733579080627528,0.3482440201430208,0.020449729532751697,0.4310219231026116,-0.03744086977711716,-0.13343577221933836,-0.21111820589868582,-0.31722975363405925,0.21405629682329405,0.4808203836169355,0.024108984488489756,-0.45838073179273164,0.030560321414922324,0.25455013647785757,0.1601766531617852,-0.48950352102833145,0.07903207074583403,0.21744532683471637,-0.012255153152617682,0.4842304398767176,0.16775651892481896,-0.16108328738207994,-0.08349082204633194,-0.019838855484311288,0.18917466352708934,-0.31971488226145706,-0.24566864736107355,-0.3943766669031081,-0.38968227595484634,-0.046679011448663425,0.27820571231823243,0.07277066943261418,-0.08459846105188965,0.2819379096494014,0.4585777595009101,-0.285327045877011,0.004147117626484904,0.311002512906456,0.1174075519111922,0.5218723131051504,-0.15316445904374446,-0.4746290231187909,-0.4637484100243156,0.3122555479418655,-0.16840929690395628,0.28977783069494506,-0.21807165723396754,-0.30002080923560986,0.35573249797325446,0.3545677737970245,0.4504684635525511,-0.4907686768677394,-0.34922511763089736,0.5289464948074646,0.04428424822679083,
0.2822719626413309
0.30875604234984955,-0.17307628088469146,-0.2472138626005897,0.2852929883303542,-0.36943352600738516,-0.4589209969531024,0.41883621137040067,-0.12236667231193274,0.37311043031289937,0.24972942216223634,-0.17387089344351658,-0.4733579127324643,0.1239116290820282,-0.25029669291455925,0.3768418495750786,-0.08051882610409958,-0.17835040735208188,-0.027473171763129217,0.1315208873121763,-0.29395657928930485,-0.1361555623457926,0.4430560290576773,-0.22462998391653247,0.4871990593609524,0.2185039667317307,-0.4702214379175341,0.44858250102451463,0.3819893540169463,-0.1525764464214388,0.17031880819110537,-0.23365664473280676,-0.11996453342613791,0.1946477408151566,-0.09505460074828359,0.44033820953797764,0.24633000088439222,-0.04988498801169192,0.40043645074342155,-0.45954198949610875,-0.236794543411316,0.13121001396173065,-0.03187257620326471,0.4177053566299702,0.5066498557742808,-0.09769405722200813,0.11611824566747453,0.4254607633718225,0.2507476857400313,0.32504171436993756,0.34074653667431287,-0.17301079171181832,0.10846955209301774,0.4522784389269591,-0.3781049524750001,0.3684547025407829,-0.2819109359718889,0.4916099704040336,0.4296398333136933,-0.39842148362751967,0.39688869760178414,-0.3466560733610056,0.24654836967768617,-0.3414494569290947,-0.10613666616556262,
0.20154682588077946
0.29232994279023494,0.40493845976282133,0.018935652287717073,-0.20070406324723697,-0.022579105771112298,0.3186816988808297,0.35264970777913557,-0.013660100884507373,0.43652473510430667,0.47786045338042654,0.378053527952414,-0.0028841328056988694,0.26781103149371294,0.02772266892336526,0.4913949493362328,-0.04645156380950828,-0.0918190146795084,-0.4725959232087604,-0.17646771927983748,-0.03400448709131732,0.061803448990902496,-0.10463490695998265,-0.22403080363153058,-0.057696176229902675,0.12978214129190954,-0.07793774696844002,0.24365831217054248,0.2975300477277659,0.3990790615571006,-0.321196799818916,-0.34748564796226666,0.328369893991531,-0.43644146988932675,0.18535949379796685,0.17584140473232496,0.10417248222265965,-0.18029724894292234,-0.451404972920597,-0.48676603616966496,-0.29815993764428855,-0.16905360228415325,0.411121860406735,0.09654324426723115,0.07456232225039985,0.4273721762198669,0.005676219672727385,-0.4473262444471121,0.43901676326773015,0.1553474058996261,0.19845540398108977,-0.16872474315569408,0.16706552905632419,0.41318811347905304,-0.08357987861533876,0.4985278596544613,0.18249134019160052,0.07630362320627905,0.21898366741365574,0.17351428813222095,-0.40922006044629533,0.364229133315598,-0.4131598794209812,0.4551067974480186,-0.06027412707776194,
-0.21500402500461013
-0.4972552329052579,0.05047409166784371,-0.31280677592639516,-0.2920996350572687,0.4157475085997228,0.34405828320494836,-0.3724509014704956,0.3279398229068619,0.021236061188298676,-0.018766727923119897,-0.0454298333218349,-0.01732479454124974,-0.42370052252926005,-0.219567235790826,0.279761711305881,0.1502701951973981,0.2099713654837792,-0.43474350831723035,0.3108828863765462,-0.04121618727179306,-0.36237318805136937,0.28024854048488346,0.3131368699629613,0.03541503690321473,0.4640267809670934,0.25047885081132515,0.2469757301018812,-0.2931920324820163,0.23066174462713843,0.12292055294102006,-0.48695793630761725,-0.2471558935855917,-0.20263707976426465,-0.32651598642074026,-0.3749137955097337,0.10468472271984496,0.06357304074508029,0.36533752462574,-0.3700335322627091,0.4021612683136687,0.13763118309839478,0.26497243700830275,0.1295551411272815,0.4766739258387424,-0.05461355211989803,-0.27886327202398775,-0.2261497293548384,0.4318938775518291,0.012035700687652086,-0.06748542717605109,-0.2992723102732798,0.2626160383517457,-0.40927474004199155,0.38154230966919145,0.01270291675126195,-0.469100475293082,-0.4688538650856842,0.03103192975834603,0.4640892544403825,-0.011511789091103966,0.3809834182843332,-0.06845163345364913,-0.1784385636080849,-0.2640767006796108,
-0.09946454688881928
-0.09561251693789345,-0.09792962974003179,-0.1574690140687616,0.34841851827237436,-0.045315073144663126,0.2604751722200821,0.2532953331557265,0.38932571269550326,-0.2082868055340561,0.4328011889491422,-0.17371531918558805,0.14696636304305372,0.12124793323354227,0.24472127889245365,-0.02311821786152262,-0.03861066082334919,-0.3780940776038009,0.4838374856635588,-0.05714239341525718,-0.49838016724711615,-0.4869924842026254,-0.17042186746892612,0.4108005129073577,0.08140680939896797,0.40279956198800065,-0.27435707388348624,0.1351415124369657,-0.347571877317215,-0.2962430196552513,-0.1311610868349468,-0.2052148468129941,0.41318770514217124,-0.07651693030113417,0.3644613905843073,0.14487342165331515,-0.003994476807482427,0.15903856202838473,0.27656197440951685,-0.38526041915626025,0.3428369982116878,0.030067673465105367,0.08237982715659985,-0.07229002009138144,0.25295028224302274,0.2751646166793164,-0.39062751515635186,-0.4397258746028279,-0.4432968665492953,-0.3194947821926689,-0.31927390190466276,-0.22092208503054525,-0.4544710068674473,-0.35125651666957586,-0.17859621124478828,-0.29473938798254823,-0.10364991642541653,-0.30560526767523705,-0.012828855443129025,0.11941809898236883,-0.19689368377299804,0.2586872684739414,-0.423849378171354,-0.41786499953657513,0.2810122110695635,
-0.05044140739468787
-0.24739375266783958,-0.35221013898820763,-0.330275744646858,0.428546775433517,0.1798302600236399,-0.41416817479094986,-0.2787411260781779,0.28247625040577,-0.17654349574154074,0.2562179096049636,-0.4393516604765055,0.4305271427869007,-0.051596276389759096,0.1869133532073747,-0.3003483666287114,0.2784585889083177,0.45805012987149435,-0.03905449585295363,-0.3513088582506342,0.20630751076750112,0.2434732316723812,-0.31581064115227886,0.10059859422434367,0.10240209100841113,-0.08647894095457201,-0.26435201811362596,0.1556732885127696,-0.021457952029412686,-0.40272613540148144,0.23319996817015184,-0.08855440667199098,-0.378549440809698,0.22239541522441142,-0.030442150305348085,-0.2703329699297964,0.07362862447849455,0.21993209158032118,-0.053168766858338004,0.0869041099887134,0.19824393752146746,0.3282540689483093,-0.050580944340178846,0.27462294370158047,-0.41219080458947477,-0.2991621074107145,-0.045999245489180794,0.39350715799807345,-0.2559632502391823,-0.429857671870603,-0.31872809250841316,0.2304698642421035,0.15739871536335978,-0.3942614941705723,0.2597342423319791,0.06590234159233566,0.1543450527680394,0.42155892776997606,-0.21329138465869094,0.27199805696973506,-0.22576948127646065,0.3719518374794868,0.048650011321849373,-0.3295611440037448,0.3015401788683582,
-0.1602966166754632
0.3546771086391883,-0.10144698069053977,-0.47709711298500024,-0.4266512300488105,-0.3865278685968747,-0.420863573263678,0.469104133899713,0.06275934996945215,0.09446181691481259,0.3906917612853956,-0.42925089487719986,-0.22349011575628772,0.02658516087076014,-0.36851175172700884,-0.09763278379056117,0.27065542517545027,-0.011140987212339696,0.10117912666314392,-0.17446765098443093,0.13286666316922494,-0.46464308485056505,0.2505138349488465,-0.31106151965255946,-0.2924910919037126,0.47718293278555646,0.05795333213156488,0.19288063881454376,-0.37253198112502106,-0.11344823642430427,-0.017204261420431816,0.37301873039299166,-0.06648573146269464,-0.36721041387214254,0.3509555141930703,0.14777188343290198,-0.1913956029688454,0.33719920956193883,0.027687396913289905,-0.1350829948181406,0.1547059694141342,0.13229752185852067,-0.24958144781498384,0.2343892314264183,0.08277012128555689,-0.01543425463084508,-0.4776873867102992,-0.4059019587294486,0.24470873231261522,-0.22462286732746906,-0.38846712834907177,-0.3925732220907498,0.12843773299122874,-0.36248845081996417,0.43743526078232103,-0.05277957494085132,0.15262391025762448,-0.037145693545621625,-0.0931038739057145,-0.2193759619717287,-0.07642964385487076,0.40923763311370587,0.47924699066413634,0.471048378117725,0.36603298813347246,
-0.07154155594804684
-0.019617509390757588,0.14910861993890392,0.4889830514602025,-0.31793317631254736,0.26525022304184354,0.42640170387012055,-0.3956677938910205,-0.305031383200645,0.4290795029668136,0.013108767644823592,0.28667701611771357,0.2977510766287688,-0.3500670493654668,0.489336291855025,-0.082505247786944,0.15354212678007556,0.09650282528497851,0.08286303263321883,-0.08630502598115425,-0.10437860704443676,0.15548022887473115,-0.0935797314010618,-0.2597856463701942,0.3352843697983675,0.20798086145047126,-0.21820035091218962,-0.4663547343887582,-0.1692054854647607,-0.3786136886424874,0.32009435990453555,-0.18616256642772144,0.3851207348900657,-0.03804697770620235,-0.19223664828543932,0.1705830520642312,0.26997852183644083,-0.311697172894752,-0.028898448624717455,-0.22366235712816074,-0.4198074107033756,0.29112609666327705,-0.33160283541901975,-0.2143818915713351,0.12547786285655319,-0.24789504905841772,0.1277771798698648,-0.05662905141104736,0.0028542052040646413,-0.48960069591008154,0.31927098319284075,-0.1993435023029356,0.061063378922905365,0.37092818910471853,-0.08774008685551647,-0.36617067426453603,-0.35294452137778176,0.035497568893968906,-0.0056294898115559254,-0.46259456890164724,-0.22173720280366646,0.37024970078427394,-0.14506467462181463,-0.02639265005529037,0.29779572523880254,
0.3843908350834302
-0.09717781913566695,-0.4642676795280564,0.22395916597197793,0.1145507177384503,-0.15624139386262223,0.11345146581046076,-0.011137920301501606,-0.1049222272884305,0.3278566198957245,-0.030065676682229907,0.3785421379431495,-0.41385713918716055,0.23144811099063178,0.052664911091696895,-0.2216878419297072,0.3556134636776881,0.488746398105841,0.48775709382047844,0.048680760102532306,0.49402881865477927,-0.47845160059106584,0.02643988345690546,0.3549328828474874,0.20835461377824113,-0.07090402254696498,0.25277305362523134,0.4922949625060341,0.28684389175878716,-0.30913466401478823,-0.42106826435502426,-0.38607677486267494,-0.012063590583704287,0.41913773805693477,-0.1442954397468241,-0.15840874317497108,-0.25130082898032646,-0.190536609711296,0.016017267572091473,-0.012031235276197354,-0.44515784048602147,-0.2811647029520744,-0.32271465060642324,-0.08664632419689147,-0.011279628123403065,0.1918114597705466,-0.03688051661576872,-0.4871299061890198,-0.1551553491285162,-0.337668189112768,0.4928943530584268,-0.4008563031444619,0.4393824894424892,-0.36044750200836,0.1541824663198341,-0.10297060352097187,0.357092988832896,0.1894797251248675,-0.25192534655399285,0.1453104285300757,-0.33032648069488113,-0.25702514042414476,0.4806797969723978,-0.1489028782242435,0.040841610835064594,
-0.46003330174465334
-0.2911564744704004,-0.3033059534272277,-0.2490277121193316,0.5533455275822852,0.23794371566563471,0.43755476651236924,-0.2109988445499693,-0.2614299179595824,-0.03399387338553191,0.2237683042695956,0.45299705343913627,0.02149926229982095,-0.13374020129819011,0.3196850650134117,0.3709390730311407,-0.09135365584265875,0.062003125857253524,-0.38694830769450944,0.3165682385412128,-0.16382004455510235,-0.27291756645925885,-0.3156644405387186,-0.34497971656399956,0.13870524815658478,-0.1890385440913028,-0.3284821713000019,0.21336583423602135,0.2931509632752797,0.10683135783262102,-0.05315774270902372,0.3584931175221791,-0.194680555566723,-0.2547762152889721,-0.31217298622139694,0.35488398634320556,-0.39959248864758484,0.002396225047554711,-0.37223019332884777,-0.3769826490221356,0.09844755937628898,0.1633490835792724,0.00922725174942105,0.44932338882211015,0.0893024398874017,0.5549107256925655,-0.3989749505906157,-0.04494644099937471,-0.43079495664653933,0.21655761290354866,0.22845071686087026,-0.25941544417438356,-0.07666858753120581,-0.4132311697968151,-0.08130548050301295,0.2575754297539088,-0.41523754041509353,0.12960274271867178,0.37677193092843403,-0.4118846822740465,-0.1441687272595228,0.08153010336619106,0.007463850789128741,0.36672013236446904,0.5023129863952986,
-0.407087807616672
-0.3653418433106574,0.03533903442625257,-0.41292132218451344,0.08199482112213666,-0.2749965785576872,-0.22749612204478245,-0.699979600459104,-0.08750881180392915,0.2543736657169478,-0.609075921080097,-0.3465357015702916,-0.48454106134182606,0.3602646044832792,0.33688718640494236,-0.08520617624656145,-0.1477341828991524,-0.6040870567958284,0.060619744593682995,-0.18452993218905894,-0.06294550976287844,0.27799562756687046,-0.5081934430310372,0.404618112373483,0.17583053369695179,0.3051856873489765,-0.5863674663048323,-0.31927957862491413,0.11956107612752707,-0.11142484806159998,-0.09630665141884577,-0.5754419605530151,0.47884083750067175,0.0874350866517808,0.05182362184258502,-0.31449059442056315,-0.06768178274006452,0.018119480667653613,-0.16794332907760456,-0.2685852508062327,0.0862515665178327,-0.1979071480199554,-0.3823657782224264,-0.19639834554698327,0.13700745641935758,-0.21608744271973054,-0.4764939898959746,-0.12554980498379695,-0.14176368114641383,-0.521830991919325,-0.04611157511711916,0.18752923333709332,-0.09489880415034721,-0.33365042463747896,-0.17604838037277215,-0.6761823255600183,-0.31245509714719544,-0.2412754055780328,0.38557998375262204,0.40664535518042877,0.3793226225667548,-0.23266667474004377,0.37834610232191224,-0.5590639244694915,-0.558624444799834,
-0.2513820652318026
-0.3495948310339796,-0.6738460729361413,0.061696830900281545,0.04447052795574361,-0.6989366141399536,-0.26763976489051383,-0.37279354717431673,-0.11186774002099027,-0.5437239552281792,-0.7519078530162121,-0.33402082179084885,-0.036701799405809886,-0.3154292108916645,-0.4795953924752829,0.18567456241518168,0.1746873649792422,-0.20455331923291842,-0.10464176407722367,-0.2744550929908397,-0.35861409429295893,0.2668625874703189,-0.40065529223378044,0.22932787732044935,0.1533560195738791,0.16024846938356144,-0.15564652857848685,0.2182315125244502,0.13025020954403813,-0.5398644295834879,0.31765486690996375,-0.31944215104466905,0.1852926303833096,0.2093791343458002,0.09381776586064551,-0.5012203507626732,0.035910341403332074,0.2907859499458136,0.10854723858945077,-0.7445214833824363,0.032640680801970544,-0.1274811636130542,-0.5666350832775321,-0.5043314432581064,-0.059897162300988044,0.1872212593692888,-0.41758486725623306,0.16134318854328467,-0.4282858323387682,0.3026201600916542,0.027537033113749537,-0.4796733725726298,-0.01622222198919915,0.22836369186603556,-0.2747624895617356,0.018294097694552668,-0.45867145137861004,0.07992989810073421,-0.37922897401631706,0.10549981453544621,-0.1488048743115368,-0.3443590632181552,0.10776475585332096,-0.12244252945943845,-0.43276737441473084,
-0.2737731212697643
-0.039636977610148345,-0.34916697862000573,-0.43696337712590094,-0.6705281838625679,-0.21318818275517082,-0.26377958057871426,-0.08749991601492703,0.32782933285450117,0.34062962671532393,-0.4962445489577459,0.3760825266082802,0.3008765925660283,0.2160653683512584,-0.41116303449854213,-0.38791173323098926,0.1930778001658007,-0.11686945156817438,-0.21491615287017837,-0.6523505272043009,-0.536036137740016,-0.04256980933910153,0.11226618301216156,0.2983399515433919,0.1470626079808683,-0.4219776218507345,-0.2969634472555888,-0.45954015070452414,-0.033015575215567694,0.15054994356863108,0.2124549978755104,-0.6556193234200524,-0.35331739733214934,-0.1354852746911797,-0.30482643883132016,-0.04769798265676001,-0.4325245141409107,-0.1981028588940623,0.09659610294614997,0.09353389158656573,0.13323729862610906,0.10443391392201742,-0.2193742868789874,-0.5898101947810686,-0.4151774942860275,-0.11706629208992488,-0.28752901696943184,-0.23094553353120367,0.0898805969289843,-0.07807405671612908,0.3384320557626486,0.05314547747029427,0.22270835622923044,-0.06514202037490097,-0.6185959840591355,-0.7048390587733178,-0.36691543332462345,0.2734639089223338,-0.07267525960497324,-0.04471270582774383,-0.07184856895071318,0.4067405082650677,-0.44099512506922556,-0.3561034964949194,-0.19544831596734033,
0.18880919731434426
-0.03677607236175169,0.1940267496018888,0.06778795016052612,-0.38253138685419297,0.19134181186051702,0.26569616704093385,-0.4396327348021767,0.17105013543865097,0.09192333477569253,-0.06420501740574734,-0.4080615025961229,-0.1653115630469923,-0.2710388158539605,-0.2504246739633212,0.45489772522734695,0.26163080363930546,-0.4198444674869273,-0.00956098184143057,-0.4327489306207046,0.2505454894119693,0.1433222840933089,0.0673117060041814,-0.279806371588958,-0.25014342431202785,-0.14660134869369915,-0.056213854093692575,-0.22510469909346567,0.3431138767630082,-0.22569922341362408,-0.5155535667676301,-0.2950523461148,-0.21168280750396648,-0.08707237910301197,0.2524118084787375,-0.1345158467712233,0.011719988760034133,-0.16965591467760738,-0.255676197478233,0.07234007077043997,-0.013651692430081548,-0.5218472846514538,-0.8074938574755529,-0.4040926727509325,-0.3256756209045999,0.04059295303148969,-0.09522444213327777,-0.23498291131217877,0.18941639147836262,-0.37087080874081946,0.07606787366718648,-0.6559771718996956,0.20628515876004852,0.1783376015581884,-0.7587393307457219,-0.6681988485847947,-0.34450842031407974,-0.12231887827159524,0.10356783483905481,-0.39865399848483546,-0.31155763435004896,-0.12694672102292176,-0.4894411260857658,0.2877492242834409,-0.59670338122986,
-0.4957732687375608
-0.09600678787240943,-0.18012923630589991,-0.3533009443946094,0.028001773193799692,0.00943534112149975,0.18858215916212062,-0.7518484025814334,0.24054169762835853,0.18488865467492674,0.05849975772544571,0.07082144583109655,-0.38406612808049734,0.05207534294148033,-0.455129641458661,-0.05490951951494659,0.16320498588060126,-0.3659641265008952,-0.0188798086834461,-0.6013032426432213,0.0640227512062846,0.37621381035510115,0.24095595429329333,0.3855248929875619,-0.15876685654475242,-0.2792627019652782,-0.5042367943814894,-0.36150987361553033,-0.008501078584031516,0.18871508847264953,-0.28591889175929225,-0.5977585717571476,0.07298427346950587,-0.10450505642347985,-0.5499814996572205,-0.5610490690278439,-0.275298636093835,-0.23201480721931558,-0.33617200680775355,-0.6930926019712869,0.09336557250201748,-0.2513978686357754,-0.34598564344640753,0.36130196580066753,-0.34751953001517183,0.15403140669207457,-0.3349902282877555,-0.1973455440302907,0.30769754847841607,-0.15503968402738702,-0.48710114056083914,-0.6069989114695594,-0.11296687949833535,-0.4452198112549549,-0.48042467973960284,-0.6271429142576452,-0.7804878996466657,-0.17602072152772058,-0.16387616679086375,0.17714972100098633,0.242847315461751,0.13180373634241177,0.25258991354695604,-0.41640591899785234,-0.04262247572287043,
0.13586165703026618
0.3864589705201965,0.03291871198078001,-0.3778221361681813,-0.5987230917060253,-0.480438843188603,0.2094135339540259,-0.7279070149062441,-0.4062046110585439,-0.10934060025344972,-0.36464312291853157,-0.21545039933277196,0.24542665017886442,0.04092049328398172,0.0853120319331194,0.274084769717082,0.15866868548740545,0.14369595868852197,-0.47490262920444015,0.057322012029127414,-0.14004337208677828,0.31082596391794143,-0.20336541287591706,0.1714760352235767,-0.2868639620306177,0.36702594617598394,-0.1879521666927219,-0.13424787019710102,-0.03154782426600052,-0.6253374011844326,-0.015151323153681902,-0.2588392412742729,-0.0656190968787068,0.2938471341652986,-0.037692147927815424,0.2118034451005386,-0.3255055207802426,-0.257617110348609,-0.29282039694282336,-0.422883469179324,0.007800085083804797,-0.47169597843356176,0.08164607580668848,0.20675126829199203,-0.46631103506410965,-0.17358200408477575,-0.3613839584890515,-0.37556939408668105,-0.27231343866205093,0.33925568978999354,-0.33571797080897636,-0.6130575379227479,0.3841328934042033,-0.2551436178241564,-0.08868589598790377,-0.4105644523322782,0.06954566967585694,-0.6642153257681037,-0.18641955334799015,0.03377860857649345,0.13749576788572646,0.2336296414484161,-0.14244297446922216,0.15376886263095035,0.13112322661406492,
-0.5435717256207835
