208,64,64,64,6
0.058784781126657894,-0.07710261681798493,0.43037280167237024,-0.08936872315738971,-0.002133181203156675,-0.12133815304707228,0.5696509452873703,0.3535916474609861,0.09663509505783056,-0.3504823792626753,-0.2759633696880575,0.21276294084139735,-0.21432792778723692,0.3918319358472428,-0.039738870272434494,0.031074313085701622,-0.026671838931531248,-0.20698022515592093,-0.03715741284211719,0.1306740744231241,-0.05687671797636373,-0.2465315811703918,-0.23302038779557468,-0.3819026646278238,0.20374336757403752,0.0714854852015998,0.38841288065869695,-0.4141523339218011,0.22883112064972624,0.4733286561348084,0.4604467409294498,0.24111718620960887,-0.3850123942318203,0.4075004694679351,0.11977438697617926,0.3510480099680673,0.13567289631663032,0.002336493992245152,0.46153637321090185,-0.08416829739053407,0.10855819722095787,-0.4801717523726537,-0.14673984178306387,-0.0032624734878643007,-0.06454192581672065,-0.2634848485581422,0.04056048489623263,0.29345664171385305,-0.4904974913986279,-0.43160945222670194,0.32703784776506334,0.16027361044234734,0.1598420395794471,-0.19272984173793495,-0.036162516926076436,-0.3515020781611367,0.2616682931912148,-0.2215285092890199,-0.44738502597402224,-0.4027774287118388,-0.2046385942936081,-0.3438979105120445,-0.023550720535914085,-0.2960274984088314,0.31214003549165875,0.10810662199865544,0.13754219960753222,-0.3185252629849978,0.41366673628622214,-0.3683014253983056,-0.4294173528044158,0.06088305236255829,0.033724620936755524,0.40952988774954696,-0.17805709811823678,-0.06285742508155066,-0.4780036184601864,-0.2320726374836659,0.33741299026885435,-0.031219863148342093,-0.22686027837711897,0.35075208272730357,0.4849687367220982,0.24225875602167102,0.41876827084662543,-0.06408582981152285,0.2541078875359752,0.19013544984962916,0.40561051644640594,0.41630187706347926,0.11957767884960739,-0.3873864441080313,0.12003343341327614,-0.15713909795045633,-0.4651434796069743,-0.006317720620996125,-0.41271826877851253,-0.41521441565990863,-0.4704586870515219,-0.2741125238381796,0.17319773519382742,-0.39973881282854357,-0.07516882838602308,-0.4381204562817516,-0.3531494722434046,-0.4690777899600956,-0.2474128151389429,-0.40376429508708317,0.42441778758822907,-0.16583115628487466,-0.43401287941555994,0.3476555996518968,0.307827011396449,0.44970968234043557,0.4635827858569263,0.05948044176987142,0.0560775236170302,-0.43982398359161917,-0.1863928254801267,0.16558809552352927,-0.3171715849997739,-0.14962120319771455,-0.1383327748461689,-0.020932748620900745,0.46075156845791015,0.295756916976836,-0.3675028316206586,0.052676101685011224,0.23131324457248859,-0.08220912621503247,-0.2047630821835782,0.3329420448109394,-0.23193840543019695,0.13263362270359036,0.4517383377811431,0.18386078446819842,-0.37783851822816955,0.2889357420995507,0.12869158908142095,-0.40849546781238194,0.09083215336991317,-0.25817996559913364,-0.39309663298290004,0.37745083391930373,-0.30749259581346516,0.3421857720560649,-0.39515336833922093,0.04679473862364556,-0.19304813178539948,-0.46599960317858297,-0.2513580654828466,-0.024390991717911228,-0.05576899315923924,0.34696278748445003,-0.29308162215908745,0.003068478935789352,0.4433466967144561,0.44789835612636014,-0.1534579413270032,0.13505584900676093,0.26951432505153555,0.07147358733839741,0.2739883303829384,-0.011081475229769875,-0.02152900932426557,0.0892932033100186,-0.3328262556280875,-0.18685300367548985,-0.15313093321487659,-0.3038292202022009,-0.12614748084013724,0.40109714353677833,-0.37027697555608247,0.1933392409466449,-0.14477914682589077,-0.015519669468222393,0.3990415789573743,0.130594845746086,0.1871626310311012,0.2401967502487602,0.4421912042274548,-0.36715539821972293,-0.003392295069016144,-0.1268109513545953,0.25420154838060244,0.08125369495341676,-0.09323544909813138,-0.15165535776946193,0.24513669785925463,0.4451658365075379,0.29252650514452067,0.2360771027389197,-0.09817933703705191,0.46819638435094374,-0.09385871815843257,-0.19093189669290644,-0.20738035620715567,-0.3996255720929412,-0.27672812510401407,-0.018246823320983676,-0.015352582200069123,0.03793655392021988,-0.31913425935423484,0.41948625721821137,0.1546742690129852,0.4833516008203637,-0.16921107218019849,-0.3390806928042334,
-0.3978148988465875
0.5315035212563565,0.5918716917312044,0.6120200955302979,-0.038408335051563255,0.41059713293076733,0.7848268311833998,-0.3089374707297227,-0.12650545385555703,-0.06384068036761022,0.4988687507978759,-0.2747407219855235,0.07380777333615189,-0.018037336475010213,0.38316816266535086,-0.16790289942771122,-0.2124163390491596,-0.11970050849225768,0.28923240199306904,-0.17902423610863102,0.4762284908588927,-0.010438791991046083,-0.2542358738955744,-0.3169300861874555,0.3348627004778058,-0.16438179748498158,-0.3575797062002632,0.3204164657218535,0.43199822661287374,0.500490540400678,0.08523123314693352,0.34762085532203274,0.2004800009761309,-0.30871184041021016,0.13925423653278837,0.3733227109257076,0.33104408868038154,-0.27342911374271056,-0.367801318542654,0.3593922800889277,-0.2656601208572195,0.5074165211639468,-0.023692708887965333,0.28655824388225787,-0.14990352023120043,0.30892693253929565,-0.2948840329712132,-0.2889509144018599,0.3863602932975954,0.3442350419338996,-0.24469374080411052,0.26546072667803927,-0.3230957314795921,-0.28391080494361925,0.19315681160397205,0.19867283903626778,-0.3239854815857179,-0.22119460781974973,-0.1690321706215898,0.33488191426298525,0.4696831424445544,-0.34534507088356664,0.08786380523083236,0.3002442833162369,-0.03362491391666752,0.3149961446201954,-0.10665534102787778,-0.325858472490043,-0.2931473764936308,-0.04994230605740802,-0.15300527403664552,-0.19881720744073814,-0.4617948088347051,0.4460071046105711,0.29404818445532815,0.36041053858074173,0.23414647007472603,-0.33608430729472966,0.4540481950589433,0.42977666562727507,0.011804142645096877,-0.12754345631391287,0.24862684742360677,-0.2931912152074094,0.294642915617278,0.12464948433907082,0.01447109364971543,-0.24951294532310106,0.0018239125767067763,-0.4113065477713593,-0.14117030319505494,-0.4052959069408599,0.1062192686979959,-0.15609719156221455,0.01745481121042009,-0.14971838022663062,0.19646328439859853,-0.06500873541348677,0.20866132938443463,0.46036950699214346,0.30283699744504017,-0.458576820425685,-0.3577743733715056,-0.39684586156811313,0.30244561389138075,-0.03672099294894365,0.0381347751611193,-0.15384544317542778,-0.1939362765998641,-0.24894217666616456,-0.26226361094410894,-0.45201336949019716,-0.45281358651431497,-0.2859335364314631,-0.25137182217535164,-0.32367300712143915,-0.056761774433881314,-0.26947809901818437,0.3546650750215264,-0.3350902569677681,-0.3204425935091399,0.2522192574395237,-0.2562481156753135,-0.33225887609671273,-0.12131524709603002,-0.3524051441771698,-0.041373184712834986,-0.41468190306723457,-0.33934722233504794,-0.4407594890581526,0.3596320396894253,-0.4645108562450387,-0.3256170825407945,0.26540110546715906,-0.2964945179832303,0.020696601063283332,0.4859641847393967,-0.37028511573040995,-0.11148313851786341,-0.09630844950972763,-0.45350054108127674,-0.40056833443001366,0.39381136268659506,0.4454140852779102,-0.16962922858985083,0.36957157376815514,0.4496118465151688,0.08158297428966631,0.13418799631497982,0.26896257908116167,0.014970631326717563,0.3186404740106336,0.45735032172502194,0.14382242103587375,-0.2889495358117589,0.11504974925086577,-0.15293687526478159,-0.48447334538409276,-0.03954650630136671,0.3805436658882298,-0.4161822110724011,0.07143127328756373,-0.2830938356111355,-0.22622467059838555,-0.3922449452929851,0.11109470835817213,0.3346468287573077,-0.19207744313564554,-0.3580023111336679,0.4149710669248949,0.3231521872660879,0.38414975731252227,-0.4440488553310728,-0.37137762647657785,-0.03962238559237797,0.2644322606577522,0.12973624085104205,-0.3372753370489429,-0.0035246470081170085,-0.33190012574600475,-0.46966954285765633,-0.20238091842636705,-0.030006183279469516,0.13055794162826287,0.4906599174284387,0.15088580931722698,-0.020149748232477685,-0.0020042573279503515,0.3947975027474477,-0.08260487724950118,0.10890817380063154,0.44849336602910467,0.21558617420014906,0.3235164749042448,0.07877966201071239,-0.2722095904897169,-0.47457815342743487,-0.44935678124513706,0.1305121122650856,0.3670805197121217,-0.393406971392452,-0.022083270938774116,-0.4278920030387337,0.5105484588005765,0.024489212049009175,-0.029989134684049214,-0.08863491403494729,0.12196650998395199,-0.1048463314145245,
-0.06245333349178054
-0.036500133269911826,-0.27074525859119697,0.44084367872024305,0.046324173283969594,0.13014236554005862,-0.19769425940365024,-0.3791185960395981,0.05438256990151902,-0.18152085676147467,-0.3397893548637583,0.2998100021435667,-0.23463783871113802,-0.13671349108855735,-0.3482772661426059,-0.31809098858353374,-0.41150804299901433,0.28745797606786183,0.47079123925925875,0.11752779827526207,0.02237170261751383,-0.12587702573050566,0.12210932547502588,-0.08903859746132833,0.18022458111485265,-0.2049398335255276,-0.21849689484360385,0.4239310609631227,0.010903726944762373,0.1145562138282205,-0.4548717160153492,-0.26702973172472566,0.41209569682247543,-0.21745120266721324,0.2405145834689956,-0.23412563332638955,0.1974026471062854,-0.4569442058495453,-0.011859461878779025,0.08942017604736383,0.34216832790779017,-0.03160143963172899,-0.121915182981613,0.17405711553335312,0.20526311488540594,-0.23750540439050005,0.18720809489680257,0.20936447827556126,0.3880367439858242,0.22364410863653694,-0.18002857337179534,0.35418412432164037,-0.20593065599254756,-0.18548360738591474,0.2736444392108517,-0.4231396664061856,-0.015055663782468217,-0.3552999938165943,0.262976569399782,0.09162270488903254,0.327911137460389,-0.3201479295930708,0.29082273813882653,-0.2367608959233487,-0.41609736016566445,-0.5048168670984685,-0.12748275001834405,-0.24854593344850895,-0.4769046069553112,0.4312178566865087,-0.17410764034660697,0.09739126382665872,-0.125071666699149,0.08106169226918977,0.024188093355822244,-0.08398699013282421,0.42047160244516624,0.1409419743090513,0.2757025859411111,0.3518942066922228,0.31726407405566415,-0.21041850071169343,-0.4581165670292793,0.4799815827276963,-0.18978552601689236,-0.0729985876213,-0.4653381062473787,-0.11132647167622015,0.3268873601398836,-0.20036034973281724,-0.1558165885737145,-0.2305302242488082,-0.4185274104804302,-0.23379059566725935,0.13968997315379572,-0.044395663992841054,-0.2810373881163025,0.21751252742668892,-0.34083948556404353,-0.4985110445394397,-0.2804613433762243,-0.046539752518442605,0.1574180206461261,0.07545869640035716,0.2528939961294795,-0.3581560076600757,-0.2822371715962326,-0.3497750555513066,-0.07680170825105517,0.3359373869374691,0.34879381492332995,-0.281394366951226,0.37763416481045264,0.4117998494631403,0.08593013686395887,-0.4634836349438649,0.06491318610254146,-0.2988088921818406,0.39624804255295876,-0.2991302534459901,-0.4750942625412523,0.04229536509249438,0.045599213178237404,-0.29305486658889945,-0.03350514765319965,-0.052007727251358986,0.22857759953943768,-0.0020453765984354,-0.45200836921509213,-0.3997983079640546,-0.3152454635022973,0.4189446533035668,0.21292560102704872,-0.08113212514558724,-0.2712973584680477,-0.0821621709715186,0.1537505061090314,0.02543741164029002,-0.39331935317865896,-0.20166739580678839,-0.023017524522489247,0.02322534245627007,0.3594534439101491,-0.17745707156918245,0.42551350484043793,-0.3491482487327566,0.418572373610384,-0.014325806803065834,0.0773208909609717,0.02997119429812303,-0.5074569079995775,-0.15930460305377825,-0.21548141995980796,0.42480553239718766,-0.09034070464899038,-0.1621178232381294,-0.25732613674759425,-0.34146929415419125,0.47588268105471665,0.26226852761407726,-0.01246115986952548,-0.40964398742706654,0.0790006123701624,0.0014601253643912735,-0.1951768075560404,-0.15282538982860505,-0.27560509531360966,-0.4430746590685827,0.008360668894702111,-0.1750479287564991,0.42310654442850304,0.42379470795156726,0.29299894166736673,-0.17244064760000677,0.3694824953233773,0.20736313239744886,-0.0992314629794038,0.09454588036798037,0.1435428600780062,-0.3810961356541882,-0.3476365948524127,0.38438669026604555,0.25230765614632156,-0.20093343319147017,-0.009307812627275995,-0.27397260191827244,0.18467435873518478,0.2540465454706804,0.0592356743150985,-0.07091046026462271,0.2960388363144353,0.05787579823430813,-0.004827240928501994,0.4518877145249497,0.26170387520558447,-0.12639928174285345,-0.4442866385306439,0.2664495378640218,-0.4577790036058711,-0.22322424439599053,-0.08419604275373607,0.4310177147962998,0.2891629330837211,-0.17338449864925243,-0.023652700850743818,0.18305339321546077,0.38642564874026986,-0.17668715813506475,-0.19569532292158975,
0.056281981756736855
-1.0141895884991399,-1.0616568589305508,-0.8726353776761913,-0.5830191583704528,-0.6727016078860113,-1.1500575492806875,-0.6467891151567783,-0.6965863668405234,-0.17788523769712292,-0.008517034762635376,0.09284584711628097,0.4391949064448368,-0.3907907469578071,0.15053728429363772,-0.32576355190397005,0.012679886346671233,0.3934185048145487,0.021590090030324617,-0.13263555493867493,0.21516432291031443,-0.23943081165866095,0.21750624181944042,-0.25992878967488436,-0.22662958319279816,0.17028032707696025,0.2696090928753497,-0.41894332834727505,0.3194870409316323,0.3088841932118787,-0.4435333877546764,-0.16156824140119228,0.049176501974326964,-0.4943842703406549,0.32827474142498747,0.47204741385576726,-0.21206282398627227,0.15964721177370164,0.4009369869445973,-0.2633228900807901,0.37485925802568226,0.390793774950189,-0.2662390972051972,0.10241759761298241,0.4937307073622394,-0.11907392821884799,0.4895252138874013,-0.31807334381081104,0.3449956429633276,0.39782694527796786,-0.37036942681575763,0.19032840797975062,0.33558516088112694,-0.2363282591027929,0.050752323191629124,-0.06655388860449249,-0.09585078646482287,0.25904862411780455,-0.26794242348478053,0.3294160904041727,0.30950968608562673,0.038055254986782035,-0.34498572295774094,0.3868913332905369,-0.269339134400101,-0.18310520926882742,-0.40066232968557874,0.09030466096696796,-0.31921101431709625,0.4236484043368795,-0.025714916677714465,-0.012611803057445808,0.43407211917967664,0.40725289110290347,0.4314224635880773,0.40012210918243346,-0.10843987474707759,-0.20468662623256975,0.12315184959641581,-0.41248768862281965,0.07122413799453223,0.26323302711173596,0.12070155107797956,-0.12292676726391763,0.1973033507218405,0.43124284346351077,-0.3140542527087358,0.2516188598932823,0.18536688148707306,-0.2587337586224862,-0.19666593320452277,0.1289406078822928,0.17204629269222196,0.38215515510025116,-0.37862444873488327,0.1041788832578961,-0.37781506747141097,0.02968531268251136,0.22753579490098755,0.23817003892945512,0.4611877823082912,-0.25319979411304233,0.48606991704879093,0.06977809030007351,-0.3733540781242583,0.2499449856009587,0.5052280542257609,-0.09380313624007988,0.41084759646980124,-0.1110672647405462,-0.3315655574445306,0.10243446295510333,-0.025421974486859136,0.11063742921371128,0.0634546360641978,-0.020330936070185268,0.4526482453134442,-0.11909074455691518,-0.42576988387609244,-0.24810893934867553,0.14288277632695764,0.5244595877733567,-0.1380268469045057,0.3312236829579796,0.3728352166334871,-0.2909353575836759,-0.044720988571980584,0.16454014953375454,-0.22771081804194857,-0.15171190846500568,0.1934268182915532,0.3174727323156256,-0.15535815768483038,0.026024735353987673,-0.1772961465305792,-0.13336512485149662,-0.07344414033585672,-0.34348130390742543,-0.3674968318671242,0.2868547534502303,-0.14719502951756333,0.4851113857616675,-0.36389269126422524,-0.07255517984838367,-0.09797300622407495,0.20782586628305236,-0.04951422865874428,-0.13999155367682445,-0.11086214569463232,-0.05800416500290156,-0.2899022495988179,0.35001170291861966,-0.4085514490941447,0.015499137719724458,0.061605340591535045,-0.04467562366667407,0.04806640391417597,0.05875707745415699,0.0295672398914007,-0.21283868725202018,-0.34404888271236606,0.1815124606151143,0.3175962213590248,-0.21766865853187709,0.4010349813972269,0.0955010806555622,-0.08487174037478798,-0.0695718463969702,0.009105428325879626,0.40448242134642104,-0.2831350489652506,0.275573299796157,0.27868817590395895,-0.07530260712937148,0.2301153629376034,0.16954888463463982,0.366956768470215,-0.1783277457714136,-0.15532330889956156,-0.3083666577145578,0.3397347313776075,0.5533893298774273,0.07055819403819608,0.3701808282635349,-0.1320551148108132,0.09519721857350993,-0.3892338862609483,0.34196088673298336,-0.4446003160390187,-0.3115662127991528,0.12953167893354858,-0.1324980753629231,0.01661521517540901,0.40258802253268705,0.10077862762905385,-0.31584162337631955,0.48837129138079743,0.1299272196197179,0.17729001152934518,0.023348172270286904,0.45502791009826365,0.24186836799122738,0.10794879996704476,0.24438357874809538,0.4951488486066891,0.02797387152966061,0.34859073503041366,-0.05545499925632447,0.31577088471797027,
-0.3802855627820188
0.11303468519734897,0.04179174767936887,-0.3179935831701739,0.23656319726024413,0.1293995883649144,0.15870272892822387,0.11089421175847446,0.12283564620540341,0.06206353358961691,-0.20575931720264315,0.028757485451261406,-0.3961085336949842,-0.47649610636111583,-0.3502897388748167,-0.2972156123115974,0.4124380634062733,-0.42363212477570455,0.3756872598150183,0.3708755431039989,0.23915896417200275,0.13995313757943775,-0.14727447209053024,0.15005288379486706,0.013522898577227972,0.016908997451906677,-0.02890227072904388,-0.2642719077754719,-0.24742329542393865,-0.21909366362524127,0.17521854652872848,0.08998529537154044,-0.18311012020452216,-0.35276258284943474,-0.0407736182502475,0.3239928610492123,0.07140049139741199,-0.13881436666154204,0.2003956506415893,0.0319479214170554,0.44195266756534585,0.12914032762444352,-0.253815066224,0.46091177643595443,-0.38138937412147517,0.06019988428393865,-0.07577803348452779,0.02911298126194391,0.22673850926746644,-0.31433334281014985,-0.2619876261454405,-0.13995814667091308,-0.414058726550014,-0.39305871393501063,0.3286080170591816,0.206124697312752,0.3080806381239934,0.45171586663062063,-0.07465253468638584,-0.14006219625545888,0.369830795005815,-0.0772918111159246,-0.08995319833712541,-0.09019454329153227,-0.030890198502759352,-0.12548871869586184,-0.1916085171607935,0.48678546821903873,0.4288445116731395,-0.4652004483400571,-0.007992731798177262,0.4713342012900034,-0.35312092798850886,0.19804725905023415,-0.3743353481829788,0.4804825372450538,0.10743846464344146,0.4630788834033827,-0.07370237696615074,-0.1598568089265315,0.2674096735040789,0.36018475907291964,0.11399397456286813,-0.3377914607730184,0.20980537304251226,-0.4807999230512902,-0.47015825837609054,-0.4076123044407584,-0.18287404240082025,-0.13314121541845245,0.2714917705636521,0.27227050772437716,0.35893762635505216,0.20989818687467812,0.3545240378774441,0.06789447806414943,0.31083574301045186,0.45980417253582956,-0.153818822707639,0.15713111145627748,0.42606409906845216,0.18575127664435312,-0.36224041549455893,-0.3605043278488292,-0.43358752817761986,-0.3557948057190056,-0.47707503380070376,-0.06547521743241864,-0.43438347905674496,0.4268199405533489,0.031445624814508875,0.3686541463103919,0.4463350595830298,0.3926761780266074,0.03131368947394788,-0.48443121690800234,-0.35911792118540303,-0.39342976936528035,0.45695054553738096,-0.44871343891520826,0.4762420052154665,-0.4080212563845141,-0.35283030155556344,-0.3872250537206498,0.07549810999241884,0.3254867654744587,-0.3162031689219487,-0.09230950953265478,6.560324605717981E-4,0.04888209312453753,-0.18967700294441078,0.11286865274250173,0.4159454961106304,0.155781907546256,0.4796940464344163,0.42048178940966857,0.2860351359563548,0.12157267045237445,-0.16868459576407288,0.44332114316894305,0.14019672924981177,-0.311392608860012,0.4295781978095436,0.0744484526095908,0.23130680285371555,0.29301937266418515,-0.09031081023852457,0.31150151148557276,0.4976751027235898,0.02517469727376605,-0.2286863700670004,0.0022271985725766112,-0.40395885848587826,0.25270061879770517,-0.06348360334416264,0.44535447277256984,0.41568106540654254,0.40319032669707594,-0.15428612384096238,-0.21029092373279742,-0.093580363966513,0.30309936204444793,-0.19617491820985175,0.21451039137466757,-0.24255769624652931,-0.09998776987899168,0.008537463900003905,-0.054919589673242376,0.44915548910749964,0.15737256707610017,0.19357899319568897,0.26073355174705687,0.46694334451963376,0.40393377775105793,0.1021152628257244,-0.21459489355451308,0.013521772792487374,0.44460120117719465,0.06886641656369401,-0.48338476055933105,0.3856914732967424,0.29500131119215695,-0.16573476317307553,0.24465478938395183,0.2916438786685244,0.4890269107767162,0.3399549851170404,0.24141745830258202,-0.22342527537487897,-0.473228258242359,-0.33784889478462027,0.35709296659526885,0.09721231559624847,0.17968203553750997,0.4278683864942428,-0.047026007142766814,-0.16003149217293808,0.05041626060385198,0.028741213743766442,0.419919384411888,-0.1872277949880152,-0.003181322889381238,-0.3018587383589782,0.3845547537007706,-0.24275299569989714,-0.2274235317412668,0.04952357702692369,0.08908094117056368,-0.2742544109911694,
0.15373111806115766
-0.0329427269659462,-0.17142635244232823,0.030846005933558594,0.4701156730459393,-0.011748189373335579,-0.10639326845123312,0.15635769547585135,-0.09448784583162304,-0.3115992702932003,-0.39185605492857817,0.2610156985039674,0.4739229677429469,0.17395605529071714,0.04390482221628426,-0.42199412826815164,0.45493035573629126,0.15611424890835823,0.23803956767984913,0.3484360371018152,-0.27957828140668434,0.06448288100908167,0.19766049766783086,0.044192632195330074,-0.31129993288079566,0.31620656069669495,-0.09237617505324225,0.12540337852787994,-0.0947707893444198,-0.24154354589120725,-0.03607762648439228,-0.2999772546813844,0.08408832072353291,-0.20323307575949562,0.17287735693160555,-0.24977203981449017,-0.3396769220580199,0.13364164552911442,0.16947201943057114,0.22018287903944636,0.3816651969282892,0.042889821517475134,-0.19782305003130637,0.1678429210569772,-0.25437310443029953,0.27437565430772687,-0.12381251846772663,0.3183108747693339,-0.4555190687091936,0.008815542929698345,0.4860892036155778,-0.1725338507923911,0.10568171291308849,0.06280713895135781,0.14355427429056025,-0.18565992848548105,0.46873338543254467,-0.3630740321731461,-0.332727073985618,0.21661927373286163,-0.010881145672763118,-0.025795945785865564,-0.28426855452795147,-0.1689745018972074,-0.36205323776182013,0.10657622451154104,-0.2456296069856306,-0.022188702527818047,-0.4294112824600446,0.4610534818172231,0.19494707655531832,0.0889627932832441,0.37449417579165273,0.47335880724645435,0.4224644192944062,-0.3386979338888007,-0.22546687926803252,-0.4860123884354332,0.43381805580321625,0.438533354836891,0.4736319391697376,0.37013157581857464,-0.14764765712428238,0.3903788216195018,0.23713104423725972,0.24663113670744388,0.1538048890605989,0.04230126049651086,0.29120786755273026,-0.24990136976969685,0.04165847309397976,-0.02408749543501031,-0.40112856808764036,-0.39741989267654526,0.04370827028793935,-0.13198190917110983,-0.39854950532185635,-0.10539885100444911,-0.43330886270028773,0.26535010867980474,-0.43084007028679777,-0.46783174827901736,-0.15788683101784914,0.40239183265515815,-0.2087552069136732,0.15827345040547294,0.4239504801885727,-0.23870070952913078,0.4543654592655973,0.23667731604551315,0.15768710433949631,-0.25422368646250476,0.20730113972218414,0.1742213428942492,-0.16980634977688533,-0.2051384254924604,0.09071312398421462,0.32764733524062367,0.031238534678489933,-0.5020628403534629,-0.27737639837139677,-0.5081214024375046,0.10996316196553425,-0.2111297247808087,0.3734292933739248,-0.0010566666152291796,-0.5065581840922243,0.09505080948920898,-0.16131632020069517,-0.1298020094089717,0.04948491232116647,0.3961894981874559,-0.17645437616173562,-0.44076537267010046,-0.3778650220660465,-0.4919074465376542,-0.11029406389439521,-0.30116722904809295,0.3458421238020823,-0.4517695762756449,-0.11623207131454759,-0.07745708871508471,-0.14690369659515543,0.46277006465711373,0.16547173821905928,0.2699655301448142,0.03033141713721271,-0.3011589058418484,-0.11518373922568313,-0.09548436845180207,-0.45179352822161417,-0.4088414079558706,0.019047167466856505,-0.12656002081312218,-0.005092736012032605,-0.20127398062255494,-0.12635764854190049,0.4220803298430564,0.07490181352335991,0.17519399089154356,0.2758417045227706,-0.06214771079379318,6.209997421358606E-4,-0.21444821519766485,-0.2550691487722981,-0.055862976748408434,-0.09917425708266757,0.392180037218031,-0.4895964781996109,-0.30974182112641263,-0.20303922619384127,-0.37510495661143345,0.3672904933574746,-0.20905581255280178,0.45758381739285786,0.22246599996661234,0.0073579751028441725,0.05715195053553918,0.2309986993260517,0.1871888150625959,-0.354458634813637,0.12985477791583802,-0.22249066456919017,0.42945096985694015,0.4728953841650741,-0.2206262299560546,0.4752511997749927,-0.5041760852202385,-0.2894952563860586,-0.23494119790639953,0.15734525623352194,0.27207111976545856,-0.18678565553700097,-0.0363986302100601,-0.24684086528581747,0.13156103771981045,-0.3222984919203205,0.06898836302101609,0.3527488986857093,-0.14007390988178023,-0.45367307929881867,-0.45691744810354845,0.19109379902334947,-0.17158955052746502,-0.33363444964750316,-0.3469584243194756,0.0575258659399445,0.311200681598032,-0.3363681921134563,
-0.5046393531489078
-1.3661291864842215,-1.3434059490124377,-0.8864426863449433,-1.3111237436080316,-0.8986488268885816,-0.821171807987307,-0.4774091261924186,-1.0653808147842256,-0.07849744389776374,-0.37011166773791354,-0.0035132970846374037,-0.3935128616768007,-0.3354602249882683,0.4337413532884508,0.4784631637284011,-0.24157468304223054,-0.45060652752336966,0.2570647271397522,-0.2233133857039625,0.28221446321551297,-0.3980154109682747,-0.09679744192017585,-0.40973102743277917,-0.5381559959706245,-0.3770633319093966,0.06166218571244819,-0.65574778767673,-0.12387804587632566,-0.00743832176524571,0.04667299847692025,-0.47753855874223755,-0.5333890999207804,-0.7549540778896721,0.15338923421619835,0.37580581398467144,-0.288211827614315,-0.0362620765082254,0.41840313241341415,0.097999071240062,0.07289676950037467,0.10484610855886574,-0.0044836051557802185,-0.32991031195214576,0.14480669674872323,0.2736114329974401,0.20762647083143784,-0.07105058317564598,0.5393808989119039,0.5330985759427863,-0.3776347562051701,-0.42283852336426037,0.5337211846683302,-0.4317383342266207,-0.22739618457327168,0.3418413287222168,0.3047064191718552,-0.2741528843070518,0.23289162137710043,0.3725300296497002,0.5025597457817367,0.2584332577624668,0.17239802731325396,0.5180331564994624,0.21377524734471878,0.21146845772926984,0.4993771566988691,0.01250882853030128,-0.426555691876991,-0.03933707843745539,0.19752803172884706,0.5630231401489733,0.28799870271348577,0.009627605468568756,0.22122426828813893,-0.17604485954565505,0.11161356513485017,0.291443159385181,0.3644384684196366,-0.23195296947019703,-0.11700958551462244,-0.11711893979676631,-0.15271165034544584,0.5195604083972359,0.07396672387773663,-0.2637124664890161,-0.02551656300098034,-0.19808753727190306,-0.07262504880836602,-0.23831925823449487,0.11155212002322946,0.27033036768765667,0.168801099612689,0.35039993302969813,0.3975808176106052,-0.3505233847151345,-0.03463156675340194,0.22168515052941776,0.06729877889419612,-0.22333858358345596,0.2743997828329409,0.2948542273215568,-0.009306989802436707,0.3631729320064608,-0.024212725350047606,0.1422839321019417,0.054939772340829904,0.5294195770681124,0.2141256830536518,0.4621901640176897,0.3112908334753199,-0.05600640423370684,0.1901416654762567,-0.07475807962935284,0.38865356382914534,-0.29757210126951955,0.2356781828855317,-0.30466773302668765,0.5359563747587918,-0.08166634232921215,0.3824694121432542,-0.09763076995983351,-0.2030082237341935,0.36776892782811627,-0.2078314497609182,0.35373764414637826,0.24428144978373414,0.42710341414318104,0.35356703767517456,-0.18887660763205835,-0.0973910733059939,-0.024691553089903645,0.47267060295642765,0.23067899152855978,-0.021782499074678607,-0.1064850572532486,-0.41772605478114405,0.4670498891653638,0.27627174036419294,0.2878465655436699,0.17990252784700236,0.07556915750688438,0.23703360040545987,-0.41405073735766235,0.26646616704829545,0.01196727994074392,-0.1496952948158252,0.21330240010112292,-0.0973035100137243,0.22523350164803171,-0.18196147154676692,-0.35768958951839974,0.2264157034802793,0.3668032697989782,-0.273372213780069,0.22533895547957386,-0.31908802849373047,0.09803622602079402,-0.3367767869714378,0.37227230903365355,0.3931719962902214,-0.23201213917895172,-0.3354572846181027,0.3138339165505944,-0.38955079993507574,0.5547668906947775,-0.37802005934140465,-0.0961746920561704,-0.14537857070955781,0.5163099121852953,-0.21657581424894465,-0.34339685135534864,-0.013980924389104645,0.38019349269820996,-0.2099456059693758,0.49052802805220214,-0.3181185024810414,0.31714327410628734,0.2654717323798725,0.45378263721850093,-0.0706746329660544,0.3891883722266897,0.3348868737344705,0.04587112790046054,0.008685619656548163,-0.159051097190525,0.09367941133248377,-0.38372447555098227,0.10031625041986121,-0.08866702479283912,-0.03250102413437869,-0.27884092165965185,0.0864147955358074,0.3829589949580559,0.11017847020477438,0.24967035288156128,0.3391604166069056,-0.34209204792189424,0.47108180721156795,-0.4066836223919775,0.28743276136398926,-0.24905047360317537,-0.06988975145215955,0.12503661508363376,0.3366049166210768,0.22517479325122727,-0.053557714595960676,-0.2209758636856852,0.27938034533281714,
0.5118774018347739
-0.2800571344173742,-1.1363079497826343,-0.988925115324501,-1.0076956402577586,-0.7307983834653392,-0.21155771739808296,-0.5124199749974915,-0.8122788543741074,0.2594017131971313,0.4778516936414999,-0.17444007745802725,0.3357188063280279,-0.23886480056926612,0.11786180359438239,-0.04573560263831344,0.3774018671851817,-0.5164282090054715,0.4145883960724159,0.04064160236031613,-0.27294918008407415,0.0707330944124906,-0.19126155091343705,-0.33495676568825977,0.001036739665556797,-0.0668822973415096,0.04932770039302139,0.1801340291220917,-0.24298087937719187,-0.07896014165711984,-0.3704711187498217,-0.23468917211717652,-0.029569858633815862,-0.4859756244613797,-0.013740714949330771,-0.25486588497250223,-0.2925620229885278,-0.32202702573617226,0.3026515174949,0.179366122950409,0.010044669415026151,-0.3362784847099421,0.3610769353849346,0.1929762429246119,0.3492359921436599,0.4555753659604396,0.04255354264494065,0.3829466316306665,-0.2502495355157354,-0.08311126948171682,0.08442756432632531,0.4117951861270916,-0.03976004051997923,-0.047871048012875304,0.32254968574142445,-0.2718852205853995,0.12484423801323757,-0.443714275917412,-0.06559743122691103,-0.31147026266241146,0.48507434468003846,-0.478512261109094,0.2600259817726331,0.5110286712725924,-0.30106220797676203,0.093174747574722,0.18807531311866532,0.30799465202449866,-0.4458084101032958,-0.023021361988302118,0.18126212343390768,0.07323131192941781,0.08014816922281429,0.48906847500432266,-0.3664092514409469,-0.09549081147254093,0.3212484863712565,0.31556644096187797,0.40121762399319455,-0.06836641134941474,0.3256549135273669,0.30074278253020054,0.029425385626457135,0.3897620556771045,0.22340699138952858,-0.08095049206534483,0.410117098152273,0.028675330552285272,-0.3787793826850924,-0.3973455178067847,0.34739976434694647,-0.419067047227673,-0.075198677220285,-0.10601154865957313,-0.21675851557664688,0.3253211007817795,-0.3854187814785253,0.47191997029693816,0.24084946509463367,-0.12327363079943329,-0.05292224134002627,0.4605238592359168,0.38033068026102385,0.20954645776997116,0.03161211206436763,0.07101114224305222,0.42936128808560764,-0.4210254932000593,-0.2590863367256652,-0.4497605058270399,-0.34899556417876504,0.44297133445289255,0.4541763524293962,-0.3866750557469784,-0.05851951188025325,-0.2925348214875437,0.20242153332732638,0.023227257804502292,0.11260765558968916,-0.3817034228631743,0.3885612875840562,-0.2532173320892123,0.4067953423366822,0.4056510472399362,-0.11165522807822079,0.16450978317634402,0.31688599262737366,0.35020003213383494,0.0034098787004660965,0.14061515679473918,-0.16119425029303547,0.28489649803488,0.4339509621559517,0.36997753363848523,-0.12810143732341606,-0.3276517707066314,0.16605269567305192,0.31049056012392967,-0.4000186422845052,0.3049184255821083,-0.07247065996595053,0.18199599463590888,0.33557350641531253,0.36318016231511757,-0.3438526727995181,-0.03285965179955829,0.49041620552980597,0.03807692462924258,0.24539855912402853,0.08483982985927466,0.047313025936767526,0.17311920751804655,-0.3144691100535924,0.42364029163037203,0.15148563987902947,0.4151725154997012,-0.3986693058954544,-0.27989037473071626,0.2140538100050623,0.17586961389574507,0.10319239789785911,-0.15349756052246688,0.2259119341454371,0.300405899795762,-0.18570174635971326,0.4322880403205302,-0.18281059288990953,-0.28354644602094975,-0.08572915220043748,0.38573426934363203,-0.034355029610454176,0.4931565282494917,0.04845014227634529,0.3045913400771106,0.1567606918409828,-0.3213546901029997,-0.008014508789089835,0.46902158842053926,0.2289639007217099,0.004236370709135617,0.029222723391455666,0.09527238993791595,0.09932051421366045,0.044458621409684644,0.11140452904286752,-0.20480903637383896,0.05820649791650998,-0.2957251352553972,-0.010507324588871974,-0.26546816082882324,0.3458790127477725,-0.03165655007015284,-0.3160416212518143,-0.1878915240613811,0.2795319850261215,-0.30810838087548126,-0.15032270586951268,0.2921932695035841,0.286335747984041,-0.16125143471429548,-0.17839619782681493,-0.2858295645218441,-0.18387608767490926,-0.020687054493566517,0.38568897060146107,-0.4237011513004701,0.2568048466657806,0.04970605277920231,-0.3904547694879911,
-0.27309604732443815
-0.3572024400212182,0.3485283032751739,0.3739841125271535,-0.2226092911316508,0.2447587735936307,0.4594327640822838,-0.30320072497306716,-0.15881895792122092,-0.32731091891006475,0.4427428237824283,0.07545268285146253,-0.20849499652333076,0.5134754426204642,-0.26745751488003283,-0.27510720379738174,-0.11159358485990954,-0.29766023967905664,-0.47797533110917073,0.22095723835412398,0.19617543271857063,0.2311381084886653,0.10248883358028871,-0.21387807760352537,0.16669927026702044,-0.3364090562786338,0.37763676976452676,-0.14681156589481176,-0.03546489787334183,-0.2483382652928518,0.1964325640792291,-0.45495292597476494,-0.28341443971272823,-0.4634824510345441,0.3257618319635432,0.40045512111412035,0.3730172691677803,-0.24211436193108704,-0.04926345852780981,0.3673056240561899,-0.31814269281718494,0.4649194390893177,0.3321905469961047,-0.40039436753455565,-0.26758782271760834,0.08677496969627049,-0.1952806304301633,0.3221519926653495,-0.05932986547820392,0.4487887020194085,-0.32356481161569445,-0.27809817272398746,-0.08814980765644789,-0.30519218270411547,-0.3012878634318518,-0.4650670468286125,-0.4770006791914308,0.23954267583328326,-0.3176667408052793,-0.23474697887650747,-0.2631026817274546,0.5129731463488586,-0.47234508626341737,-0.2392813312897049,0.11417453933241026,0.44139663316542227,0.40539179047739055,-0.3075179563893357,-0.2744229980790605,0.3213987112072901,0.0756016947074461,0.3369206613303109,0.18291526156441273,-0.013809448440498848,0.36467601873539185,-0.057203529217361195,-0.1949149375862138,-0.06182782871748604,-0.3663816032346225,-0.11857194606559845,0.5146492868245385,0.42724381119726335,-0.33437933735909914,-0.27605032690092096,-0.07917779749938084,0.2913025785953241,-0.2230784531908675,0.3672698384266729,0.18629861244514168,-0.256475136638798,0.11216024007211242,-0.1608692499701555,-0.30177782632509603,0.19044976213326448,0.0239139283546332,0.4527092978876796,0.26768865722959734,-0.4044579457373028,0.15583410020494026,0.052489786430880515,-0.4324686510450286,-0.13517180960729047,0.3497736186847484,0.19567653550944275,-0.2152624896070836,0.22436194160557144,-0.22047676507445813,0.2472046758708072,0.011696429526572127,-0.41630872864156027,-0.22274782157806705,-0.46855403917988464,-0.270419012186684,0.43516125126457955,-0.3365255674595365,-0.12000449352006934,-0.15248380439681608,-0.07419744046238044,0.5173389218194273,0.14246448476658097,0.15279013052786838,0.3567187890981683,0.23126821965143418,0.4859931344732738,-0.299786367179486,0.5142999410596207,0.3824468735872137,-0.4007631505022157,-0.3771627970254298,-0.08174641806713559,0.4233872345040148,0.23786796327113213,0.0815848586150209,0.2833592441083725,0.4447771393775333,-0.09882564148959797,-0.4120335987705776,0.2350154360800054,0.2960404718527139,-0.18687484151454858,-0.26811918517838224,-0.4069367064568748,0.16251764592806717,-0.20368675326589047,0.42562569382032894,0.34403412036692743,-0.20709939855796755,0.073472696678798,0.1355782328974257,-0.24111707596953547,0.44653259800681605,0.5088089636667166,0.2146159085073679,-0.018566377186222553,0.28740980759673324,0.3101683813047013,0.3711958305575442,-0.18782408161070752,0.3901989881348927,-0.24688751751886495,0.5151133460520751,0.3427175314750433,-0.25668917696724364,0.05925212687718431,-0.29468747809990187,-0.4418896964865275,-0.3649536949328503,0.16373506467152432,-0.3082778091730736,0.01743172780659885,-0.40894065801467344,-0.25943025836110095,-0.40905694408663723,0.24741833565605276,-0.4051443943575294,0.5195076155144884,-0.43528711247285484,-0.460388923621285,-0.3322259389150329,-0.37550557218217956,-0.019571769478203327,0.42838707844455565,0.010874490865961393,0.39124100776149856,0.42460299970751453,0.24541575540085514,-0.181619563779036,-0.11974762869804761,0.11299534293349342,-0.20450774440906994,-0.4391960950362192,0.09169342687563406,-0.30476364567203335,0.3793639789350594,0.00560463478866468,-0.29024150173764446,0.18714521133096684,0.10108133381906789,0.4942132014165063,0.05675107798153447,-0.21948284060878676,-0.3594330435695738,0.026473883321652292,-0.17913119219297136,-0.42197765491022204,0.44651209329034486,0.5170397746910526,0.03672864311621537,-0.12004495957998951,
0.271478345207922
0.3447110305672552,-0.117487482951938,0.6470787019292249,0.6642448136400011,0.4773025989788829,-0.1256506537264073,-0.12961329801411306,-0.09450527327550194,0.4717432134437212,-0.28710393001292617,0.31129079544918653,-0.4407652319565241,-0.010272973643687984,-0.3072111797929654,0.08471456505261205,-0.08529382880622012,0.35888733748379825,0.3340739487780113,-0.11625289731673666,0.3402568427925693,-0.1648573804576405,-0.1289243477008988,-0.04293345231095077,-0.38041526140398485,-0.3698683867410588,-0.31572371351003464,0.42452357728838347,-0.1272516865186181,0.027540576932788215,-0.3997468943784769,-0.2264348360261055,0.2912120935116571,-0.39782453051823063,0.24023797172500053,0.18759405370717228,0.2506985155630664,-0.42564151590661714,0.41664221929651407,0.2924640547333009,-0.44760172557064964,0.23862503779186775,-0.32933599323028456,-0.039965909019085595,-0.006538591884424506,-0.40153135245967203,0.15942544688671204,-0.13830028385468227,0.31518905578776174,0.39842284018336155,-0.12519909413064917,0.3242985638080969,-0.4203642082815639,-0.09532028894784136,0.2223709705388526,-0.18309615428956968,-0.4937587323721648,0.2737982180857868,0.12873939654402258,0.1381310081703229,0.3316121038337709,0.058626307299475204,0.011453301510005247,0.44093924958971514,-0.40692077984112046,-0.423608706347208,0.42747510412003425,-0.4023560406954521,-0.4256571598255781,-0.26018083001071446,-0.3063065171643597,0.049457707002512626,0.019680483319399724,-0.39062990381504475,0.2817504050967215,0.2077289608852301,0.12260848476361175,0.36315347027801276,0.32949949639831594,-0.3218507881208615,-0.27444975618738704,-0.3991867321731047,0.18270076317968123,0.06455110733748329,0.12897990731425982,-0.10134986758745843,0.4830951823489637,-0.12447908830211125,-0.09832684931543764,0.31547392972200267,-0.047207498587685366,0.10490152582641266,-0.39188868693740936,0.11215650249598205,-0.3100564769693827,0.3863621362961062,0.4247490501489231,0.2925812848787955,0.48695849771824373,0.23256399140822828,0.2037699911578408,-0.30033717816695876,0.4100711009528562,-0.23894836996508625,-0.3388816713752327,0.307335971484002,-0.36216228625059915,0.48185188744675006,0.01500915613759577,0.0378906918177967,0.3461994712143251,0.17586344716322436,-0.4182163106251379,-0.0962443539413462,0.24902508160167455,-0.37152798974799944,-0.4521099086673039,-0.47619038325696356,0.25558999714719505,-5.72502898630489E-4,0.37993431268034145,0.09652672823656297,-0.40976214053862364,-0.09212899463951515,0.10915985148062196,-0.27426183833475787,-0.3654917006388579,-0.10949874835814397,0.032378710846341495,-0.41048107187892474,-0.3016952800279788,-0.2487787005036208,0.20829080045019968,-0.1813141808398908,-0.09578539380490256,0.46220862314320416,-0.5037076155595992,0.10861842094501326,0.37788392825380496,-0.30079787063450963,-0.21571176610068174,0.026591786825619485,-0.022613732489837644,-0.2020975413454361,0.48268698593514686,-0.3034635982492922,-0.13418337250126353,-0.09626758043930625,0.3236722063100988,0.04411696543122467,0.33387844416035756,0.3538067708104304,-0.001993446732623389,0.06724865384167159,0.4130218051378301,-0.1221884645790686,0.18604007299402517,-0.33935446396311025,-0.015270250834993568,0.033595038669535636,0.09525776535365929,0.3677230052892077,0.2878388159425734,0.40362414902436433,-0.2963841856434776,0.05915212050328408,-0.046681512156455156,0.47006079619939983,-0.47392016577231927,-0.055409551196434474,-0.0452758680834694,-0.24093442056272893,-0.12880771206686678,-0.48740900452158503,0.15257619097529265,-0.2009633297859119,0.23516087408137623,-0.03658356582462654,0.43220815808599017,-0.32715628125722523,-0.30712696571626036,0.45046355054279946,-0.21283557647591275,0.46071831643618916,-0.11159348166207947,-0.021771526324262127,0.0840185828755933,-0.3316860875855259,-0.4979806126258692,0.11822015512794667,-0.34047869777860224,-0.18645059196045186,-0.12373271023853147,-0.20104360174447986,0.3472766162753767,-0.29379695287428326,-0.17919032800692233,0.30215272174822855,0.008683875906955943,-0.4041762993395485,0.4836309343154286,0.25444141238650725,0.15167211509223447,0.28637896868950147,-0.4241838133164187,-0.15756560907404224,-0.2392074141414777,-0.47983909807090624,0.16768587359967982,
-0.43349946429307945
0.08204237292179686,0.4511080287638597,-0.21971684035456196,-0.05817745829315535,0.3559719181670549,-0.4293566870138049,0.16877778483284475,0.39489222889702313,0.20585358806112075,0.1311734961400366,-0.303201503201265,0.2559514823547768,0.288244165447647,-0.4451148554971767,-0.32937188194435435,-0.12240431614825988,0.05051723261899362,0.38563328282737963,-0.06105741578073203,-0.06887948964585136,-0.3064567677230877,-0.3809518165398164,-0.15173856236660999,-0.39860606835103435,-0.13646457573414217,-0.35995289325196067,-0.14361990258453347,0.1756347398276123,-0.2849385968474504,-0.0723512009349108,-0.29214436816339673,-0.4132335369693559,-0.20822100473803826,0.3948645074175559,-0.26928333307728247,0.45488053892766345,-0.10906551398003782,0.08346453828990248,-0.09298864836154346,0.24725698669372403,0.18361808786220424,0.40566733667196836,0.2648510228518964,-0.0829702564597045,0.34945529165877737,-0.48229368246365784,0.45024039655708187,0.16123872062897338,0.05151162352901419,-0.49907150494170865,0.09741450678513593,-0.4007876924296773,0.4832676539024752,-0.054933053887372664,0.03907169919926192,0.46407508018176485,0.04837090445839389,0.0875624554741304,0.2859255144101385,0.2958532727113385,0.17426408695766282,0.32028702064642417,0.13279094224130306,-0.1510785487386087,0.34501443305258445,-0.13283283588378314,-0.28845183542848024,-0.07206783274185273,-0.45863710039128686,-0.2971949333467622,-0.1955090740205957,0.14859699583369734,0.4098010829124789,0.3300486358111208,-0.24401947230428478,-0.3168359182604768,-0.352477120961954,-0.13643763518720686,-0.12400927260529886,-0.10483656055091865,0.28638670546745654,-0.023197741632778452,-0.18395708073811057,0.39396843845150403,-0.2134363869099729,-0.3385997814438028,0.01619473146446025,0.446947869521282,0.10933488609393545,0.42081472484897503,0.4711594758816225,-0.12454018087823508,0.22854308786737543,0.4742054969532455,-0.2557019379221381,-0.4693344530830241,-0.1385121323522388,-0.2181573543054366,0.3701387459970759,0.19611692218279664,-0.44740136739739284,0.2199611250792758,-0.4707557716134792,0.2962991692740657,-0.3729960389144426,0.030823851615670705,0.1536600591130881,0.10378588876884161,-0.053842623120644785,-0.24714241317965724,0.4268415959042187,0.23239053645414676,-0.1560321738205257,0.19607807250029996,-0.021128318755007664,0.07967476181765916,0.09942273173018241,-0.3303783272876138,-0.05405528574680616,-0.4605987273863024,0.3104796663277554,-0.4089470786979405,0.4625069319016371,-0.2570056735350758,-0.4259570222689783,-0.18878121635880563,0.08510693950828337,-0.1912014521505514,-0.05187037639041479,0.4737716371669552,0.10892469496823394,-0.42109728548902453,-0.22513183385648172,-0.0049148652424506984,-0.2688895499086286,0.10552211862541112,-0.4232361572317466,-0.20186149066818082,-0.46051943413681456,0.21240914780720477,-0.09629836770807114,-0.23695429895108233,-0.13922016660315895,-0.19851097518128913,0.20444814009492263,-0.03274124357986354,0.08963467245413699,-0.29910650446349824,-0.4760474418040916,0.18007476301136494,0.2374858412890466,-0.2422078491672236,-0.41346426155434285,-0.2510713588915106,-0.4097973569256192,-0.43210212294728273,-0.384904555940395,-0.030945217896119166,-0.45625475421507805,-0.2967512125512916,0.057745220431182374,-0.23654774048741223,0.39915584108134433,-0.44915358844248904,0.24584305229867814,-0.48330978143946884,0.14132292367466281,-0.09304435226625145,-0.10884490604301349,0.20394126955485414,3.773169469913807E-4,0.2853493835332422,0.24493912329071998,-0.4642677477894898,-0.09975696728400811,0.49250637681861303,-0.31197904921048186,-0.3007462482077093,-0.264220693251668,0.3987483200913879,-0.5015233706822488,0.4186707581103775,-0.21188518043936677,-0.008471938981790971,-0.44767829081586547,0.4797285936272309,0.4871890782267783,-0.2644421904300401,-0.2473514561103276,-0.4319498988636444,0.1611796910792157,-0.01580738035583554,0.05394115221744169,0.2558713147082858,0.3744088564250661,-0.31253924129423744,0.05083667684972772,0.23856430412901142,-0.051514188050338895,-0.07564021385014578,0.2343909324861796,0.47014797031244565,-0.214143436983672,-0.14948705993350098,0.18394539598939186,-0.3239114662832629,0.17059627158000545,-0.5029924901974668,
-0.29794431047487624
-0.11249232395677186,0.3540419116822427,0.5306423582902975,-0.16894589953524644,-0.37817267638565144,0.5333760628037193,0.13494822326120062,-0.18000534268565968,0.29422832519160896,0.36903245960058445,0.4787862317867195,-0.07009596331771299,0.23440901829268923,-0.3052808873228791,0.3386357008582982,0.04283317333056565,-0.10002117577764101,-0.32053344453219723,-0.13372156807611907,0.43807097617509433,-0.3278388580433524,0.4304825623458392,-0.491742969569253,-0.2981927986623589,0.09544604612222941,-0.2751913593248851,-0.04237294127214419,0.10738459401476005,-0.0855208546727551,0.3986885120622449,-0.39357835568468974,-0.009507610333016066,-0.46442971366893315,-0.021462625324452502,-0.25035905509992035,-0.3070043957180904,0.08167698247417599,-0.04996570691355799,0.29084233176615065,0.2600968161212301,0.3810980312944911,-0.42460880563583075,0.2708509642936881,0.43892961152822846,-0.12191659072489258,-0.07295132598209952,-0.2245701294650979,0.4368034331050799,-0.22701074032062385,-0.4580299636719644,-0.313043676300608,0.15214105721990057,-0.3061808106795339,-0.20151796365043706,-0.4196049629849841,0.4222421376802317,-0.32205339270582783,-0.1675087313653676,-0.3724871711056182,0.442826265654557,0.4424987883465738,-0.201381146326453,-0.2917677760742318,0.21305204606185524,-0.45304617374674133,-0.12137237510283594,0.05654731428864593,-0.4114387435518914,-0.05616929938396091,-0.4423199276576358,-0.32434873216883714,0.28388787399772847,-0.4137961691712602,0.33837966387009927,0.44540184198337246,-0.04438994687879909,0.2148756941695411,0.24321182785990714,0.3149777164054334,0.31891190084146787,0.18339216547543946,0.16791506448482363,0.22455494312376,0.10276180052640804,0.19568696687837384,0.3914769238587417,0.4320593159938289,-0.46729748661843934,0.12899323767967352,0.32286348661192515,-0.26547255642275663,-0.054712706423298216,-0.30623843221076347,-0.1297452110907481,-0.3316648830914554,0.0844856379241612,-0.4573241928650607,-0.3445266371404498,0.14852899756719173,-0.3920785264936287,-0.4175410263698875,-0.3355435801052345,0.16472346351463985,0.3395948662145915,-0.33498623546228096,-0.17596333738251724,0.08950159073026398,-0.15422172719485105,-0.4614567941895605,0.42596064559589647,-0.12501483031148616,-0.017932857510337363,-0.07535127124011443,0.2809879116993777,-0.08578378181634416,0.16210338903121901,-0.1459951528290948,-0.020922399179977857,-0.3737822481771805,0.23227976509130965,-0.05893957136496124,-0.3439159920188288,-0.11292082956627436,0.001772106251323061,0.10731897873769136,0.22304610979804962,0.27413762345728593,-0.32646476534245844,0.37310125655469023,0.10107051289221647,-0.2836962323658157,-0.35056220353272544,-0.2707045819118907,0.12297086173299815,-0.44919413706028016,0.4415000375973381,-0.22654865990903894,0.41224139874069426,0.17510444441116702,-0.2887624135215235,-0.2513224745480601,-0.2693940941401422,0.4524542421290207,-0.21959625959639317,-0.14084989093982336,-0.0027022694359488384,-0.21943127970956822,0.3089613515303394,0.2526457728906914,0.4263904010552905,0.2650674330183727,0.21990461017035468,-0.14163903498606156,0.002912255036019853,-0.2471361091119597,0.3655904839455361,0.3473824246352129,-0.1758567110827165,-0.4246219122583878,-0.12347213880344944,-0.15647514079133318,0.1694054868791227,-0.2725658090329231,-0.38888766268235214,-0.3461466921424869,0.029822758298329557,-0.13506956683114124,-0.36641698128520855,0.2110595872064296,0.228940183358189,-0.05715478763249508,0.18751702543219229,-0.37603661296455043,0.1957568647383826,-0.4651307530818573,0.2034665815835276,-0.28223950560131933,-0.0863601356411191,-0.1230687093410464,-0.018117620362954372,0.2122418604158106,-0.4382482088205068,0.4591100124508512,0.32625600559416706,-0.26594086016429735,-0.10996199214372371,-0.4460973937296518,0.0664536618706213,-0.3117865008149308,0.4244835695158066,0.4135466357905749,-0.3914983562829633,-0.37570367954131195,0.18626418177495763,-0.004932278603141347,-0.12537581275265747,-0.3753878658823368,-0.27342016868271385,-0.021046711057327926,-0.24387752132630736,0.41416514630020623,-0.07162707006794122,-0.46417164940732086,-0.00827703087867743,0.34659277934348726,0.20679789156865114,-0.23476400485588123,0.2053124108190829,
0.15052403393217595
0.449605336947512,-0.01645373751236643,-0.3101297117912681,0.37796858045377085,0.30890147973154325,0.05503155838998653,0.4136851421107609,-0.35214724029871225,0.13150615858749196,-0.15047134038360274,-0.39247582682971643,-0.3123058124839159,0.2710721828811299,0.2351548926054589,0.28016480460194293,0.4539267776264338,0.3408477091697264,0.02077130822630212,0.06200272316625157,-0.35776655060811274,0.0718630980234049,0.47928315783359765,0.48319499496027113,0.21929784058429574,-0.25503510479716335,-0.09733852456146422,0.23904823511470338,0.2958994270020736,0.3276904262023777,-0.12384211392865131,-0.19708974039047267,0.07558927079501271,0.4705673412906405,-0.4364133222486306,-0.10619733304405898,0.0755429166060463,0.05577494889892073,-0.36426400470675774,0.5004028460646877,0.3012462230445279,-0.11084954997388212,0.448384120586734,0.2914746464116102,-0.00984145992812542,-0.049366244345422014,0.039820552684408345,0.4119081626713524,0.48173974268243364,0.32025116617921984,-0.01770925661401738,-0.06143179347957793,0.3191641315263662,-0.13901965201251407,-0.31232855125673337,0.5089878347023893,0.2792752913352347,-0.29857442982058074,-0.14077974452603512,-0.0784661368087042,8.688379434016853E-4,0.29702028078016024,-0.21611291181078782,-0.1670530184870814,0.11712660100769887,0.05456221342518397,-0.09410818472238716,0.030338429876008977,0.3138634611716628,0.24765056886221262,-0.345500896632523,0.13851307714282682,-0.46689998270732896,0.22500919716519,-0.18760217447919655,0.038528481728963795,-0.3794248766839539,-0.28065707558090364,-0.19418106708417535,-0.28031149230917723,0.0761649664573987,0.4012894851635503,0.1735028431384236,-0.23529105473862091,0.20777573524095852,-0.30880775478507133,0.12885300908481132,0.17658181088556538,-0.0878704373254531,0.2408341844194767,-0.43191050459793984,-0.20429609418171932,0.5099640200025786,0.4279364784393184,0.09694328642669534,0.12712446514641587,-0.45148202644251817,-0.3318596693857189,-0.3505926007737609,3.0567501909183894E-4,0.25077724185043254,0.34235370580874297,0.05428898402745119,0.11757893686013507,0.33880573375775885,-0.3382408475610748,0.4687817996090677,0.21251861106226747,0.287589048482446,-0.15155686625540618,-0.05699407617948235,0.23574465200049113,-0.3238309191048215,-0.40347898380029484,0.5054377677155748,-0.2867963479222881,0.19444962934735358,-0.10320414338906206,0.06637977674160735,0.18076787648897033,0.03690492825762981,-0.04259625243856599,0.12509650319307974,0.38903013738457,-0.13147576739931863,0.13356187566811498,-0.26403067641018335,-0.2065380744452847,0.2836772281681927,0.4914499581306168,0.43999969298659486,-0.30235901140332905,-0.3048133020074046,-0.12558042299928193,-0.09978381608324541,0.30104378334854504,-0.11125353288395717,0.11414014079338083,-0.20698147660394836,-0.18206265885511128,0.05692386202994704,0.3349539201094269,0.10221696334768424,-0.21980639477670136,-0.012661811889573632,0.13662743718282286,0.3385032156892564,-0.38561063873885487,0.22120729152574983,-0.19115060113666824,0.36431448872031763,-0.4076569874267742,0.42130699078034234,-0.369759359976577,0.44252983847288657,0.29427886960617383,-0.10751141814333737,-0.2646954892103038,-0.15283610481695284,-0.20490108658657488,0.18325218035095794,-0.005338658821205781,-0.12480008304207896,-0.11321941145745788,-0.03652556982624677,-0.15292667298818982,0.38093027189174095,-0.21629136806676916,-0.0787587000457304,0.046181735997244025,0.0176498977973425,-0.07721213479684322,0.2508376975343808,-0.15945903413297788,0.21627368259832494,-0.33352715076377043,0.41429779935896943,0.19244927045006957,-0.4435738241046973,-0.055610573414459546,0.25052084156488613,0.25923900209963724,-0.40722170987607903,0.12801254828227085,0.1788092757433383,0.5101042467790065,0.38788206386333807,-0.27709694392401646,0.19778774735682206,-0.4677931080451672,-0.027518606440945528,-0.2157037955247668,-0.3839878850850594,-0.20828313528012185,-0.29474697107840747,0.3143728146887598,-0.03281944572737072,0.35860610916875274,0.03615881661049852,0.2833335415696469,0.3607092591713443,-0.12157022323585752,0.4910664363589367,0.3314358528868924,-0.4024626798994692,-0.12000729289552596,-0.20997697036756455,-0.3445581068239249,-0.2586229729364871,
0.19773067322867371
-0.07702276042025187,0.11475644898725333,0.497703397527732,0.38790547367576006,0.36340169440613024,-0.2756638639853716,0.4879269549577478,-0.08958317624052974,0.1424724405976537,0.2777275345608843,0.4495916938340532,0.08940208648984824,0.4407421779729987,0.15961217327507538,0.24383106213784364,-0.2838012782812721,0.26184098717684884,0.05263249949634652,-0.46640955682370766,0.4610778136599507,0.2179114783038115,-0.23383752775862462,0.1700169259854271,-0.3691069434328152,0.17205405507346946,0.4935819216802616,-0.38130939211691367,0.24630346326284616,0.4277180813356042,0.144876414639713,0.048737920225823336,0.2943728330602601,0.48757628088350297,-0.32143733679639,-0.23152679810929908,0.3377428868796692,-0.007991475663638753,-0.00755904517266127,-0.32033337623828184,-0.32959300495732946,-0.06409845329733324,0.10146608755872988,-0.012610679682643977,-0.09847413599270705,0.12714959530461892,0.4794641659123742,0.1555896309807929,0.23518360785831702,0.21703482727808995,0.1695117885324385,0.049114834886079914,0.3474967749381004,-0.1254722299545932,0.3937426546472721,-0.4774411187741796,-0.1234971509453699,0.4346275154739746,-0.2786580031805107,0.3131821545895318,-0.25904963974265766,-0.3388181850840415,-0.32855950675634704,-0.0594538516552703,0.35408643981338517,-0.32169766045456316,-0.3774799770614552,0.46030546131395467,0.1670428531379937,0.2815876247140603,-0.09126725878910658,0.34245161094514487,-0.12416471290524779,-0.22115805798788937,0.023574743401205047,0.4484041114080589,0.05665500539426055,0.229705932659201,-0.07735689826821734,0.06669619863527554,-0.04395427430988043,0.45459032705119196,-0.4802540195930446,0.23360437868448666,-0.34427715311452267,0.4655314910711733,-0.3955768028584684,0.11292166234414036,-0.14379369053024418,0.03506370618341324,-0.4260257795712532,0.038177071790989156,0.079102107386537,-0.03607038330326684,-0.43062033229868446,-0.06904525898678374,0.1747816363457214,0.23442707450033848,-0.16795857836395248,0.20056748206417038,-0.3596272946491639,-0.3565830958182018,0.3570550929659536,-0.09680797580168654,0.40238890543159134,-0.3025071167934602,0.20876875485420196,-0.10732620612100086,0.3989893540866971,-0.4774582175786234,0.1856692305083467,-0.06943883983159263,-0.49122592910279417,0.29089770114123936,-0.12582197944441317,0.23953048066303587,0.11618457801515084,0.2015215757244969,-0.4852731530275072,-0.21778487920187975,-0.12200653763530436,0.3621135812309807,-0.48147768908858724,-0.37344748688632523,0.061030495004234686,0.01679206490156653,-0.0803018033667342,0.11911570183197023,0.1582071626490502,0.43895001708597314,-0.4749071245345976,0.2294969251399752,0.3580654413784943,0.4661259196376468,0.03267857889733446,0.3516622322100289,-0.15750942851780306,0.09220290021879896,-0.07029203937568163,0.05229807815732883,-0.18210804793590255,-0.2480236823649715,-0.44706694772546063,-0.25847784467991425,-0.3529298445475314,-0.0658932420210524,0.29579002273326704,0.007932372043599081,0.442151986202608,-0.4592982580909376,-0.41876718178954575,0.407819314305748,0.00338989475405037,-0.02475371219954856,-0.11606235627711847,-0.1725306829191854,0.04428593304383131,0.285328532490255,-0.21811087865735937,0.14783662664682148,0.23041443442901952,-0.1874160925592732,-0.2551017116715865,-0.1675352326555414,-0.3225182868632611,-0.2904927937315076,0.12639144034018765,0.23238894288836195,0.20357539854230408,0.37125897172982647,-0.38515183518944573,-0.14414741833589842,-0.188780317387672,0.3003188902649764,0.222555644526074,-0.4139772476162674,-0.41323307287343036,0.17281544256264988,-0.2581145004581749,-0.15350874977518172,0.4478204229882675,-0.09241191676728389,0.48308883828860105,0.01219864268557066,-0.05620317271780896,0.35251386381963445,0.022643420334296265,-0.0574785376395356,-0.37959906197561377,-0.20264191657882372,-0.36252303663856467,0.3736130487918159,0.2956996143358641,-0.10161583282245545,0.07792873651884014,0.04869098224519118,-0.03635418893280583,-0.24281481435355792,0.3411012923829382,-0.11218470426378613,-0.05968259024032596,-0.1653245191283426,0.14629284790610117,0.20280300919952518,0.29879977573627925,0.10090799295389674,-0.11450975110725858,-0.05172353671831188,-0.39944458866064614,
-0.18756899535380356
-0.05859480567080629,0.29426358483788867,0.44113875841209366,-0.30246886602424833,0.2767350941441395,0.15788770871195895,0.23162009801412567,-0.07444394228288577,-0.24070499617275704,-0.2489413358732811,-0.4207246624384342,0.20888650866332958,0.11982764519430043,0.32269092798488064,-0.018532737391840016,0.3579128161097032,-0.3362483923212366,-0.34253016045436613,0.11445161603688359,-0.4566960317199341,0.18245449158781202,-0.024624760277353174,0.2605435287479938,-0.16868665925078047,0.430727179430217,0.010540756714687897,-0.29200993062286684,-0.1744562543240773,-0.42368101367177563,0.28862835668787284,-0.11423469294819794,0.44519921138178026,0.4476813662220276,0.09554659325675291,-0.20896420515018643,0.39469151426449256,-0.2525755630967463,0.45745537708440587,-0.4161064521795065,0.23321944340377737,-0.04000356324101979,-0.444034459878616,-0.005982000123784409,-0.009385886895352628,-0.13438358904336406,0.2706469860868781,0.5081804012307394,0.1940621154272955,0.33380338311580826,0.29443676122868656,0.21640173743246266,-0.18976812779274838,0.3812568496852846,0.11701455640980928,-0.43506823678089845,0.051927696085386985,0.10776568494983572,0.40159776675357395,0.2026459434038323,0.21346923037416582,-0.33021230413910396,-0.2383601118638382,-0.4302699621635383,-0.297379755040287,0.05822147051038508,-0.28934390674513055,-0.12971555617637176,0.21856023617848513,0.0803038530409613,-0.3937486713367908,-0.40510566727547825,-0.4111310855936049,-0.3893954539416349,-0.261471800165763,-0.18512419239366024,0.12321986909047163,-0.12762068102592528,0.3234028483879732,0.056822601915891974,0.46745687784904766,0.23808119796216215,0.0529592688713381,-0.3157588228695801,-0.1510479995251423,-0.20338053537633377,0.02782357341817401,0.36247708288546365,0.2926222570647159,-0.2750058746950209,0.350641513492429,0.3637986441777157,-0.14329273594384367,0.3232233059831755,0.3950940209426156,0.18141887907130733,0.18838725404968965,0.4240198431676756,-0.21851272347694867,0.1643998231464408,-0.26845244260742673,-0.2275376285213893,0.387805107807464,-0.34020177173739574,-0.26752821381486513,-0.11405448695474961,0.30421320939888497,0.4540751861497836,-0.21602708385283304,-0.14901767555359674,0.4993564685042696,0.14270644963585388,0.024447793037423175,0.49097190563939275,0.1083916742250892,0.4250943707102064,0.2655672517284752,0.34783356350322425,-0.3244498841351878,0.22129613218826433,0.26079052096302446,-0.03955173377824013,0.3881256798098819,-0.06225240002157868,0.046619297586968866,-0.005862898144170599,0.32413573479665325,0.17107541578833135,-0.21051685988210384,-0.12205430904863264,0.0025037407316417246,-0.367745327943801,-0.14662514014190214,-0.25970799947804213,0.0724639776342691,0.09778314365975681,-0.13316935013637393,-0.40142486548081247,-0.1920094842201226,-0.24979248320824943,0.41257660588012957,-0.045369634061782085,0.18340379066751916,0.3572505065501338,-0.4108603269606417,0.17545615831437406,-0.3020899753887675,0.35695270957024794,0.10094773214642881,0.29742661160829664,-0.21031974782096124,0.06565597975307663,-0.2780799123583467,0.18224305357415488,-0.3658229022042535,-0.09367970935336746,-0.0527241430213045,0.2741667483989988,0.3567890782161014,-0.23342056599541888,0.3992650591277197,-0.4393859461674322,0.20643395595112263,0.3391048846621244,0.08475298029301757,-0.2780156490171538,0.03464394114951885,-0.4287380244459543,-0.08393467497279629,-0.12836960221086385,0.5037474166785898,0.15670556574904954,0.0012283102296345282,-0.2668308337995817,-0.19188699688457872,0.3384774336832239,0.08571430252821587,-0.42012879721870944,0.33402379636279844,0.16133072363585738,0.1850298660737491,-0.23034524992843025,-0.3933990639477071,-0.289578016082063,-0.11403965989038871,0.24925044059674212,0.07629707260010161,-0.1958260038229373,0.014011023939178337,-0.027608625100853563,-0.2171675644519006,0.07102813068056352,0.36556179726585214,-0.22057771871860216,-0.29895310996422797,0.33296773978745,-0.014521377552806275,-0.08048950366238507,-0.37900617941541304,-0.2568908274513664,0.03440199610298826,0.061681104130857575,-0.2562973168226135,0.1803202298643573,-0.3653413764910296,0.33718676109938883,-0.2156113257594578,-0.009259410064437798,0.20971970650002653,
0.36706141009259086
0.05121530567911852,0.08585623828310626,-0.44530530274254065,0.3094620707062066,-0.24802807032010626,-0.5666598909641924,-0.05362707503735565,-0.6580381755329867,0.08518872332558405,0.273685641452508,-0.3501251289391118,0.4355095334160289,0.416641697659285,0.3879091068899873,0.16372954940327,-0.40924358729716753,-0.17691634788777888,-0.26345713400618204,-0.13281083355107492,-0.14274497048892773,0.2333347389650497,0.14861521883725792,0.3275548410539621,-0.11042515044097895,-0.41722103174066033,0.021679959487919138,0.22725221681828023,-0.07703688672129888,-0.371951344800276,-0.09113551808208355,0.20589626712977696,-0.1642742045144498,0.09314441198753655,0.1366800574103797,0.21244809262568837,-0.07408653064256247,0.028243756168416418,0.048398178628436345,0.42902725819438,0.3366985448553839,0.22351759751123812,-0.0872251152334039,0.15501911099593435,0.16297298134845994,-0.04162811703872539,-0.0949916162147437,0.4505203666906635,-0.2075174639981534,-0.06850330347182662,0.2848801887264781,-0.06376367387983414,-0.3201316019790937,-0.13563947239224983,-0.47951269966367865,0.0399657027836576,0.06473459009068372,-0.1053616821594133,-0.2552344944982095,-0.18090971531557798,-0.4062549813210549,-0.3476630666937797,0.3172156716827437,0.14819282001536682,0.010218722514897763,0.21864235336316595,-0.1605042837491396,0.4595784202602963,0.33068747182891917,-0.16065427315737002,0.12295628537099926,0.4129500410435853,0.21791881592374274,0.21880601783041986,0.28686098326525006,-0.15978368606618987,-0.41880319348268685,0.45575940722955804,0.3779472413246692,0.06238588476302198,-0.21280809078639462,0.19888683322651723,-0.3548530565311318,0.20772919278015056,0.24854025079737313,0.3979022656027082,-0.12229927706230487,0.47386509311960484,-0.4277085317441727,0.10502667780750977,0.020563600006494192,0.37115643396726244,-0.10332583933643255,0.14206345015375155,-0.3820863785595689,-0.13922473796370582,-0.4778339378971122,0.08989296839832342,0.5037393312485535,-0.04197543331410783,0.45164556270843953,-0.019944462785366938,-0.44210375154141307,-0.19001946836326922,-0.005559384422392212,0.27219352521104484,0.2766857846113964,0.47624547481969887,0.16037920249479998,0.186474690215503,0.3689252860113517,-0.35742162256258475,0.17248574394254734,0.22672112081107776,-0.41835947099230114,0.2793961344628764,0.06075591168244261,-0.2221813143199185,0.4839274696406883,-0.1793839156470809,-0.035518158635324315,-0.009915804576364602,-0.006806863534562139,-0.21696437192227902,0.46688896003145625,-0.2263808065482802,0.014899863342871071,-0.1275773006800457,0.013384062173600112,-0.3827203268497142,-0.3148985748303343,-0.4702837761145084,0.22350421277130528,0.11974444875258042,0.354473318854496,-0.44078685876317053,-0.30330569216572306,-0.42573554185365686,-0.3667962941698459,-0.04965543224741284,-0.26666939700092046,-0.315971468092537,-0.47197464205907685,0.25562048009408406,0.24494672370988346,0.5016816570891834,-0.05416640773514869,-0.0804509763377402,0.011407119569944696,-0.015616390600113893,-0.38725163756325137,-0.2331874351948292,0.357812825987382,0.1348978611154832,-0.2368565211266448,0.4527098433296756,0.2702126040819733,-0.4404487298623309,-0.209920190126055,0.054849600205852694,-0.05326761713756939,0.4155077049246451,0.4167429255134864,0.14230804458786483,-0.21047562884939564,0.1426493627467369,-0.15209949349798446,-0.4030614378406488,-0.11702343476505853,0.07946193936532278,-0.20894177617986964,0.1812494183360822,0.07491237025882694,0.04767046032273051,0.19890708614997743,0.3482407904668307,-0.1199506803500984,0.2569752873595585,0.07781951214046148,0.07081990875163255,-0.441225506403143,0.4290881274895691,-0.26843489328591325,-0.46811082248848185,-0.11066639460455294,-0.13062956876135468,0.36508143744993166,0.36092858539376654,0.34781997914393176,0.3247275855805309,0.060048990369248906,-0.2711290280410585,-0.3621117824767142,-0.14198588922829192,-0.24781618661872806,0.020294340142448606,-0.22909334503004697,-0.35794350369154376,-0.010425017173827662,-0.009567332402719335,0.18730202396802764,-0.4694980890686011,-0.06794142179284798,0.2842329671835196,-0.2688616592928605,0.498052675803661,0.2635335192923565,-0.054337040612033705,-0.3574886540170286,
-0.31511706810564566
0.43291509569051034,0.09104895653840132,0.11262822835416128,-0.4137921519719881,-0.1096433556718157,0.13978295007967115,0.36796862153470566,0.43050513907820825,-0.06187398547617015,0.34304619583544277,-0.24786241287523053,0.3688412215462353,-0.27194817016230927,-0.03153414120466768,0.4736184155356645,0.2722542542190677,-0.49991135515050233,-0.01859050480208739,-0.23284406653782927,-0.3531931815794617,-0.13742759068188437,0.3046971182306268,0.10009545527538671,-0.28414880286247574,0.2815206491506262,-0.031130329862246012,0.08114147969883306,0.1656550424790383,0.21880580455142995,0.07962017569549455,0.12884333610806595,-0.3694840187474475,0.45098588683081736,0.1522405140850992,-0.3247317256994999,-0.22512002186501595,0.452404355578094,-0.15484234905754618,0.2867597882370036,0.2792652186213504,0.23713195737292686,-0.29813221320798083,-0.1762481482180061,0.4696704693760361,-0.22565475519905082,0.23999214681981135,0.4643264583347066,0.4665521499060931,0.28799653743053705,0.101659268775503,0.18566550477234994,-0.32044920917430914,-0.4706665616539049,0.3032894419464454,0.08363831780682672,0.06062023527674104,-0.260780361771224,0.27224537966319734,-0.26625158129324017,0.21444333173169833,-0.40645283991291975,-0.44218487755242836,-0.35149103465038173,0.49178944046794865,-0.3119141822270031,0.14258367771750452,-0.22975732901296025,0.48845117147139716,-0.10712136812526753,0.09372569212552227,-0.14665987359950033,-0.04849958382743928,0.2119558871426122,-0.11152205455388532,-0.46369950718621716,-0.045045398279614374,-0.37894538130820815,0.124027680250995,-0.11858332766704517,0.3485454195981467,-0.27580568839238767,0.4792786234595002,0.1687570260766172,-0.09386529894137575,-0.03062625643037417,-0.2655664972909812,-0.22886619793954815,0.30442306709146255,-0.40568207549631535,0.374058422249447,0.00803847000944926,0.04794824366714963,0.4351180804565831,-0.199729226171025,-0.020937497305082063,-0.27702724445583177,0.22377193360846753,0.4649192671869771,-0.4888884501408088,-0.48928945089996173,0.025045237607096635,0.2931009503809712,-0.4812401880343998,-0.2805548397351875,0.018739829334757346,-0.3849132195377892,0.2733808693833389,0.20544271993294477,-0.07963249457923037,0.4497037890039333,0.30422973827015914,-0.05583504749365628,-0.048606952176934115,0.38944865642934784,-0.08655971941069408,-0.3138609825407282,0.41962372250720675,-0.4739163300897678,-0.4230585122753742,-0.41405789291905243,-0.3490131284117483,-0.17480685846816396,-0.17541565175581936,-0.07188896169982577,0.2258507989824669,0.10915427557996159,-0.45468897455121654,-0.4096120642007251,0.21620891999246888,0.3402038486096232,0.04698651195149699,-0.3174351183157847,0.39446051352325134,0.20875764004186087,-0.3844477744296903,-0.12170767107337101,0.19018600439493288,0.12686713911606234,-0.23555004372709026,0.31756718795138034,-0.4917716779838616,-0.397326128815548,-0.1571960871419527,-0.4007819948835029,0.38955633354811253,-0.3710515851955279,0.17963727759742038,0.30555691604156826,-0.10419979588953977,0.15727810559064742,0.48143905791684133,-0.2945314574154672,-0.4709874315795957,-0.05080652954399964,-0.22831422964896347,-0.2324413563363738,-0.03987630308223608,0.09650036503807001,-0.23653769780423656,0.3815860590420906,-0.16727748915054824,0.2853111523514788,0.1901139071602314,-0.265746345592954,-0.06679026923945666,0.44174506042270206,0.2839022610043949,0.11453496297297212,0.07403340949334579,-0.25800623537002176,0.28892570889973185,0.03406540760869006,-0.3763690382712233,0.09542617732731694,-0.37789558428658204,0.4397280088507282,-0.2651337870007742,0.11663108825994713,0.05481907842955988,-0.0315847098457718,-0.026836463678481526,0.29077455371646027,0.07783146801583073,-0.35194915208672023,0.2262060742305509,-0.49362528446670767,0.4334044288719821,0.18430502996319292,0.48897785627275503,0.3805730828128138,-0.3489231443346476,-0.010958566248469113,0.36109517470172997,-0.16579139793791792,0.3073398217940046,0.40438203541477663,-0.13221492232754,0.18747669122119276,-0.35550212211307947,0.1553803625704982,-0.4784656406710112,-0.35831767687730204,0.1302888045864638,-0.0753560265933279,0.3783453818678571,0.38857293280664434,-0.48262505801141514,0.08384861913663764,
-0.4669485450218215
-0.24533087930493944,-0.022164146370067417,0.05141164392323463,-0.17462432394683675,-0.3270923203720324,-0.12391862503771131,0.3753888181108613,-0.062488046596133086,-0.3728479562926086,-0.013045238994883001,-0.17429526513756047,0.13310903657279483,-0.4497189720194161,-0.2947466645061253,-0.23532924104187072,-0.3971082162760637,-0.467448087670557,0.4785717058978319,-0.17525626495296767,-0.1070524103501405,0.2608928845692748,0.23757877779167794,-0.3159589639069122,-0.15853843251799643,-0.07447349120290413,0.2952537051199353,-0.16877201173835712,0.49170020432755035,-0.02392618424816024,0.15402881895976808,-0.3817228703253058,0.08310916140223254,0.5018922297364131,-0.014312153299820607,-0.4431200902277134,0.49103469241506814,0.20483419781118356,-0.16134378064119495,-0.21886343411718204,0.10861495224318073,-0.09607805655737968,-0.04135196539447106,-0.14904056250739142,0.4545568580881857,0.28912562480551285,-0.057900042714947864,-0.4629888556402032,0.4309797087117395,0.09823550222857923,-0.17763076107003997,0.07348017809430317,-0.4859338818657929,0.2916712154514707,-0.36690798991864926,0.42805390761558415,-0.07077825573055237,-0.15666372441258616,0.410811703637766,0.49398792152340026,0.20331816529954602,-0.34485808565883225,0.08859189475914696,-0.24403823175980596,0.3575691168597551,-0.2399700391262116,0.23914026590398715,-0.09685991741735935,0.4031804739039676,0.4163079660146537,0.16600966721955943,0.0669601974863638,-0.267422560713401,-0.08416232595925778,0.41273028830624103,-0.15348180713226725,0.4609272958075409,-0.07040719986274192,0.3622676467387501,0.05102752284015866,-0.23416038422845933,-0.003669804752190769,0.23298836687216604,0.13667556314067683,-0.2024597032026332,0.32359404293053096,0.4423565431395525,-0.3556948623215219,-0.21252082188560875,0.41499974349554136,0.005870762301821802,-0.445300651984175,-0.42975380637243343,0.16372036391893005,0.3662926769902245,0.369850257943109,-0.1481663890193107,-0.04067422914014951,-0.19299428241848796,-0.09855725177248455,0.20669744782288843,0.04360009163033718,0.3933822120375168,0.20188695551041344,-0.033266059645195134,-0.1793092360181852,0.20732626105737115,-0.19141589724765465,-0.12279787921754219,0.07791826577777937,0.49269872513551616,0.48871209573530083,-0.3622134201974089,0.10580240182762189,0.21311930800525788,-0.030331237480011222,0.2214094752888994,-0.48066203729660695,0.4386806363728035,-0.28058768136689083,0.1690641034643011,0.1772782585391329,-0.0756024370896118,-0.2987098670940366,-0.10414272850365826,-0.027837430940014625,0.22075417646236248,0.1695482515898867,0.4116107541545153,0.4210494823444263,-0.33449955472624815,-0.005433798577139274,-0.24121279905996812,-0.07460521164096169,-0.354111235730172,-0.28903764616297456,-0.09883077116699036,0.28823942328543006,-0.4081696004018256,0.46706769193432396,-0.24136539219128442,-0.42215096699059795,0.2629906429110487,0.3208663794169957,-0.4234650403972188,-0.29082624751258124,0.02663038768756202,-0.12464600955330317,-0.15740126014445724,0.17797321744224778,-0.011958866795872965,0.07536500043317416,-0.4800560219852835,0.22717805317978365,0.03170946780479321,0.09827349789040594,0.451699909157278,0.35103634417499785,0.05888585209308796,-0.3374281768182056,0.41090082670489025,0.4498193442362627,-0.03397779333130831,-0.24881579523049244,0.41872964863525186,0.1363379654690373,0.19858096426035707,-0.29952644335031764,-0.36514746091301353,-0.334752371797155,0.03600835944730302,-0.158749072974142,0.3355001625909261,-0.29290408011985136,0.11620282199122432,0.39469946749250406,0.23811517347998143,-0.278706082869952,0.09159907781839448,0.12397551208408036,-0.29420055225713804,-0.004331402277479092,-0.2759726777198067,0.32135144139518845,0.17045898944628554,-0.48501935808615915,0.1717958949912841,0.07111623835891044,0.4504580626431479,-0.30323223033419666,-0.3000149394287721,0.370051613566163,0.506758551557162,-0.30989882586549733,-0.4462713938020568,-0.38984745417295863,-0.41906577256721544,0.37131856776237704,0.274298647372742,0.13236334275106554,-0.41088587597031734,0.3905241947322654,0.3090986288251584,0.045451373099067216,0.10782291144022947,-0.37637739902933587,0.3692083490977316,0.27074215624206344,0.2808502912778791,
0.23928388190844
-0.5976602461928704,-0.36381566835769363,0.3067088627326671,-0.6210139393373975,0.3439146970009951,-0.5430715411931966,-0.33876652393017026,0.17949812316289082,0.37562054978419457,0.04110345794775443,0.2698783758875878,0.10683745976571199,-0.13926375976279065,0.2810305168873586,-0.37034246003919746,-0.2863594157292798,-0.28602058496687444,-0.1481270377447949,0.4340931912236772,-0.44111867068515886,0.06853267532469923,0.32553312578515403,0.046238893440507585,-0.36841336328997154,-0.22274031899596713,0.30852770973198007,0.14854524535386632,0.02441258524240406,-0.2170901616294104,-0.22153964832536177,0.46063928774114665,-0.13260507260745358,-0.5690850344797508,-0.011033255623986113,0.46505352867400673,0.18332650137636658,0.41907513414930386,0.5068566794119755,-0.0013213518039374712,0.3662318434317793,0.2984200422956008,-0.31080037066485955,-0.09430622110970441,0.18573464188513228,-0.1034752931524763,-0.39333887910298393,0.2917275130823145,-0.048263021154380435,0.29393568372273027,-0.04534137966494676,0.11297535428768615,-0.1489015487326451,0.16642117827746422,-0.14998655928881893,0.09155807304335853,0.3457769707362791,0.14514429746551344,0.46453702962922827,-0.08976016985079835,0.28356919027839367,-0.37252984247151144,0.013873128231817312,0.16460080331851462,-0.3739147377595402,-0.48300363941268176,0.12579662180095752,-0.43316394918147716,-0.23994734082845115,-0.4640967926801983,0.4412709115340975,0.45101550021432646,0.2027708226440506,-0.0509899873722719,0.4119172372451174,-0.2834454809214795,0.13851460582102482,-0.23353766765475176,-0.35084869638376637,-0.0351918319966057,-0.3700887996825938,-0.249235526173651,-0.14690608586079495,-0.26688321269345716,-0.4632081840417033,-0.15608979408651563,0.3034635142623201,0.4112941797005386,0.14474573890351472,-0.048346018129738565,0.13001089980454417,-0.36253602406173824,0.25658139355399356,0.3745040353674999,0.09665720600867125,-0.2866861893341974,0.03212499284743547,-0.4411921931208188,0.4313482196710807,-0.14674914466992656,0.17526451516256752,0.2563387843225102,0.3127393677876483,-0.11239352877068828,0.16187287381602816,-0.37291645280279984,-0.014822287416619234,0.37695181162621305,0.07822093087276646,0.29746651657082424,0.1150483153272415,-0.03725006154551792,0.296717571546229,-0.10496105466848663,-0.07559570248154843,0.1789848123444922,-0.34570954156994016,0.12069775105479066,-0.15809864734878415,-0.11992937734002251,0.018447683814054507,-0.00921074475659289,-0.10359102932988157,-0.09774021085394932,0.12703758671142645,0.48399116807396314,-0.1547277993844251,-0.4310684661025297,0.3699494873043385,0.46165603362997765,0.07704967795185189,0.17455745664391026,-0.2555242147046156,0.39533799571229733,-0.34234560845044937,-0.36219627676633903,-0.43921804456415936,0.1315136189939588,0.49917642031013787,0.1011450219693936,-0.40009280327640306,-0.34895272491071505,-0.4777329436876303,0.37252767776970186,0.3339456858897243,-0.46026029986938455,-0.1441833450549656,-0.24596499488306062,0.5065346136711387,-0.32366170383072734,-0.42824092813379866,-0.0168289522559639,-0.15849827450125548,0.465676126069163,0.18818747648990458,-0.2757067551938166,-0.10149842591599834,-0.20285378353270506,0.1905682564461912,0.29088870036275605,0.12669689482870156,-0.2074938420661187,0.1186905890914082,0.053802585554312866,-0.018983171700649,0.32204766847663036,0.34609136436144805,0.29619150105650816,-0.4397483030332111,0.21445459043300147,-0.46095346890834676,0.11288837285036826,-0.3977803852947154,0.06321182426283273,-0.07617855915224678,0.32003000307194684,-0.17153298203155248,-0.45878327262672747,-0.0862756802844252,0.24021191684937832,-0.4305579796925173,0.17528387951307517,0.35160878819575425,-0.3409005613536559,0.32080591954418525,-0.39647729403595733,-0.3911773727127019,0.2113383867538176,0.3825243337670222,0.44110689487150356,0.04820160438545803,-0.053228053196033985,0.014606872997276572,0.013743385277291761,-0.09344099344381704,-0.14761477075520552,-0.39316004214969325,0.3831880702291732,0.4812227019129727,-0.33893732310762414,0.20458447422597764,0.2854438242396514,-0.38447674569486356,0.36515737196508935,0.3586862284396394,-0.17018382788741332,-0.13026146059555616,0.47103582955678014,-0.32522588454012247,
0.18557592890775182
0.48180856502716063,0.21788723618173295,-0.33464378337170836,-0.14527015156246162,-0.15848299535019264,0.40263347165026814,0.18230204778750378,0.5258928725530092,0.49392775373105274,0.40145705458483766,0.3923862791513199,-0.0632013525225477,0.40401396383025545,-0.26157829896270196,0.19935639486954113,-0.12333602791451438,-0.2933458746911959,0.18042814854585823,-0.18519974573859896,-0.4208892726853401,-0.44756860866062725,-0.07367786402709904,-0.2845468303351999,0.369800989214874,-0.14935804317722298,0.5153664828671616,-0.15406887176018705,-0.4517530807700858,-0.3741956228771148,-0.21301992903744948,-0.06841900770444347,0.1126074282811594,-0.4020940770367017,0.41535272516042565,0.14713825918738932,0.11988241017638061,-0.3499683526775406,0.37787052272430305,0.4748408690461899,0.1194011488163912,-0.2728952640864985,0.36791271569136713,0.19957368513958487,-0.4308267029647204,-0.34392709907086444,-0.12526404529649757,-0.22893205286372317,0.051082815090941834,-0.4489396563119303,-0.4642676457163268,-0.24256068744246886,0.46807146723462284,-0.1863188668506219,0.10028262516747745,0.010479722079574415,0.2886936336245349,-0.11931551984535314,0.11509369548858862,0.2777902151954847,-0.43142516765682076,-0.4012280962739338,0.49943746528258004,0.40150825860454015,0.24643037654314232,0.30174699297752977,-0.16350700470458876,-0.06699393754629916,0.0022722347303487903,0.11908061562895618,0.38765891367336874,0.46266226193527565,-0.21327889421431265,-0.2196729158645163,-0.45138381227326446,0.21478673657056427,-0.017119689274892196,0.1964270015497648,-0.2909139632172744,0.49000406774056604,0.046016641671931514,0.39678496530025836,0.25264164449545273,0.3508784897894914,0.38133280671273645,-0.01988810626849676,-0.26140370063906826,-0.45871097276814615,0.16640463008166587,0.09737251714778984,0.14490468036570228,0.006040691204639032,-0.1976040394470779,0.12678110518991245,0.4191783895059837,-0.46557625182134704,-0.31304739011941124,-0.3763605223542738,0.48433015834961485,-0.010090292123668557,0.04171600163696946,-0.16808713273890516,0.2760261934796772,0.30789956693413595,-0.4013134991560731,0.029791330433302034,0.3510393588825646,-0.05558411262132267,0.05220491602678998,0.2480851380272524,0.09876022787236573,-0.25914271244765996,0.3171103400207728,0.44815497875237004,-0.3874624658294857,0.23341013422077408,-0.20132903041617464,0.0751787869742049,-0.1668173235093294,0.2804393768254015,0.07617408167124619,0.012908651718750061,-0.3361118744164188,0.507156010054242,-0.37039993152403544,0.3576732610084313,0.3739724959996558,0.47408635912739644,0.4975949981448215,0.10223224014964329,-0.2417198229546841,-0.3356559338306427,0.04499418919340154,-0.22580928517190565,0.19972664084177408,0.35443287718962985,0.3394398023080935,0.3090342181659778,-0.0056049957455369375,0.18428416683223983,-0.010826737055296727,-0.04555522880144388,0.04175368520069039,-0.2255395318342944,-0.32212709777189125,-0.1995884212516986,0.27697837701151123,0.05193241511013288,0.047446649698775274,-0.3912494576759871,0.02802633210902847,0.04056278187984572,0.025977558546240304,-0.024001187185289628,-0.1829753157284215,-0.2515911653880307,0.17556053459221713,0.5052518319945913,-0.006301441517532511,0.4411795381106976,0.14355606304948323,-0.4146376325610161,-0.0120210556817732,0.02966183020003205,-0.15917262547921826,-0.4199781259627136,-0.10040577854287978,-0.4813441933802735,-0.4581848797209915,-0.28540318605107257,-0.3956366393608041,0.46593609519072016,-0.2961561606123612,-0.2848061677882045,-0.4499270432370301,0.18198246719465663,-0.06315721834762933,0.3022787964477223,-0.06076579605118764,-0.0353001385649669,0.219703204466175,-0.02972259036138954,0.05167987413931283,0.008074336555494364,0.1557830319851025,0.09493522245843845,0.046875787995767755,-0.2503120711641916,-0.21239114558001734,0.3018176960415547,-0.2960149630113735,0.32924218447272985,0.24961457904817091,0.2021818332955916,0.20713719293204272,-0.48128339834586426,0.3277947138706397,0.056552518928410685,0.2640192834234372,-0.045485328537433097,-0.18356035942592894,-0.3383114362921023,-0.44218136945106573,-0.24707305418835282,0.4146591234971197,-0.22677531222683464,-0.22428746763069993,-0.37753310020374425,-0.2108105790828488,
0.07519273220266846
0.6022224052103449,0.7667615075767558,0.6463649202848383,0.4622238954625734,0.5287990699893181,-0.07946799620765516,0.2782143443830715,0.816994431015057,-0.49846913404913945,0.34300801585166846,-0.2913929025719402,-0.35084896987937786,-0.07465333988390052,-0.4785366695966782,-0.4110881728299686,-0.41142200443893195,0.17669497800390432,-0.19943661927471457,-0.23318931984525348,-0.05229391315493137,0.13620900925236618,-0.03865332478939158,0.42611392523503966,0.19365529167280493,0.0861138905399656,0.40080261983634324,0.5333174815995255,0.06911073053855765,0.40932387241108886,-0.19148941125891683,-0.03639565597550275,-0.09217453840633401,0.033523133628019834,0.09913431437034102,-0.23183187355794072,0.2205820206291335,0.2417399304586745,0.10829294583065768,0.08806351149027053,0.30365252577086893,0.0014509193457470718,-0.5090842322966312,0.3094162721058597,-0.17669267848602055,-0.2284186379828304,0.1101632072253301,0.42687027419702334,0.40727597151926437,-0.34937051578087236,-0.11208887228525533,0.29407121840695666,-0.049805252536830796,0.34696480846438976,0.12314377699957074,0.07674071411404762,-0.5431558753425445,0.01523702086928653,0.22315469981914604,-0.409256539902128,0.17842905329163777,0.13095030226254684,-0.3686723897302024,-0.4743239125487991,-0.33530726954064166,0.06124356215620676,0.14415473480554836,-0.013862380174813576,0.43672845318480896,-0.20422540847775011,-0.09512348261183795,0.22912937867210698,0.34570537893605985,-0.36148033519561235,0.23710345352730366,-0.046427471728825026,0.324326021223255,-0.4705352924255149,0.13900695237071564,0.006719444314946845,0.16068458860987694,0.06457759833049487,-0.30285672597131846,-0.08772526109407117,0.12829693850477403,0.21311571141376462,-0.10129939281601003,0.19633058057438424,-0.208575559090938,0.19323688316754833,0.3219361172891711,0.08976043029427314,0.07141565538317418,-0.03995447923338241,-0.033203436767201194,-0.18049658291384202,-0.29235879174117146,0.2846203458535927,0.05119225422029311,0.36621203984602596,-0.42430102582315227,-0.541766274876069,-0.05687901974349324,0.2620236093259614,-0.06408197966292434,0.24288698209000031,-0.4751850483457692,-0.2702443213986356,-0.4232085064404228,-0.19254987738914758,0.19231055988652296,0.22361467164896892,-0.009179906473640623,0.03810795199934036,0.3823169254727921,0.22154569329084423,0.17434953174504403,-0.20752033003473186,-0.01201376654116937,-0.05935912051097718,0.3783365158762087,0.3786918121223983,0.2761651342898364,-0.5004374182754773,0.15357988772125902,-0.2161503385448595,-0.04906691963353668,-0.06427327569523403,0.3318048667384365,-0.04923463936064293,-0.17828996640773703,0.40003067990399904,0.16308957999830248,-0.2925342688515195,0.12894290419376125,-0.201800725524866,-0.3095246884096364,-0.20908367298532143,-0.043644422115483625,0.12536149163502747,-0.4157970853253387,-0.22543722996303645,0.31597570388529733,-0.2507407075681592,0.08086966889697092,-0.39129596331929634,0.43062600878458474,-0.06247060058978214,0.3769021042421888,-0.08662305735396936,-0.5417038978867161,-0.004212203492356552,-0.18890748578969446,0.12534446822447304,0.4037861562017839,-0.514214484419796,0.4375475877692107,0.0939453640183058,0.24524125866859697,0.12669399974426437,0.13824997481972418,-0.25502409925158365,0.36667102977362337,0.1476163604289718,0.25353450484981227,-0.012560802979964753,0.23227635339081487,0.05571117257750641,-0.18086723393944132,0.12491121869117788,-0.13561889268414018,0.011853297534907747,-0.10995869740452507,-0.3485631126793692,0.09399377158209798,0.2645462796878206,0.10431962178404366,-0.5387164439319041,-0.25850023943316647,0.38283915226365156,-0.40597293038184695,0.18254352696148385,-0.145287334984052,0.35029007949373964,-0.41414260557523136,-0.443509077266341,-0.117511348716896,-0.06544182525904502,-0.4493665354778213,-0.47223739062038467,0.19433461170416705,0.13099357383038007,-0.44132597067771157,-0.015153289307887124,-0.33008203734668756,-0.10636433860578462,-0.42285215969523465,-0.10397339361304134,0.1771119655752285,-0.18668264527090844,-0.19411924421160393,-0.07715815028025508,-0.36681305109243184,-0.11988649183082872,-0.21031645605884292,-0.538707675504116,9.850439122194947E-4,-0.023840226907266556,-0.0318803376761686,
-0.4374822100190474
0.28047795971507344,0.5378388348108348,-0.2352939504825994,0.5619403816104009,-0.23155051168725455,0.6392000083986092,0.044059810486252904,-0.2675934465041409,0.24465247296975673,0.36151064570210745,0.12041145177391012,-0.20645996513466885,0.3569873987991191,-0.12368967327029448,-0.2115226039980625,0.3472666998798124,0.3718182862362617,0.1463329666806601,0.015713818896971828,-0.30221392784606854,-0.34154138358530317,-0.30854530944672687,0.4186213519460392,0.0012600984444115745,0.35588846080046677,0.41497981123053473,-0.113087587728342,0.12157748058928951,0.09950413331463599,0.46915736834995336,-0.10987066093116013,0.5294788502408001,0.5145244504165634,-0.0815240549811899,0.305375202739564,-0.3342169996063547,-0.21581968520627884,0.1967138802380486,-0.2080220741344918,-0.31976815613882237,-0.12098832577668121,0.32750052705592214,0.16700356833252927,-0.3999661261528151,0.014767651479956654,0.1134107012297106,-0.3709540539550321,0.4754516440300023,0.20243030857926003,0.4786255589075249,-0.08312356189852037,-0.3104311892049426,-0.40357444219266214,0.2706269207178583,-0.4565758720827844,0.4177400399709985,0.27490933390386185,-0.16667009814121547,0.3815074865986061,0.29027022265956204,0.4674028360291518,0.342324252389294,0.26952564225270326,0.24702731883496565,0.2855566533747087,-0.02108490494634595,0.01775486666761483,0.004917875852305689,-0.2672907975494444,0.09094309762269921,0.18124738245281058,-0.4789319762250285,0.26888145326771584,-0.4090976004411866,0.23193183511862625,0.3277171584561094,0.490075906903341,-0.02433538467839212,0.31036534191250886,-0.3607543819878314,-0.4557745863387864,-0.48284448334001184,-0.43331036709555215,-0.31257881461077597,-0.24913721488261448,0.3696205638189992,0.21069428240192423,-0.1721360176181288,-0.48244033448682344,-0.4333458201404742,-0.21750722878327966,-0.42110691684851687,0.053409182145053816,0.13995709296694836,-0.17183240735078176,-0.09666806341948979,-0.43169640833426737,-0.11817532610853258,0.11884284061380461,-0.2754855102263235,-0.38351519099736964,-0.4053411976392547,-0.2130058957001365,-0.12035287292884149,-0.006178009711105769,0.023334053051481677,0.27040703852356607,0.45684633911888395,0.13049717956286022,0.05003934066847311,-0.24795248143442022,-0.2634145653845371,0.23425660146007732,0.1462536427714458,-0.13679216229360547,-0.23605159525877129,-0.4658886007097419,-0.4771952199410011,-0.2223547967126166,-0.0849977630609871,-0.14965147715800253,-0.10350127660422208,0.46602987926336104,-0.311236096581159,0.37393904971088876,0.3005958544348708,-0.197127650997743,0.35565173165201447,-0.023092641306775765,-0.09354984854728325,0.4222003265101154,0.02397508967409444,-0.40504809704492295,0.39491564564042425,-0.29639234485812993,0.14793051337139074,0.22458379953738494,0.018664437398101436,0.036899217786587404,0.49373635746472166,-0.14072272267974983,0.13034862008703074,-0.43859283174771424,0.10495187093638954,0.25260152887939613,-0.3834215699944802,-0.09484439996181242,-0.13630876515557033,-0.25896928396182206,0.37397745840471164,0.05940206338354498,-0.1686433217111475,0.4851050127336217,-0.3088851343899266,0.41568615260149877,-0.3293210541393967,0.3948426884351357,0.15890397544292734,0.1653669234827052,0.1002675758783504,-0.3062209390982239,-0.47790489625694976,-0.28426780521087136,-0.4864625157181499,-0.4542646392522999,-0.2942198067499274,-0.4878852524764592,-0.394207721089746,0.4193968126230343,0.10336519560600606,-0.3279483995579401,0.09640897028021995,-0.10199434850503268,0.09625590160742677,0.13537465361064394,0.4074826124395443,0.45495199828126465,-0.3094585048372235,-0.3867783304936495,0.4659537652739707,0.310770939044854,0.10224911892435713,0.4793090963869676,-0.3668447339094355,-0.13696787765877294,0.10028244358578393,-0.11159073626417952,0.13387948113480863,0.33783355431893225,-0.07505462171137682,-0.1701739640086971,0.2564805927340065,0.25008847135275236,-0.36000795606896707,-0.4722353783441351,0.026191187601613524,-0.020479447066743466,-0.15256765166390351,-0.41415678682908275,0.015745838782190543,0.27025939102914076,-0.203137829131679,-0.46040522008945206,0.4505691105669728,-0.2558454802599386,0.05487603410871392,0.028660034851029633,-0.20980117503995632,
-0.4920928975053317
-1.1869584061464784,-1.4126009325700464,-1.5744378285468603,-0.7373404682959196,-0.6024217162089484,-1.5968567014412198,-0.6262864539687989,-1.415483914716563,-0.38893809645963495,0.44684182764167646,-0.18257108872022787,-0.14851749568071893,-0.006276148206995623,0.14734760515511927,-0.17020272619871935,-0.38710006433436395,0.08183600832208321,0.06491084938267327,-0.4085508221984471,0.1218785772317774,-0.022841810024894122,-0.45166468356913236,0.3518931805287333,-0.23950310577684653,-0.4348696052337502,0.13125989310346192,-0.31981894880323114,0.20573532010453588,-0.47646636341760584,-0.5788070449798104,0.1474774964363809,-0.6747573429461091,-0.4087380877192299,0.2944002515046237,-0.32500187657436663,-0.43647625285251684,0.12304981618268941,0.3724315085948605,0.276886750231921,0.5082149449457646,0.0015434506557346671,-0.11036701627466428,0.05958690767025603,0.0918816573873823,0.3174965717458582,-0.2870401335363332,0.4097633808695168,-0.12737194428572118,-0.15537384858871994,-0.010372707702381962,0.2677484372448905,-0.1852253424701365,-0.2706034290968464,-0.361833317798553,0.5439385555868668,0.37510406554452225,0.03522968259661433,0.38409729527389136,-0.12915185886369174,-0.08634904157347695,0.18598062493171075,-0.1896919040011701,0.5584494473493846,-0.1378619014698148,0.534956194367193,-0.0214228075210546,-0.3692410906476612,0.41400421083682126,-0.0230131937918916,-0.2109929013272247,0.4085441040341343,-0.374052699215904,0.2486023145255638,0.13575624241258905,0.22118969439236358,-0.2718673322328319,0.3201504011400672,0.09029824662294855,0.4801746335028395,0.12869221656085889,0.07373603054737249,-0.20245771776840416,0.5272774456835214,0.06786749678815657,0.28214912814036486,0.505499244292302,0.3825395276227701,0.12812619107716672,-0.2435133367646682,0.16578024876364778,-0.23981833309541584,-0.1611925290279006,0.4139647658561596,0.340065285863266,0.49508184445121184,0.4273292626617208,-0.06754518767021161,-0.2732184431059873,-0.17191246503951474,0.3637160633611284,-0.3954323508369443,0.4825826774949328,-0.16465107156244596,-0.27881710861602305,-0.018352168069916196,-0.3451790148471823,-0.34497598516371764,0.5327377931668282,-0.09316999757906874,0.46405777339538634,0.06412041020724402,0.2622414727042276,-0.42365227649212733,-0.12024329122085242,0.3889030357529415,0.22808921531261683,0.33957470906405596,-0.0823423051203114,-0.30578964795184804,0.31865725896436137,0.05081723533196333,0.35393059947541383,-0.3098135912784684,-0.37911838241493934,-0.08033455023122071,0.09905872414617006,-0.1806499354043571,-0.35318531058310243,-0.02824929408918699,0.3035042160608774,0.5425860666317959,-0.31226895202436644,0.4280446816108622,0.3775591622977277,-0.07044226349048957,0.45133034182981835,0.5383755967333652,0.49938718055559495,0.2772044634339236,0.544812371399434,-0.3363745126858537,-0.14188758332039164,-0.370598902835808,0.5550750055524152,-0.3088885171182423,-0.16708586868620912,-0.24847875746078452,0.4470133583516688,0.18894390856303567,0.5444367121805633,0.3255593957067724,-0.24812606738077142,0.05769197741139751,-0.2685735961560889,-0.12536793522281053,0.5498451396102018,-0.1785224235858277,-0.2966421602306646,0.20009092395550132,0.5645414762032848,0.1156567529522704,0.19891478739756452,-0.07985363086560365,-0.2182347841894577,0.3745371559216576,0.34054103143808623,0.03581246334961775,-0.11909343212299711,0.20011911407451088,0.5168795005149409,0.31814999386542775,0.42456925914287347,0.4016368426948459,-0.052231871042134594,-0.2898033326425491,0.1904851312339379,0.23571575488111218,-0.10943616953508098,-0.13236099347977626,0.24950832067986117,-0.0517499365755957,-0.06808343970019812,0.4241937968056949,0.394455652360022,0.3216450866945929,-0.4242825915958689,0.5608309163456131,0.3067868833754869,0.5648566702497142,0.3857962091691063,-0.017615874988687146,0.41159433998495665,0.5486998985808704,0.2710456322499719,0.46075965485815384,-0.2839009775589616,0.08518795236590326,0.11100032643005484,-0.3091329796029507,0.05282586483457782,-0.32279880993629906,-0.18849872385431526,0.3235604458927306,0.055858031184120256,-0.07642438681531616,0.052926978649412044,-0.31070687967199107,-0.11295373252375523,
-0.27896993198379716
0.980771617666921,0.4118665223549332,0.6263825726104442,0.4298954238166083,0.7303159188315096,0.32043866197350285,0.1888404271460449,0.9602904056295676,0.1509669054650636,0.06084232886129581,-0.40332039884993864,-0.2796274984927398,0.03472903666070782,0.037211513274656306,0.3182634530726265,0.3179966323992298,0.3794692050987889,-0.3039419994712832,0.016866501719622718,0.35318595952501997,0.4736403207117267,0.08501213576149017,-0.19222004129985812,-0.1450477679729634,0.4732505980423808,0.4316216448989153,0.44164071584006026,0.07124369746592887,0.4230179872983781,-0.1529766307579204,-0.20524779753505326,-0.1327996514678987,0.042690649309074596,-0.18790898287789548,-0.25797195965158287,-0.042487855313572895,0.04481595595733151,0.342327656487608,0.31490853803355046,-0.3584213347741698,-0.07594541257856816,-0.49346203148798984,-0.4949921002462202,-0.5017212417263748,-0.13554280853551973,0.11174757594501486,0.46166740290938657,-0.17878747037586942,0.2686233191310029,0.08769354497992782,-0.34492863694698594,-0.1865089165010824,-0.3642105229378111,-0.2714617242965526,-0.22970015734516783,-0.369043150295153,0.35955245057890317,-0.35193273518606705,-0.5029255136130274,-0.2570240964211076,0.4265551536144079,0.46515068678262816,0.47229204947279424,0.47114081546305764,0.2474671883201224,0.05446014886080674,-0.3724275414695214,-0.1070732208457788,0.08781994199870674,0.40934601695444917,-0.05497341460129108,-0.35011801919116936,0.08285741496623883,-0.09305480335598032,0.1566740540529413,-0.41627736041589736,-0.3815840403823374,0.040002547391699,0.2364187927570179,-0.4612577453908958,-0.061052861151361736,-0.5144458413136397,-0.3717836349296798,0.1152333446269303,0.20415009703065354,-0.2824660964608865,0.03004369045489116,-0.3638405006952925,-0.14271910092612236,0.23852916640964497,0.2105081360634534,0.0981041015437798,0.09105785696497098,-0.09467429431596758,-0.22659002479360993,0.41756147587300496,0.4011840477462234,-0.24645438713985748,0.0052982854631748845,-0.14507464840191917,-0.2971412029645978,0.18859627163049084,-0.05796281573838868,0.10106810277070105,0.2522525384571225,0.40331253222373786,-0.42737409658543024,0.14519401349061842,-0.337230040361309,0.4070880906900253,-0.3380075624267602,-0.2923117464635958,-0.3649710434506206,0.10695652120200577,0.019207661218754914,-0.2820275034609956,-0.37016654729600174,0.4679959276595468,0.16354267441197554,0.04491755987673907,-0.3949793189720824,-0.1014042294146254,0.24801919753407278,0.44615175112046057,0.10991428909664433,-0.34446182086190835,-0.2114208325598638,-0.5073566370413807,-0.5147833322437101,0.2445101681418361,0.21672648389443114,0.04622456801897846,-0.34847479285326033,-0.4964226069903832,-0.4755300315113168,-0.27973715985160474,-0.01374096561833746,0.3003138846938568,0.3026236824684839,-0.3625246132519525,0.08663402130859293,-0.4523035383145487,0.2869970019884588,-0.2860789912876295,-0.20457442845009968,-0.45046336453140257,0.12173346136781119,-0.35550718296103234,-0.27338961811660956,-0.47686345850787826,0.42503389988462026,-0.2572255674449542,-0.3304203336726723,-0.48498003845924675,0.39972630277627164,-0.20308879938095006,-0.32653203780163653,-0.17499685825497405,0.169620690491146,0.14318717704723247,0.3172436506332059,-0.5154654479113239,-0.25768526804102343,0.23028745472400916,-0.3434419642463641,0.29714641354045057,9.171078350505152E-5,0.049764994481748294,-0.395047917051923,0.4420251832518173,0.4027790843774748,-0.05798066179413514,0.05487134834808848,-0.33387789583959615,0.14991314516029838,0.4521343969690139,-0.12695913565386133,-0.35411086215303234,0.39428067191471383,0.10621150833799703,0.015103808112214586,0.18663928907624713,-0.27511383471077167,0.2063722342298869,0.3960288088753219,-0.4543051320030874,-0.45538096750758017,0.0013956656411829253,-0.1743571834972644,0.3149011164783482,0.15637205171901666,-0.1200072167237431,0.2727476661895286,-0.02125355544646308,0.34108898252149933,-0.4449892102442218,-0.043369856834471955,-0.5237549884025767,-0.037804497161214944,-0.44060204001193526,0.2813769705880128,-0.1620990646517391,-0.3369056423632931,-0.24144994574498937,0.4262576983370374,0.2434882553645122,0.037882564021414177,-0.001302750208034107,
0.43442088141604634
-1.0464968298560646,-0.8715556950437349,-0.13370394765590563,-0.25478881876898196,-0.8382989807743835,-0.7061363234768333,-0.5310528940181591,-1.062391334226766,-0.1543591233595334,0.07810742315114479,0.34345111516658905,0.2807326970998663,0.408160133130858,-0.006523136590192819,0.09592491278774622,-0.4368187873565985,0.07770017922296572,0.444064435237102,-0.3910703217437069,0.0946962401026684,-0.019819841252509976,-0.2901151781477499,-0.02787359136580146,0.32770227451834233,-0.5202765353193346,0.012653767248179881,0.153731738785511,-0.45400643775938176,-0.3949579910855297,-0.06353366229036009,-0.5148927723098957,-0.2794500697798554,-0.5722693366014612,0.019195142546646914,0.4428745386586914,0.18403866512844552,0.4963257114480922,-0.3854474456441797,0.029972956011195345,0.20269176870339423,0.3679406446477704,0.21451948800982157,0.006316395136733212,0.12344930129958938,0.33891537217538564,0.4741818196212227,0.08770474628389753,-0.1833670882251528,-0.30415203334273283,0.002385387886505022,-0.06018556358238824,0.1352483983122148,0.33259046863216285,0.14939776709466857,0.1230923712929843,0.11094881408546041,-0.16227357528699748,-0.31608903117846326,-0.007553364771568193,-0.18286221017585358,0.3520485687419002,0.1585979515179709,-0.4071588830879071,0.31614948984992625,0.49092547922908075,0.2047319322657314,0.5073675820416639,-0.041153373787045096,0.46049394863030707,0.3723542285579326,-0.40809223803278355,0.4465791445545249,-0.13522208339173725,0.28970261704216854,0.5392870372292942,0.48829743880057536,-0.3997512143970528,-0.14591097618816284,0.25586044476384784,-0.410283751871886,-0.33499374055098935,-0.11385809230875131,0.10476072957946923,0.4967763993642412,-0.3283275335631158,0.1803049491180856,0.17257708527229287,0.0822531586172414,0.3462567011534972,0.16671062597649822,-0.14997721676706988,0.012211745172671687,0.31966167769885284,0.46302369236292845,0.18218827472714205,0.3581120318749014,0.07416672721656516,0.43957605793343496,-0.3597341270848488,0.4307159669811134,-0.005862893042437438,0.5470908706586559,0.19417118887016938,0.503552773022671,0.08837266370837689,-0.4364790137982841,-0.17572472931678407,-0.23345126794817578,0.10092339214549,0.10500261662041645,-0.09949943674691049,-0.19547028695919533,0.4078633524848388,-0.28434782778181417,0.17832330874859081,0.13065632589749238,0.309428214993485,-0.39808946453284483,0.5137630111582479,-0.17854698788444046,0.07008640970443784,-0.39063430473614663,-0.2167698093778611,0.09794404092204305,0.33352709383675544,0.3534611677469816,-0.0908590017752534,-0.22348899628747437,0.34521305111819095,0.5102245027237855,0.3384977571028866,-0.12656233926474292,-0.24794008672373818,0.1491259919174724,-0.2008272233103759,0.28870999509432843,-0.3830321114407194,-0.3525948312285397,-0.33257798730590754,0.4174905055683689,-0.31465442536823424,0.16367858587230455,-0.17980565253701108,-0.2582125076183243,-0.12856998362665084,-0.1316306426021302,0.4170911009269827,-0.05980808810494733,0.3941209313294132,0.1294749443861637,-0.34063019489957796,-0.17984482038577554,-0.014788662269206854,-0.3655829757509927,0.2071746757356392,0.4251338873565537,0.11731031120425835,-0.007806808406269884,-0.3987836649428039,-0.001971955409367907,0.2544187550372972,-0.29522307975199197,-0.2685889481113966,0.09269165763427258,-0.2849682324912583,0.5226891697606066,0.12253018103515496,0.016895690372046954,-0.14419368405686317,0.10689106638693786,-0.4343015681999382,-0.03702510147895626,-0.06675342332570826,-0.39237610240616166,0.4146195463321846,-0.36350775241768624,0.18152332077057398,0.24054935125984833,-0.3133037584528134,-0.07139471212070751,0.356457863846726,0.19151920798584277,-0.038248962421105086,0.19442105304623536,0.23886520556542767,0.21353040663302103,-0.04515691051599292,-0.0025226131965942005,0.3648649561992136,0.09289802782579347,-0.4452843330747169,-0.24040966146286769,-0.44356718828825187,-0.24359487131010454,0.0656974920372629,-0.384341701590108,-0.33762064750605864,0.1671651999914871,0.3684207900948718,-0.0853838079669439,0.2881068339643211,0.3141590524013383,-0.2764925595102112,0.23058295711171894,0.19190903555584615,0.5388853623090202,-0.017585966378181404,0.45234916191153235,
-0.3909851484341855
1.1922820429792576,0.9172065618924123,1.393259847966933,1.4250065035202422,0.42873010535483824,1.3951965203755432,0.9782918483047304,1.4809107567219724,-0.45962504212737565,0.31404429353151986,-0.2649289778247139,-0.20521951230124005,-0.1504510942905756,-0.08410765728763338,-0.013807456229798466,-0.2457411634299407,-0.08656707587324675,0.4422813317848996,0.1609272856927275,-0.07541156643727065,-0.143920986205298,0.2622468873132784,0.24131170735240334,0.06017801528657444,-0.3466160088095359,0.43752314604625087,-0.0031945203768929354,-0.014343821135293264,-0.13649122494957477,0.35978661494061065,-0.014708380904904747,4.170484633197475E-4,-0.07220316302843083,-0.3369318745312749,-0.02725841689847236,-0.2268912198733466,0.025380359329834554,-0.04813029940130139,-0.1770144948415525,-0.39191669083117,-0.32319539504398564,-0.1623470304887095,-0.48878202345292354,-0.03365743629246241,-0.5100099887573468,-0.5424376985866454,-0.0563893536596194,0.15515347287277134,-0.02548899421390493,-0.4981750562556011,0.0182765580091164,0.08399377080182571,-0.38475544533879036,-0.05524139016009993,0.09981853337606988,0.20704982248667061,0.2545586696919575,-0.08255723043544025,-0.12453724164835933,-0.19289504178805264,-0.15768217723178238,0.15991180729722462,-0.3623232309821509,-0.14042431340180042,0.27962414631639665,0.2789752707476031,-0.4376063994832676,0.1876634207561351,0.08606116454421522,-0.3596913352437844,0.31856642296733517,-0.38724560562081767,0.40243362726402665,0.3572478220530424,0.3926288018412728,0.32861313114945434,0.40447292374292376,-0.49624132292744694,-0.15946227959476947,-0.21641948889310184,-0.4522946753616167,0.3753435459299639,-0.20957202464628613,-0.058099972724120146,0.18965551002548506,0.3491838963970102,-0.08949209406086137,-0.08653909271976637,0.04278537837074289,-0.3463914320923276,0.2296783272114468,-0.4093395161868113,-0.3999555812053248,0.14701606932401498,0.152457713005239,0.11175211418624864,0.14463402505700027,0.027667497608025032,0.2451488574956329,-0.3180408080382713,0.20656559903479302,0.24830711991750792,0.3867826340663292,-0.47319990533160117,0.36081801968596683,0.29335536564715026,0.1762277458547847,-0.47351766797859707,0.07537706554154922,-0.10854087121053715,0.06595508636762826,0.38588877019356294,-0.087834202893428,0.1824724441350066,-0.4467014507644548,0.0315928511628303,-0.24014855457904896,-0.16451957593566593,-0.0983458918240894,0.2955033063095627,-0.06525874714285093,-0.376732094632246,0.2869121837657671,-0.155846380620031,-0.07554463730584896,-0.00132646047563824,-0.031481655012385805,-0.2566851820353505,0.2687928760749052,0.28955888798393503,0.06991019136557683,0.009525000297451633,-0.4268179098861631,0.23166173772605472,-0.18032107662055627,-0.006707659680780337,-0.06766593804518278,-0.307609067371318,-0.34734375919822447,-0.5368570847056416,0.10519373710965313,-0.39633984114463583,0.39922844137221525,-0.1846514448426829,-0.37298896899970524,0.31814628934176625,-0.09846844997335444,-0.0789162039437789,-0.3296709621113312,-0.16910232528548128,-0.21321788581118764,-0.25907445678869456,-0.1260852437679101,-0.4329938742292503,-0.19914908125667188,-0.013977428927715497,-0.4528668051255379,-0.27390390279654353,0.05928746073873895,-0.21407346158251753,-0.3730072928022674,-0.5043268988303995,-0.19164477059570786,-0.4650100901729063,-0.4839340616335751,-0.20208736557517595,-0.19476106521028116,-0.16759968050570526,-0.538282793170327,-0.3817397317699631,0.2244369938266502,-0.29466482432336594,-0.5494559882655349,0.3792519383012398,0.07645332736352811,0.1103841329045824,-0.3133337378516654,0.26925304337850486,-0.5147450250073667,0.04530105038704597,-0.4015255558026968,-0.0866458192736484,-0.18743726080162862,-0.5286883142641224,-0.02432675982545033,0.28244972329606644,-0.46010562073685113,-0.35438366651785513,0.2769347832454637,0.2765651519604878,0.02338088275999329,0.3943922143191595,0.368201644929263,-0.010212257219119858,-0.27827161219650154,0.31851288682687684,-0.04734355240821777,0.2666947065351103,0.2642992369714806,-0.08263285523197633,-0.2643986256645807,-0.20603894514662016,-0.22586199326456138,0.14057348836313063,-0.0690322324088507,-0.36413006964462036,0.18986925372896676,-0.06694971579677134,
0.29638665722333885
-0.05949414054194501,0.07095768370333963,0.03527819919760496,0.25929290958892526,0.3739611263601189,0.35481540364407,-0.38468701549935114,0.2661569984827277,0.4501756027963604,0.3396273799112509,-0.49527109917365364,-0.30680253829982174,-0.3581226091941828,-0.3284212922355648,0.4740761615248036,-0.4546170947504026,0.42406779348047485,-0.31715040713786524,-0.4730895629044154,0.15016561237034212,-0.25295632973010806,0.5047775654747969,0.3683092939056396,-0.22142813608191433,-0.4378889181856094,-0.14765913034264602,-0.04418559248676793,0.05808483607145978,-0.28559535150421067,0.4075702069309895,0.32763429251455506,-0.4408151706121044,-0.4058475469585709,0.14608146516654796,-0.2969835875981999,-0.38039398391560997,-0.3739467340920539,0.019286896345379573,0.15765707732527465,-0.08764962432635671,0.4130819932923254,0.10875329050871972,0.09259532502803046,-0.20824975802735526,-0.08746738401007227,-0.4522696602431636,0.23398353055284568,-0.23455823900680609,0.06481646834675195,0.2093628759110003,-0.2443142448967505,0.4001774767002838,-0.2777165059980282,-0.21867621008692553,-0.35161372120005596,-0.45255810207564007,-0.25877557082398517,-0.24390847843145894,0.4967831202696724,-0.24816824327387063,0.0028697040973759214,-0.41925591562291864,0.36781313902304147,-0.44153011467000947,0.35878976563851817,0.336172642159539,-0.397092053020618,0.062500614568434,-0.276128370321832,-0.29277942455629324,-0.07455602418826658,0.45094166424532933,-0.20116405291572706,-0.3218961928348151,0.4239640017895233,0.4756433884341952,0.19429766320081795,0.34157145568056524,-0.3475882887666587,-0.23416654014748897,0.04966256998526543,0.4456160024629484,0.30053469288857093,-0.36029896567405784,-0.4073090972656416,-0.18185520560442495,-0.3692243735187407,-0.3932983676585644,0.46934855843063117,-0.3921244005327289,0.15238499869951325,0.06574004051239177,0.08860518392155835,0.35882069271152406,-0.19084653966863444,-0.20088490431749953,-0.32687218065558843,0.29607567233243115,0.2940752143627664,-0.2619126124395079,0.18435724198355805,-0.157769388966185,-0.02758155938605329,0.13315654155765813,-0.2007557542042359,0.3065725773014615,0.2940927510260072,-0.29938779555148287,0.1559608186734693,-0.10664956694793194,-0.49313264117222666,-0.4633512160595181,0.15719166909573676,-0.3392757515482574,-0.05609171380984476,-0.40868916701645563,-0.2778507519478879,-0.1713769705077637,0.15226633818778232,0.276762558430259,-0.4877544140049904,-0.11841357060520419,-0.34663756701533166,0.347851286323166,0.32039265636202985,0.24176714653003448,0.18218004015839237,-0.4623383179571825,-0.4898076414673149,-0.10237699539249202,-0.1612107063187397,-0.44326659595619533,-0.3811839955980728,0.26542834482573374,-0.2960090029836018,-0.028157667746759752,-0.0038373095033952262,-0.26641320848487093,0.12028299825557164,0.1687210844328891,0.1429243535464407,-0.2061714019700467,0.020015106067568008,0.0728222094283489,0.2314751749105791,0.39872702405729843,0.3945136156642677,-0.4467973643214703,0.1460412932405499,0.2015707311997725,0.24111938446415213,0.46683617008137657,0.2623963961264275,-0.36752041661805157,0.09949860570168677,0.11413563408662929,0.10236735069775081,0.34375370448314313,-0.40575131664893904,0.47119441546264806,-0.0552761943788414,0.4177966012827644,0.23773613204265617,-0.059767497642249034,0.4515638512446788,-0.12744466770863797,0.11526721441908948,-0.48304046765678643,0.3780976390128248,0.42227138026437805,-0.02589364781051599,0.21204315880462196,0.4737693555147703,0.155438569972677,-0.3314788370955827,0.283598597168937,-0.24605210777210532,-0.22278512412938103,-0.1250528833160939,0.33859061526636647,0.4239540748790419,0.330137369618825,0.4845289777286713,-0.3567332627021689,-0.12901683177389936,-0.14515969644106477,0.10471018585026003,0.0462164184900561,0.30451914544718006,0.28157884051057025,-0.34279482677150697,-0.2376219151743966,-0.17787319128279303,-0.04628833872786452,0.14660426977471439,-0.10770846293423365,-0.09495323447519834,-0.42410244063117686,0.29202410650950605,-0.0418790884061173,-0.39319252754261147,0.052612931154447776,-0.13636884375385208,-0.07355073168829208,-0.011892586244039691,-0.3633017034632634,0.2465299299559733,0.1575724115008361,
0.12432155933630343
-0.21309523554634816,-0.26918360466839886,0.2587403705439982,-0.49963209028350386,-0.40518402796595393,-0.5960855396549605,-0.029083026155173775,-0.6216826829476291,0.12614096483221204,0.23026721714420023,0.27615270360478983,-0.03887468153412223,0.3437508829038026,-0.31384547905287435,0.33506433314350614,-0.28761554486268365,0.09655594435183612,-0.16198811928740253,0.31143420518895054,0.23001073430718283,-0.49185815519769255,0.15362965858142041,0.4659734873781002,-0.48205009840538887,0.24500628516608286,0.24160112296791136,-0.47549496504574934,-0.18120679817276042,-0.3140033514158534,0.15880086584385675,0.15880706286089827,0.4433053637462617,0.26914147963356044,-0.32991895150681866,-0.3501037176637866,0.33619556494285185,0.24506107659553283,-0.3896862300418421,0.2474670745411673,-0.3126972621396772,0.3712316208534989,-0.4619538359054627,-0.20874529291778082,0.09168960763187384,-0.1824414657659837,0.11246689234762491,0.41248514777654754,0.1410898650232872,-0.07812936510880336,0.48622433954958444,-0.3697906600597136,0.24275463225023836,-0.44942914199444584,0.5202986144588968,-0.12348373435277771,-0.006551026456265374,-0.3225002759276768,-0.06610513074235319,0.14971366056880142,-0.4060363297403551,0.24514350151829184,0.11187691649683612,0.012465341147244482,-0.42757246174186037,-0.02029907778282992,-0.055228239462691356,0.3912142873246929,-0.06587312488032743,-0.15270554066430314,0.319539380378435,-0.33455285796361567,-0.2606727771617996,0.1364643349802877,-0.34628319730777135,0.348833203060826,0.025631921215580788,-0.26881506272173195,0.171208773899222,0.2589961792569847,-0.06229907520410426,-0.0010058816855098745,0.4549119796477563,0.44865495360367913,-0.09530761035672322,-0.13957128282710735,0.17952374253796827,0.3280952137831581,-0.28542129009535366,0.028810001738268625,-0.17270017310645563,0.3474106536031466,0.37452778927548014,0.11352490004657273,-0.37980945978918945,0.3266790848148543,-0.2821710778166817,0.2653004828302695,-0.1363018796073165,0.02321542257549596,-0.17961755265823803,0.3085703870190215,0.39096224065405605,-0.19273035791505227,0.4235609232294282,-0.14611622160197885,-0.18000475585964631,0.38101513262687736,-0.2747113849656866,-0.2875914050129881,-0.10734827417315518,0.32039841813771863,0.09747551607885879,0.044933068529112594,0.25083227385644974,-0.15460103598368863,0.5154807168974131,0.0693702075622942,-0.3764155614742094,-0.36852684137884495,-0.25593058947913605,-0.17637781397507118,-0.45182183925265473,-0.3365659848736511,-0.3856333814946782,0.43476276382822143,0.4288975308789318,0.1027443919677899,0.04759991170587631,-0.41915222666411767,-0.050795895025181684,-0.10982214049857164,-0.16603767290439003,0.34826468421125134,-0.4039086860436726,0.33802834277050386,-0.44128392278314355,0.4853845586880311,0.3298638082424945,0.2795258851187694,0.4826962157293895,0.13238061799036677,0.23823939429418045,0.43784252668870816,-0.3693372445916765,0.4674296915624988,0.35058518104588865,-0.4469508479102393,-0.18151076220027157,0.351113942707757,-0.34373611314246744,0.46261005552238776,-0.14103649568454385,-0.02630754605823354,-0.22951966444095545,-0.23052064191309912,-0.27398269558359745,-0.28598718428544456,-0.37831831954322725,-0.04841079364534573,0.028488751784080103,-0.09581424312897194,-0.0035201058107512217,-0.23250309153405574,-0.2529381331953695,-0.03925398210031715,-0.22877183250491145,-0.4048158432594928,-0.17818433449169074,0.39087541837343664,0.18379770716337857,-0.09552147608621758,-0.15714474377439963,0.5113648333720278,-0.44523523576056656,0.40829350689778166,-0.20721456947281375,0.32834368442160233,0.45413258287452507,-0.4361394162402611,0.5173269353162808,-0.08259280230792482,0.42787622370843037,0.002352498329141643,0.35916485735181936,-0.18337692903877895,0.04801292318543254,0.15377439191044184,0.18015672906616814,0.39900048508580843,0.23056426853822726,-0.1962746364335271,-0.18168189977005395,-0.07364300386139405,0.4776907854615823,-0.4303902799913929,-0.12145840088688095,0.003118817057742553,-0.05655640192762115,0.316104111345727,-0.36020513517157926,0.4464431987719545,-0.003008505502653846,0.3431627477197886,-0.22341805238211798,0.16815179182792578,0.2628465958700962,-0.22543018317280256,-0.46125863087317454,
-0.27139187595593717
-0.07357656269741569,-0.0764132904846159,-0.017519492248968944,-0.2973774873757856,-0.3440953357640198,-0.23835620000053873,0.05352417514262377,0.3317669677589871,-0.18285813596922632,-0.024655184636446215,-0.22607009505440614,-0.37508479504906805,0.01993150947399527,-0.2050578674126311,-0.1842308073988747,0.32798010169254455,0.10747116314226245,0.2670471321451673,-0.07495232924296681,0.0028540959472701534,-0.32270205542816793,-0.41368179004938355,0.3018056572814461,0.38323649950962835,0.12730898181795444,-0.11043023364100808,0.07412232797959974,0.09021278032191608,-0.23385004252698235,-0.16392079121658457,0.1976109961953768,0.18837282598486196,-0.370410771260216,-0.08898042909539174,0.3507482782485058,0.4326658445488362,0.24808777438309626,-0.20881542905320286,-0.35050159082712257,-0.25983397617750265,-0.20288783601230312,0.3158963618054936,0.29689459671531265,0.35690013008013916,-0.3322661883164088,-0.4514502887913166,-0.3934532962079506,0.45182858145371235,-0.19570819889459226,0.19938609058649356,0.18799592457445644,0.36159643506760825,-0.18242468180342633,0.18394659490528895,0.4677804064957081,-0.4774913362539203,0.1993701182349605,0.4199792339788721,0.13466676944248088,0.19989112262917505,-0.24337988785195433,0.055850380282525904,-0.45629335479145766,0.4863732066870204,-0.2776749497959397,0.20007109204841397,-0.4086441337837791,-0.317839983981237,-0.1316002729516891,-0.12122462854615533,0.08268309869778369,0.09321326066602044,0.3451348209417365,0.38646426771851744,0.15173320230817097,0.4873614569809455,-0.09743650300531435,0.41505590180192503,-0.13259961262020784,-0.06628800196348793,-0.3890487955228265,0.34725834405170924,-0.24029511106963966,-0.48266130738898444,0.19079148333443027,-0.1174911648823974,-0.3648441863874306,0.4690705215899628,-0.41289661410882234,-0.2728009409889029,-0.28507751091892747,-0.42069169717494465,0.47849089103479453,0.4256334858692315,-0.1741751655216838,0.3751480250505364,-0.0016612869756861847,-0.4658567943603145,0.10169322435536844,0.4316909755424067,0.06368255799798496,0.24800558328529085,0.4114366537868707,0.36127218987159065,0.3567064695577779,0.27929544461937544,-0.4798025284765362,0.4784407019887404,0.18448361254821952,0.2535209986878975,-0.18873995936861035,-0.12612372741546987,0.1544909379183161,0.14387341361087733,0.24891941220281785,-0.35297109961285106,-0.15340748274986252,0.2941462407385142,0.1463055600623456,0.3451192512693801,0.43659999438307556,0.3948572234783522,0.21719747753709237,0.23523939888462483,-0.46781710024127815,0.3718311772640482,0.33715067338833843,-0.10335508829769423,0.31881567619802503,-0.4775201475405439,0.41680065237318725,-0.23806907245745726,0.4816122025965392,0.3922408467634279,-0.20100620318856957,-0.34136348257821886,0.2683126427114327,-0.17788576218719068,-0.36856323324084245,0.10692289377588361,0.48935167921802875,0.31796227274761685,-0.26215645506068047,0.11432301132326196,0.21285105229262366,0.39321389637830056,-0.3869005721490015,0.47516117302652966,0.405543626695185,-0.18115738497712666,0.3017495980571013,0.13009328126518657,-0.204950066501053,-0.22203731268340768,0.08415926556454446,-0.029680273691482063,-0.21540746115323975,-0.23288506385179755,0.0909812930426507,-0.418625614857083,0.33814749030544805,-0.28770935467715947,0.1941063909301843,-0.18700521613935076,0.37219606269530464,0.17496785012135205,-0.2189398839621424,-0.26556959052669654,0.339654352804534,-0.28808845026670277,0.30984961382706105,0.4886471457740837,0.3722221067969617,0.4222152346672094,-0.13744743816267393,-0.2057622399098248,-0.4406937942597658,0.46603871823623816,0.2684794308123524,0.36044973371125283,-0.3151614568770142,-0.1282777332678592,-0.24847046934289654,0.2785935515422831,0.017721903140919936,0.26143545801611073,0.4714003222726986,-0.46780422677922356,-0.4426985587445203,0.2202440743170356,-0.22540172724072663,0.12861305025537448,0.4721736131744216,-0.09054395535696312,0.44873907904010873,-0.003575370994811426,0.33880840323573375,0.18233333130736737,-0.21758641941369886,-0.28422739291621607,0.1858747215095374,-0.10126625650585173,-0.2270646988037847,0.35292079930646686,0.28082287077334883,0.35497275315719595,0.39557411222089695,0.15565413116904278,
0.49537495722291264
-0.03064022807446438,0.6364867453476682,-0.17197340481992213,-0.22740401899414633,0.48481876242796135,0.33532262209207386,-0.30114242331926977,0.6322401533464319,-0.26522221068691637,0.13617171109376802,-0.02117867428087635,0.031214343101629925,-0.41329822194131255,-0.06925049277875688,0.31784703719652785,0.10329402449513991,-0.25949108583347436,0.030084196192323887,0.44862843643479944,0.3295106470928466,0.31900980195354517,-0.12190385960834782,0.09870310342177835,-0.4376806263699578,0.22543166345243243,-0.3100891450364661,-0.4164927975822458,0.13079651924037605,-0.437318657214727,-0.12147233032402702,-0.39501509213116903,0.02336749751916784,0.393684310399203,-0.16330678446468724,0.1564259357077314,0.13229365443555327,0.38126265090155165,-0.05263686335943929,0.28525564247297763,0.17644227396985745,-0.5126652706786672,-0.25329372599602024,0.4643430469732194,0.07011104831449005,-0.12836880404846765,-0.509267980698972,0.2514209000997756,0.08914757442871307,-0.5136570607012068,0.3669931053176746,-0.24894715985916016,-0.0978087528961899,-0.34001661562821794,-0.19705238020281057,-0.03158398707417619,0.34997532137488163,0.24753303882687447,0.39161740081670526,-0.12394716096643038,0.026236050598017695,-0.05882410333189013,-0.3082793981079458,-0.0447669717056987,-0.3048519368924275,-0.07739517305872093,0.3090479987799446,0.25077489223348204,0.07754237674134995,0.3220144281911824,-0.2003598760353711,-0.47397366759897774,-0.43742111367181435,0.012375891553448651,0.10036281511651846,-0.06619267608463092,-0.042792028959630565,0.11231620831910166,0.38876658795798424,-0.2705322392392122,-0.5273292200149695,0.1968987834655801,-0.4983446608526475,-0.056184441814905464,-0.2345485127059873,-0.37716880656103235,0.3005782276857083,-0.3934782194028801,-4.911029105838372E-4,-0.436899711436431,-0.3375019948180734,0.06471113327083539,-0.422721252795353,0.3157633281875363,0.09517800145638536,0.17679745272573122,0.39885237038835686,0.2025987653577137,0.3293691078785217,-0.32177429675891134,0.2519013076247604,-0.09445186544567893,-0.37633299561661104,-0.18636665221431448,0.20933138782182326,0.4023560999097101,-0.06705073744890636,0.4090458239869583,-0.28268602544362786,-0.24245698861331477,-0.4624094401329145,-0.08192837480008908,0.39325639971817916,-0.09917967272739209,0.20819377293766705,-0.38233464788967675,0.4214370126778971,0.18228625803191545,-0.5106365783180156,0.05187736776222293,-0.16655485869326236,-0.06778483399203716,0.2260871534617101,0.026111007586437245,-0.10877034773674238,-0.5270187729933657,0.02758014929918161,-0.06024023978764462,0.25247417113277204,0.03163287998552963,-0.03401404756462481,0.011698010799217978,-0.408818873445118,-0.21613811980152842,0.4411169910195599,9.511376411922269E-4,-0.1292392345802452,-0.1764134722346069,-0.19254372030221545,0.35397163538980514,-0.4774148216453622,0.19709589272272365,0.05593162811967933,0.32030008230514684,0.3698818317098721,0.26667797651427316,-0.4294877776100353,-0.5300090010784799,0.2550047531812103,-0.4241184136143661,-0.2615332653932817,0.21903509388142473,-0.02246422131471809,0.07703792702172413,-0.016838738212197835,0.4231115362973169,0.33133263149387415,0.05139503804478987,-0.39043603344487066,-0.16464523412648402,-0.2594462999723362,0.3031940659960306,-0.29483676002788173,0.24042215756120927,0.23785482909017303,0.241243473456088,0.22279432817022315,0.3750009559459705,0.3023661742962582,0.2750237188667025,0.2869088924001405,0.3239933487510075,0.3807222872088142,-0.45291880496234627,-0.28888859810880607,-0.05802881162829468,-0.24866817738360936,0.3994473204384954,-0.30767582521727843,-0.008907179067262912,-0.23976211738857334,0.1290445937260637,-0.34426649856131875,0.10952624737903405,0.35633400811342286,-0.474481258652542,0.26470681011294483,0.42852440729294283,0.28436437603175724,0.4046619196597021,-0.31883889154159517,-0.358350301228588,0.2560517816325981,-0.14843111547769045,0.2644012171957467,-0.4037530450240625,-0.08714009541662093,0.16989471204318485,0.030235793227191027,0.02511506763892555,0.4183114502285842,-0.40294125393714153,0.35721801555592547,-0.13457082768453202,0.07344712080133647,-0.31003338492013055,-0.3768530571793067,-0.2776825979167856,0.43592485061309927,
-0.010461693782590785
-0.01837750121830107,0.7070793551372656,0.3051578107156129,0.6501214258670128,0.5220040920983836,0.5978153649370388,0.12460499497127035,0.04680145688569323,0.39480981348367333,-0.23543440552970732,0.23914878731996872,-0.21801643094843368,-0.3486342410162477,-0.09185071016356076,-0.02172448888696486,-0.3129298367077357,-0.25236930999544743,-0.31364839617174417,-0.4117649980796187,0.34156204174283983,0.4538064232581393,0.5075503485375873,-0.2519516068025065,-0.215656091101016,0.1575524115072421,-0.2732563734506685,0.4126016955232165,-0.37164331319924326,0.2859439378485765,0.271234406811374,-0.10327539579105117,0.31737289007970726,0.030791846560968932,0.05863096094605037,-0.40951579807002175,0.3384931656691817,-0.014913735214142342,-0.27444942414724033,0.46867007684004464,-0.45802284057842063,0.42835609707917816,-0.08288149551348212,0.03988244889030208,-0.3188859194648885,-0.5100575016476204,-0.3682073327478777,-0.18335329055273666,0.26267653662444185,-0.20361525166350838,-0.3837910453936722,0.14483390580055386,-0.32034469397281545,0.036868406403551005,-0.5035580367559543,-0.13840237637414868,0.2394310716929686,-0.3693739957735657,-0.03611403624548193,0.3555502974010633,-0.27861335325234676,0.4509780445414589,-0.46794043117778744,0.13888072482046585,0.2571673145557805,0.40642294671928,0.3289644385375458,0.1707005397895249,0.23698868581708912,0.4388651860243617,-0.43752040087303484,-0.17967731275222779,-0.36613135811585457,0.2891097066734371,-0.2496254563203382,-0.4601622134681675,-0.39261405982162784,0.20103973671066686,-0.4581238910041227,0.027269257837944278,-0.5004551138370167,-0.4115654407972171,-0.02567457842085723,-0.09524832792568194,0.3675518900092974,-0.42782769707170637,0.3063127230762564,-0.28940899051225927,0.01178663383708219,0.21060246294138782,0.14777993408364884,0.3097293487042349,0.051976516905602,0.19216136727038333,0.4679315474106262,-0.33594886754720515,-0.01943975834242669,-0.2631565793777438,0.20339682299025783,0.272131334058573,0.2794526923944855,0.4619295037485334,-0.38806255950861307,-0.5125589780362793,-0.3751003610183194,0.007413206025850219,0.22109615306303484,0.354688607128057,-0.0751622677354147,0.28785493335556106,0.20653400862846258,-0.43410959264236676,0.4341515835479954,0.3399322461170667,0.30140479915580026,-0.3690728290786532,0.47544628690494,-0.13125543910547025,-0.11403260382466629,0.3817579074713013,0.3564302969180277,-0.2390307742201804,-0.2642621960207466,-0.5148737261295934,-0.08026933292352978,0.02925460786001875,0.016834421722490733,-0.2744915329892343,-0.21306224777169383,-0.12022440115286936,-0.4912279224744159,0.4382165304891436,-0.23409471060432865,-0.14633456328240016,-0.29218912996714247,-0.3780162103854959,0.0788059949274168,0.28307713325252576,0.4180686595735385,-0.05897559095720632,0.03817106528326193,-0.37608338569134686,-0.32704332290706045,0.038472244676983805,-0.45088222340736434,-0.4201710205239169,0.34609969590984174,0.3262688871507405,0.34819602277805367,0.31580829563752183,-0.39124609999020504,-0.3090158524197059,0.20276145781919117,0.4748401442371724,0.4698365508556674,0.3607170485583511,0.3895088417831957,0.15727560906822421,-0.004966081443572647,-0.48486105744149616,-0.3532231448458187,-0.49982585081569036,0.44305499066924053,0.08890447415301983,0.45246088434185766,0.002641923021390107,0.4799499165570233,-0.38192947688531037,-0.08215210878506829,0.2832315106639602,-0.16348572980719792,-0.09017311991744392,-0.19258641322740225,-0.47324270478044456,0.2591512463773474,-0.22224325016945137,0.195598566498511,0.48042081286638455,0.3711656624352749,0.0780091913330806,0.053807085835927276,-0.5070714715365287,0.10931541923673838,-0.19382042814682623,-0.3756516868111393,-0.24467569899507727,-0.27045287810124924,0.07035827265063122,-0.21723355342872055,-0.40145294796958325,-0.01380544442488284,0.34272198325977293,-0.2840168175859766,0.43026440174710917,-0.019479670856533394,-0.4897943085693944,0.15090171415518192,-0.34767944651077826,0.3473320009416197,-0.10579190607297428,0.056598917806346655,-0.30982264167411383,-0.09749376629491935,-0.4100534369026149,0.21295816486831706,0.08701516861999514,-0.3903942893336733,0.18799240454221997,0.28957234446978425,
-0.09166232790338491
0.40476622482841695,0.7423319076550499,0.6918274369523965,0.6516064603798477,0.7750975510660894,0.7454453726069163,-0.07619217307155704,1.0017619808101654,0.1509034588799165,0.06101849029173185,0.4373484436012936,-0.37236643130048636,-0.4934809217157143,0.11173829601405753,0.1742486431423769,0.4365510720379034,-0.36800138876814376,0.1565596587624937,-0.36422312815508157,-0.03389306130012363,-0.18248914981885309,-0.01861711745937725,0.3480511125995955,0.07500399105470762,-0.1664277305031289,-0.06119488628434828,0.38409386549200747,-0.15079318059353106,0.11223146644673976,0.42061344983658483,0.33197280429139253,0.1899462529465774,0.012368675285837806,-0.37186941191165923,0.4593271073866999,-0.11789680221034907,0.21882504208201714,-0.4506478250136216,-0.019104289933744,-0.06459069732781658,-0.35310329336008633,0.15223512573243533,-0.13149124126177916,-0.40897958814855456,-0.5172089685573011,-0.02155618275276829,0.18075232801012217,0.016638996097487823,0.1348865557475983,-0.1353848512731511,0.4438968013230384,-0.47854124007297755,-0.3318891528563927,-0.5042856615035547,0.37557878791232463,0.036367358901381645,0.20191612654329502,0.08949796121883405,0.16633976892519162,0.1022276225858143,-0.13261008247099912,-0.21604208087482527,0.20551711163922934,0.056638517327752456,-0.28736062372007903,0.17406622456066176,-0.30683206745342134,-0.5012039131192518,-0.25528770716943455,-0.2814463692062616,-0.10681637750352291,-0.47288616856820814,0.3754190207066989,-0.45687936912456645,-0.12252108475629347,-0.3094489944492533,-0.10122826767150012,-0.4966083183655147,-0.5128838633083548,0.07213643100906092,0.269358430103192,0.23908937736962046,-0.1065484017495679,0.4319643630778314,0.37382079638884286,0.3503177068090438,-0.41913167973820525,-0.12302199805656394,0.19170706068648122,-0.24249112994963143,-0.207615187529172,0.09614577679475042,-0.2726783972552917,-0.23149858242487212,-0.5195928213621657,-0.19782631369866913,0.360795721040392,0.36938184520777323,-0.412882314107523,-0.3453132492587327,0.3144546006876729,-0.21986416366368813,0.04246999246418837,-0.3951481278059688,0.2596577832294444,0.3718192348539808,0.2124873589085873,0.29770236491886687,-0.3003585774610337,-0.3711267703352891,-0.34346293827483737,-0.1040351962097242,-0.3445072648945429,-0.04162816218119295,-0.04051932267141695,0.44797714430165697,0.35523809901444087,-0.20259575755851592,0.09307632592904075,-0.2876738756000167,0.08012822072150336,-0.34954163143580713,0.2307358954408408,0.173121304343374,0.057555062930378396,0.40058627804948405,0.1907162596525823,-0.16763786017229235,0.306636972812348,-0.5187041663428464,-0.2849491873579974,0.2496432158178779,-0.35964003290703545,0.2705274713014259,-0.3949967174385663,0.21448234122133505,-0.3927353573057449,0.3737385620949261,0.32855345795387375,0.382844784922231,0.016019718468415097,0.30003241079606796,0.0913997926363023,0.18697616088099286,-0.17217498649946897,0.40343232370989807,-0.47980838071803084,0.336445867150944,-0.3755621635686031,-0.13918391595422477,0.045179233083254965,0.2683415077022933,-0.4362813159387036,-0.11131053303314634,-0.21080252670276592,-0.024156073417237463,-0.2800564553597132,0.3628919412976221,0.2708743985157223,-0.25304796663263546,-0.027268402413891422,-0.5015083480586409,-0.48781639465410503,-0.521084993065194,0.15628881609544218,0.2715406929530328,0.20393514501818918,0.39896874301479107,0.009769584413148588,-0.1799738678563312,0.4275265486074335,0.21826278481863357,-0.4200904947431144,0.14826577375985692,0.057251955546903384,-0.026597389072955464,0.11868515142301911,0.07716213862483248,0.37469424366538834,0.06882134687007829,0.19160679422943114,-0.4678579336693219,-0.3847987801949779,0.32323431415693776,-0.33364715615591917,-0.05872668742039918,0.1361735849634663,0.14471831962653967,-0.5131944735253848,-0.2720362945964982,-0.3521308803685866,0.3114973497502554,-0.34585059540507185,-0.37418743148173134,-0.520345805458416,0.21930461222157857,-0.36545463551456087,-0.1824023179430522,0.16810956925775464,-0.1287691950517126,-0.5080050399650493,-0.29395410698343666,-0.25187492618809953,0.33225669296523436,0.4053609052993719,-0.5390509828575192,0.004093243035677747,-0.15179214023696783,
0.3887118048555915
1.1552621839253983,0.3165088270121062,1.0368545777659672,0.5632905122746815,0.7479960664405665,1.162896785889338,-0.107557147971933,0.792542042359575,-0.026022134053073076,-0.24980113393238984,0.43145790151939833,-0.11764214731516923,0.10406973162598199,-0.23602094664697118,-0.09314576451281292,-0.03905065438914238,0.28286876228777647,-0.21030603023014105,-0.19846386010792544,0.17797054347613273,-0.31388566641765614,0.17323797001021962,0.07705911932820383,0.06611247907641754,0.353895233686377,0.2820342772333797,-0.0905827903553256,-0.09868125134267622,0.5922126394676271,0.2976804540212622,-0.39056184330622706,0.08871286467655018,-0.14416884415149647,0.31351738579538174,0.3834343841755018,1.0424109817776546E-5,-0.017704908339663677,0.13356451027850053,0.3754964678568431,0.3919032061648414,0.27477622638081967,0.4470093606332235,-0.10978216329189547,0.09402675469986693,-0.24123239885567077,-0.07466741240647268,-0.27169938215697353,-0.08828271095349849,-0.3486464634660813,0.40949652935163416,0.28251297442286893,-0.24704651805640637,-0.3265668213381948,0.37324985282995893,-0.29785671053165585,-0.35766503962066865,0.31517162401761567,-0.2818563329931516,0.2983537248617665,0.17586201113914074,-0.48808475879604474,0.2752288456030195,0.25506912621409705,0.22733406605591072,-0.1168962268726019,-0.30660315917066583,-0.2554471172457754,0.1454104408289702,-0.4130557752991959,0.3328024269934615,-0.41313970733269845,0.38447952974703015,0.27427552079790196,-0.4984658953204987,-0.3363506809392982,-0.5021663614311626,-0.413033281325094,-0.12532644867147094,0.3993675602093901,-0.3117516572415482,0.13935628102350767,0.21711290492819818,-0.2433769318492373,-0.341083265412053,-0.054346898448344706,-0.4050254342900559,0.3575861963256515,0.3367907216242184,-0.18811518664635302,0.10520527846289562,-0.46044168442517663,0.15073281147455803,0.29789236148963105,-0.22110769006812753,0.38038251341174756,-0.06151648298012249,0.473034582260476,-0.27892318814941885,-0.011839669566339405,0.22930109139718824,-0.16132037760014323,-0.2616849452620226,-0.3602222437576643,-0.39676794928735704,0.47122525161538287,-0.32503423345154625,-0.3259673119038903,0.063321687686301,-0.34869686465670113,0.4301577671278123,0.39769520632946254,-0.12632311118393239,-0.012013244046322551,0.15961855526038599,-0.35337907587328454,0.1141432148355147,0.3212369031767266,0.48002185242017437,0.05907698117015082,0.2814615418006242,-0.508518097809491,-0.4117623460451919,-0.4352709826718911,-0.37288023666946,0.4021450057319136,0.0838455414075471,0.07027678659039097,-0.43628246752687516,-0.3309059298736212,-0.059501410871355374,-0.16848510508659825,0.39451309378252786,-0.44959593093044325,-0.4897987265215725,-0.45836539900378004,-0.1750771105683417,-0.21951405694286813,-0.33570808653170514,-0.2631289477599581,0.2000965344195716,0.3945499833464895,0.17589637069697012,-0.2768599957756066,0.17929054446134113,-0.3774641557274294,0.23084647421665005,-0.13890313990006414,-0.39438310909914,0.45605524578158607,-0.4824669219527735,-0.2879101458684745,-0.3411573160722834,-0.4524423519858002,-0.3091095985120429,0.2437684657325495,-0.010729676484663298,-0.3121569145865405,0.13168448090089818,0.02164707576936161,0.4223274208739014,0.22621062461031038,-0.17049413993306722,0.07171283820408683,-0.0036511192918514766,0.4469446790799705,-0.09365781135351403,-0.11079360705652239,-0.44986602056081204,0.0965056577426728,-0.23266609001941135,-0.11000805372374986,-0.18778655716803122,-0.03229433253326105,0.11629234769633129,0.45347367014625717,-0.03963726404595012,-0.30968642483302466,0.10578576524678293,-0.41019650725269596,-0.08225024238431922,-0.34805175659825804,-0.29492371740981205,0.17916461270565848,0.23120615186654542,0.27878254493087995,-0.0360834646836917,-0.32279554584047143,0.23746355221528387,-0.25750495640496085,0.2261915013973188,0.15822948568859835,0.3647971589226965,-0.4719299078530512,-0.4953820304166291,-0.4234365003215963,-0.15962890213399794,0.19646115325339814,0.16619001233666858,0.16651003898607247,-0.22231905020243953,0.10679654680325926,-0.20221383718068547,-0.027351216093151047,-0.3961586762412941,-0.17527965698961528,-0.37767030473312524,-0.3952653639835685,0.053066607942015405,
-0.10964778678697353
0.1255673119345997,0.45359427316721046,-0.4906753818555447,0.021891229412439716,-0.43087300304255993,-0.2892593122380966,0.2524347015790035,0.03504039347214651,0.041871814659316345,-0.08304826654138711,0.4353345497334492,-0.38568104853023016,0.1210849913695176,-0.36782916933370036,-0.24921784825363236,0.10395363296202188,-0.16074633252653012,-0.43314601296000776,-0.30883214858212626,-0.2917018693589833,-0.3399868782642625,0.30799216737773116,0.04423849730352476,0.3703829131388178,0.26510195774411266,0.4693330841961658,-0.35049632999265384,-0.4179527447684902,-0.3575638842796722,0.2564505353758131,-0.12357311196790682,0.3452691999814415,-0.4992055201722166,-0.13070519234912648,0.10404566549045442,-0.125963719220138,0.38198906347629197,-0.40524357042091064,-0.4280033612553288,0.3842608947686311,-0.13348726034984398,-0.14622748639022237,0.32389731204075844,-0.284593187785923,0.27566597005351356,-0.0050503019617351074,-0.40263901561958504,0.3170681709520684,-0.24549286622898953,0.0712949963390219,-0.045829192485006595,-0.396256249158624,0.21206616151920682,0.43635697616867464,-0.36064108792216654,-0.4269191720263802,-0.26804163486515276,-0.46801653828452505,0.14351884136755882,0.055906123133744226,0.09256388278670322,-0.1457044029585542,-0.28929402149843964,-0.04142502773011468,-0.18491393883305157,-0.28343948690078713,-0.4182483400950028,0.3824348800230345,-0.27879151273145764,0.0926847677123934,0.09191775930505472,-0.4391365948004715,0.3267972439966804,-0.47866032300953965,0.3521704916567292,0.14125493306891684,-0.47592841058325175,-0.2217316712308522,0.13495325248616247,0.45749459990216523,-0.08810736599575533,-0.21688652301159234,-0.24180936432574823,0.08787146351176031,-0.17770373482624874,-0.0028553230147682148,0.2153564708956473,0.17404794318626265,-0.4388769183051028,0.38955159274170725,-0.46520902038705403,-0.3113845608059198,-0.36842526453121216,-0.097490002468863,0.36805314939792866,0.08193119238520205,-0.2582476124922175,0.22901575139209468,0.10494661418875559,-0.48665522456047305,0.21071029503842093,-0.36747883546866733,0.3919581697065432,0.1775868608063827,-0.01771733142163705,0.4836972725774943,-0.20879959033707735,0.07400734128644135,-0.16807973414839378,0.16718450857107298,0.4585505613381853,-0.06548667475057648,-0.491001520093862,0.01998356432028243,0.14253030290562335,-0.07452801360437314,0.4955355511552204,0.0031767577874578317,-0.4904281767308122,0.16950734686695984,-0.21801365186215066,-0.1200399652414045,-0.2133321447821553,0.09503384218312502,-0.4382462890184131,-0.22449579041159334,-0.020995850933073146,0.11453383609732301,0.028285277214656745,0.12795326256067713,0.4680251200334261,0.15700027366269081,-0.47789860409783746,0.20490678981066873,-0.3755153646447693,0.13562945608457827,0.11982505545894714,-0.44397775884135315,0.18138531362728522,-0.48123642091312335,0.38326247127546764,-8.732361928405498E-5,-0.49668821928384743,-0.2097539780246876,0.3938084374384948,0.002303249067683972,-0.4384858434133996,-0.2652331488748946,0.3859281977635891,-0.407549624741229,0.3782005411504683,0.1644402681557911,0.2631932627735014,0.28611533279084744,-0.06115225574871795,-0.08523097038891361,0.03132555449585925,-0.1640761264257095,0.08794216724342882,-0.3186840666315225,-0.28506891558613223,0.013732051433569663,-0.27858662570532244,-0.4571843882473142,-0.36191992189494904,0.04465769067863247,-0.3318749480945843,-0.17787546539418037,0.04361831639753634,-0.24127388064974215,0.0131394951252148,0.2733210870904049,-0.09793053952273992,0.0036175488816075495,0.2570728957902686,0.4514311596992421,0.41821628735340544,0.370792886519303,-0.3712888786759946,-0.47933035494798926,0.18192397296594426,-0.1726865824593235,0.07215635220531455,-0.3122486261687575,0.12949620230831732,0.4169593451244532,-0.08487306804763087,-0.0912601277864599,0.4828303398917767,-0.20320922106969935,-0.00836544452651737,-0.48893437795873573,-0.3841342209584885,0.009084266760657487,0.04011401796519744,-0.10323964780732578,0.3612948385064986,-0.4463834955174326,-0.4728174469982994,-0.45138272489270326,-0.38476683333397776,-0.4784435208812976,-0.3424427082237652,0.14790181822899068,0.22352237490059362,0.27976582312436493,0.22226117167415566,-0.26959927677297435,
0.45569502918031457
-0.04996623278547414,0.10691345113233147,0.4539459935060791,-0.263121038900735,-0.260909434326525,-0.24176135186575376,-0.247444975512807,0.42354003268442286,-0.06597390303126438,-0.42348082638913476,0.30135832279462116,0.34687075500322306,0.3293381141196414,0.3236678528024356,-0.44005350552778627,0.0443045019509436,-0.3516900080145875,-0.16053586382299437,0.3461671741682155,0.07068490449119577,0.47105295022195703,-0.021422336845374142,0.2370659709703266,0.04120509988361178,0.13525246771183955,-0.45536942133206326,0.4324405466315289,0.11284492489445448,0.036922694469504067,0.12518448344534996,0.07339984035795094,0.17548138441644603,-0.22214345386614645,0.1645820962948476,-0.08396739318571232,-0.03396417571476967,-0.3606170096915101,0.3072349049406812,-0.316940872417223,0.034626239805263186,-0.059277849851191396,0.03709841815816733,0.38543463248377496,-0.0014346696015180352,-0.06660135462227779,-0.09878742736019175,0.3972107729169372,-0.20035654910587167,0.028368359658315367,0.1527859995797621,0.08650769067936648,-0.2600335271095737,0.3062256042600381,0.4810769401660433,0.36814989876929693,-0.07721545397005047,0.46533221912021405,-0.39639866449323824,-0.3740423670886005,0.3463295403307034,-0.4136665021091398,-0.1114760929299431,0.072302519496382,0.30739174964393234,0.35140987125172596,-0.1521613429649256,-0.2382447579439845,-0.04036313499377837,-0.35348251155877153,0.2960472497946909,0.15631633536601838,-0.15860893964865289,-0.2038400480858962,0.20439485360187057,0.3516359782427715,-0.06140139913847726,0.03277256614789908,-0.2026749123477122,-0.18320804874049082,0.3808825967515451,0.18658935026743304,0.2356668124984402,-0.22539020109926536,0.18211700671306716,-0.0030975494020152325,0.31016728953069295,0.15517267704959,-0.4683569051657316,-0.1080880166264111,-0.07066205653504753,0.3920826560576255,0.01824162694442395,-0.43809548876695825,-0.17281985667409686,0.1991994332868385,-0.17380240108891112,0.15928627162334982,-0.1607897952191966,-0.13500381106606688,0.3812713480266665,0.4990368050937164,0.29930465853760424,-0.46766330649161425,0.14411616981484318,0.2044382269821807,-0.4047623768345576,0.3933915822648695,0.2496596854618593,0.34547331864907627,-0.3126154218429784,-0.2774240951538187,0.47319178056490685,-0.24892425642670005,0.4429178101692114,0.19480411584277332,-0.43262038522657387,-0.15854592947765003,-0.033079566970464054,-0.007977331573934338,0.3591560055550347,-0.4769992432759468,-0.2778022569591826,-0.21210545292389474,0.12140409997375246,0.41583597569442443,0.12116590108810088,-0.1813261395355065,-0.3584114979022226,0.4428255081937069,0.44604970925286336,-0.102276632229645,0.09795850647270143,-0.4010491625762158,0.4077226928775062,0.41179075948567967,0.32367654020351677,-0.45880119860084734,0.3888742265648758,0.04907468042271162,0.29020126792533785,0.49167677724666303,0.4337902630218179,0.25227488955976285,-0.3265191299983622,-0.169550897246483,0.3448854876285855,0.164235295653791,0.17998923985043178,-0.330370880881504,-0.17477357250651085,0.13945236931267854,-0.09563573536128378,-0.35344994744022196,0.46663640178440113,-0.2683640325708033,0.366383401715338,0.15137752234708177,-0.47542458269710053,0.4356732307376452,0.03223894610446514,0.21331527882680343,-0.15616137340804684,0.3617604794545408,0.06355182460263542,0.3095947609826768,0.003219455917459312,0.4501320265507801,-0.242711103456437,0.4327282339134999,-0.2673653904100157,-0.20327089548430968,-0.359274232676582,-0.14595573531232411,-0.0771900634535222,0.15331570583457219,0.4678237318914451,0.1553136567939197,0.09547729359737434,-0.31003730596014145,0.4268652145936742,0.26531215403001707,0.03113489009449509,-0.33651466251901185,-0.2860798968604926,0.4344568204345961,0.36177412607339743,-0.27766649013341504,0.25269015972320186,0.30819010290967586,0.32757857405156743,0.19659778783584456,-0.2514930779124468,-0.4814233321123432,-0.4305486239762797,-0.1287908476360026,0.4527338485771515,-0.4963846354396527,-0.21667038764646787,0.4210733583656351,-0.016449287835035787,-0.4149407575402526,0.2975952276082492,-0.10120422116549654,0.3000743841146353,-0.3119257434162933,0.151494015668825,0.40881613794536953,0.4589972694206046,
0.037884593273665466
-0.26815075638100594,0.08580997223141167,-0.1725119073132731,-0.2658558578708909,-0.4966501366178381,-0.6795537394689873,-0.44651546688496796,-0.41833107817312637,0.03924992706751664,-0.15328554295348812,0.42725867372018006,0.23424569089753244,-0.4018831056580419,-0.34137356561207055,0.3764110173448597,-0.03657026194432749,0.2598996396973963,-0.3210119919265222,0.03719082444524891,0.3557850484195959,0.027004050036255157,-0.4779286763665241,0.10540626359538158,-0.15586867310923203,0.060206469320897286,0.4667523260268146,0.09264847682000485,0.45008144351710305,-0.4699552574128741,0.09256884996564009,-0.17346759162464329,0.13649895456009759,-0.4829474361800488,0.04759978204390296,-0.1079108423421335,-0.012946204839521509,0.11395032299664935,-0.45013894640336155,-0.42183582678253945,0.12245754646141874,0.3451244776665547,-0.14982794334645205,0.10697463588340375,0.42562828693456917,0.5320977713055811,-0.2638629930419187,-0.0798302999889324,0.4941649472766951,-0.2952143555956242,0.5246875167590147,-0.10533618817183976,0.4532320575834267,0.19928668742056915,0.014954661248679243,-0.4472587973376985,-0.3432119274431746,0.5153299743092851,-0.006535048366265202,-0.4027728109871879,-0.39339959369308203,-0.321355087485154,-0.3628276595548519,0.1788838914267588,0.249458021686969,0.5001215605428957,-0.13681564784913897,0.10431296767293477,-0.2746338905419227,-0.297749186193037,-0.020294554416394998,-0.21262571536423575,-0.4142035204056264,-0.256314022548539,-0.17036588257573898,0.12310614223737684,0.47860594798834416,0.3143677483813972,-0.013585210188063525,-0.3796407504038048,0.3050244883627346,-0.10349284628395244,0.46115920820108763,0.06783303424514511,-0.10584612462712961,0.4908222610386623,-0.18928372120508946,-0.2720700812644878,0.3117063878934521,-0.40722433565686916,0.49828368530491735,-0.44618113104184237,0.022252497188258797,-0.22983806862950856,-0.14868215828724402,0.2073271578237657,0.2580353346900731,-0.25875478760692233,-0.014086139393902889,-0.28124506719473735,0.11244904231713562,-0.3182507371575904,-0.3775097182290644,0.4744344174716148,0.0725665731582063,-0.4006468934996194,-0.19547181259222673,-0.15616854980792655,-0.06735745407473323,0.00594789118290376,0.15027782479773244,0.16521459258341525,0.28930469713564916,-0.20923880039167486,0.41676019967852024,-0.0026076333635957467,0.10918773128150353,0.15155734840137997,-0.16394492789449538,0.5147469370344581,0.1810510983962174,-0.32352653995051533,-0.10421908240522659,-0.32623162207342865,-0.3830373392579363,0.18565250327029265,-0.02116370735084484,0.3115202782661582,-0.04908191428772062,-0.26031348626317846,-0.4481134256600205,-0.35005546617305966,-0.20169423036978001,0.3009841753651055,0.3977433508781087,-0.225361085650935,0.48591555084111654,-0.10547072355825188,-0.2763015235007525,0.5327183909491379,-0.4602711607555157,-0.24390302355810584,-0.15396129549401366,-0.04840279276175672,0.4265168214857313,-0.12115197762470684,-0.4496194375719242,-0.28099472572238887,0.4853122007256894,-0.4266793845234596,0.1581295376240655,0.4842795304392889,-0.4438903702510712,0.1411931645085675,-0.2087183726037815,-0.25805328116994725,0.4156881225208067,0.5297911160250629,0.32094929201869943,-0.15915872065919962,-0.23576130543188495,-0.11783616791881954,0.009407876739803254,0.22547830076120096,0.1715189935514973,0.22665801086467613,-0.08887706220899216,0.3611277141876423,0.0875459286074046,0.1602667069974087,-0.3148676041545982,-0.07998661612285848,-0.249623633420276,0.27163371671106745,-0.41067780601113774,-0.2867135889951499,-0.41768513504664834,0.22244522690966356,0.0765476377825367,-0.45810131460534625,0.4559270193930461,-0.13995825744016516,-0.4067830863180389,-0.39076990210088386,0.03252503841585527,0.46943549002995116,-0.10713266885359538,0.3892980155483888,0.22833249318736443,0.28951927135111516,0.4204289112510153,-0.12339442990806158,-0.25267688204932487,-0.2838950230813078,0.0972837822622076,-0.04283928671846541,0.5347682881186279,0.19353113358402757,0.14289445377183668,0.23492543875627153,-0.048183288734130574,-0.3430694490463752,0.4056871754826102,0.02393058872664894,0.4489687656145918,0.5288508541377054,0.044041820922630974,0.37351845916824084,0.5250971687440632,
0.5441026842433677
0.21622128796205434,-0.15412478918999883,-0.271482473879071,-0.48706897011275635,0.47677306564294725,0.08872870177980222,0.05230915219394418,-0.5351888438531417,-0.4178166916526791,0.015209362431622533,0.48617815724962654,-0.35298498943504397,0.4127078521119878,0.18311364735143193,-0.3228689528925732,0.289755383812918,-0.026995262042730225,-0.47915816089944047,0.49870730258857965,-0.12438539673239198,0.35770478531715577,-0.2636232055816542,-0.35909100610078104,-0.22467685919400668,-0.08927023622791704,0.19133677181620423,-0.09225530186754356,-0.29543104813807436,0.4906529751260936,0.11591224479271867,0.16081069855403626,0.4465691050381635,-0.16881237736344937,-0.3891298242867265,0.15592830592172255,-0.1242241454094507,-0.0805193567002211,-0.059414515885530636,-0.1055330847264191,0.24521010728653642,-0.14515768357823217,0.07947696942349157,0.4479148680076376,-0.3375899401062278,-0.24773139581617054,-0.45627222547939517,-0.4382550792892327,-0.11329814495269173,-0.2587331710334334,0.13604405595775215,-0.22423249334718537,0.1527721109127192,0.4126503597266501,-0.04571539692633052,0.27968732824767206,-0.15887233192731992,-0.36962287575070163,-0.4518585151660215,0.1550742663053049,-0.48156746511122395,-0.2831728257316577,-0.12884405885963984,0.1846191758277353,-0.2087387550390481,0.39300205702224,0.09963241188410686,-0.054010342927764105,-0.3804605637641122,-0.21479992864820513,-0.3902582840496561,0.47889096296418665,0.22129397022160163,0.2716354125795497,0.4050795334036448,0.4164757028326711,0.46693648805437415,-0.06436659663130974,0.06917442296712221,0.10603511833100386,-0.2908440521637744,-0.08355242652863805,-0.11908560503704603,-0.0910559173291229,0.3235967341650692,0.004409301399985314,0.07558950104798214,-0.43387958315770747,-0.15414844831610203,0.41403396614683274,0.36022272459066396,0.242799204217577,0.4818985609730684,-0.21312807673786077,-0.30091054567455755,-0.3747896693809031,-0.05803496561419527,0.12530680557311477,0.07380150045493535,0.23178842613017087,0.0019002989997085268,-0.4608322262017793,0.39205815550292367,-0.07716840001044879,-0.0685069190467913,0.3989357655308736,-0.0298555943369709,0.44506566556558835,-0.0542304250801543,-0.26751117778597266,0.046481321948005125,-0.2686406409010115,0.13316007976182642,0.4767446663289362,-0.4029883142213436,-0.409125518783617,-0.10647625271651075,0.5012238783859724,0.3179297855408947,0.3712250054194194,-0.22062736784196385,0.15746959157165202,0.01724068169884985,0.15175727754682738,-0.22476249049428682,0.47642530311748077,-0.18613844488768133,0.035853110480338166,0.4729695873095576,0.03528526495070482,0.4814534334676599,0.15019647492927596,0.3048741944696356,-0.05400341867400307,-0.00610108755230923,0.030233404648979886,-0.01807659909938093,0.3795058065008067,-0.16968255859405085,0.17359404544907092,-0.44910330703709533,-0.46699242763310567,-0.1202631091302447,-0.32296544203428157,0.03214985679232978,-0.028134187328205617,-0.1509840571195526,0.0374958923774656,0.4288145426445211,-0.16645666844456214,-0.07766061517216251,0.3941654843877882,0.008581510664166885,0.46778852785639946,0.046583873047721935,-0.28403324962571574,0.1508232115211094,-0.29450707778845187,-0.37592090205654094,-0.3023093097184274,-0.2753381126933927,0.09804683566031668,-0.4172342438618982,0.418022553807041,-0.08230800893194669,0.14968440286135237,-0.23652248911371931,0.13400598311314876,-0.329583844340689,-0.22277616989733612,0.3150520159900374,-0.060974042302071756,0.3880566198323816,-0.025227777343500662,0.32020129259638863,0.39518059179032905,0.39925469486677556,-0.0646213273180888,0.18854946811166845,-0.3340483169858721,-0.2897270591054214,-0.3127166189927153,0.44797128407322107,0.12137202205629803,-0.03633400184787115,-0.360675541757584,0.4413427725530892,-0.13457253232843763,0.15198788538867408,0.29822845783203267,0.09304033668606303,0.14421997405969672,-0.44004524591377137,-0.18007586914721446,0.34800278122990413,0.13345748123018425,-0.387416026300489,-0.012316092329373331,0.10589612677519887,0.17512551884187405,-0.20781820207780427,-0.32818941596444995,0.4738980448905912,0.1357338579921416,-0.4463464405182127,-0.18124828338573834,-0.05615442132286497,0.19232173420540372,0.21546179492369916,
-0.3140121385035861
-0.3682558319947848,-0.015870740375708105,0.10021417977214117,-0.09047158907522519,0.2770173203462575,-0.0019555433509152085,0.032908080660294554,-0.15883984270112425,0.1887386822358092,0.06861204209359265,-0.467924139956359,-0.058939745268722026,0.29859993805490487,-0.11451094823314152,0.3152432122294186,-0.021297896064009014,0.04953569626365511,-0.21785097567752693,0.027450339681579308,-0.4874546010180525,0.10650423360408248,-0.00994468561530744,-0.3461119059778621,-0.03782010698283913,-0.2684217939284152,-0.2151748252218414,-0.31911581866195987,0.0343883126447906,-0.16153016458748004,0.08021247617955234,-0.4731856596055794,-0.525901820238362,-0.4647297922740371,-0.11072561075682064,0.31201889641026814,0.3186099455086351,-0.4622336570881024,0.002381885130040874,-0.12017651303446206,-0.29497294029780136,0.2628541877849749,0.2392589530819214,0.1377991360231295,-0.39494254191009864,0.45621725675699815,-0.40614158877858236,0.21174622026709328,-0.17702797294086464,0.3116164044305458,-0.2989239047030429,-0.3938672992953424,-0.028298668671895778,-0.38852112168709824,0.05539178482581962,-0.4556057246032819,0.12518449814740606,-0.0025187073653599812,-0.4432465397715945,-0.0622734616812386,0.337161856169598,-0.25951398442542745,0.07845777944122681,-0.025455310280576498,0.23874200531157524,0.4443926719333488,-0.08112569884593394,0.1526627109039485,-0.5166713123173284,-0.036523785337658946,0.19514892518133226,-0.31340451325965296,-0.10559364468166385,0.43875996458901484,0.4645618623254711,-0.3860108371420216,-0.21015175946470427,-0.2338020920486064,0.11800410191414118,-0.4019637282905663,0.10582385526051041,-0.0020822845462656493,0.38007572231616177,0.376834059401065,-0.37595224702568547,0.14750213951664176,0.07159810237412959,0.04599556294566651,-0.18197518242432237,-0.3787367175795156,-0.3571285488849066,-0.12257490140336433,-0.42288822887430394,0.02969039585308685,0.3697979617607366,0.17502092942966335,0.34162855675122933,0.4467290408851862,0.020029954660431146,-0.25283033182827924,-0.01208272449223071,0.27927520753449336,-0.25740820392312774,-0.06375158873330555,0.13916033243260412,-0.2147546102389925,0.41196261600636824,-0.21304760734112066,0.4459338988826978,-0.06419049425679552,0.16639689356445925,-0.14188283309598282,-0.22011374965914415,-0.24414947750852073,0.42029853976180115,0.38680618796804217,0.2145951816627097,-0.5035589359463436,0.20175280894352737,-0.0012139900277242193,0.1295724788599129,-0.00589630981040236,0.26886040387387217,-0.0738868620549541,-0.2334526785534881,0.35384844898935924,0.09230615265821643,-0.2595923023221626,0.0915751428757067,-0.3435423255234636,0.45663457719523876,-0.06050866762393402,-0.12781833162177703,-0.2647856745496134,0.12899299619683596,0.3354173728453628,0.4656669323518959,0.1932472195018971,-0.2283575386050008,0.08352401824747671,-0.06714292727281787,-0.26010722850797013,0.0333254590318665,0.364991550528371,-0.2589932351245162,-0.3870507624253469,-0.45538126199922707,0.18948738998536846,-0.4997815518631967,0.3234266497235884,0.3636883162895543,-0.4801664180993546,-0.11034112507018343,0.2103713516240921,0.2714030991554354,-0.06276702439784716,0.17301785811050702,0.32557135453181557,0.1985523342567957,0.3634422322165784,-0.5229326363441371,-0.01857510560760264,-0.017048432443265326,-0.0646188543581511,0.31284419860608575,-0.11001889094660086,-0.399489804814442,-0.011980806207426913,-0.34410741068874956,0.19713863700524353,-0.008126336211267796,0.24298203712658706,0.27016783646412385,-0.12678589124743878,-0.3849585422665633,-0.27682774724500714,-0.14038433684503543,-0.14043059592286206,-0.10559815310945428,-0.3822001990016141,0.06210647770611753,0.09071279728713369,-0.19208704160731466,0.3075698932551308,0.26231722979831645,0.012266034259113174,-0.04330086380923709,0.026376726028246488,-0.3066815906408558,-0.5025844955380518,-0.4048796671652189,0.18370393123428824,0.3210367893047888,0.12794277633279788,0.26441148181555035,0.20103340845690992,-0.43857043978899074,-0.3493443649039151,-0.1307222594704231,-0.1740836734811511,-0.0328811034601483,0.04601830408671724,0.2643710079667236,0.27896125957062906,-0.36159964721624177,0.05300469075925336,-0.3236387743077577,0.2618463108452222,0.26295244289562153,
-0.5306479047383947
-0.42713309628500074,-0.16039171476091232,0.37367046938615156,0.24929246311520808,-0.03482577931106739,0.22299949801719218,-0.3875340288057366,0.007992119809131316,0.26619700896724313,-0.2864189543693124,-0.46515304638460264,-0.3553207317565816,-0.4125134817904383,0.456042966127562,-0.26339093910390815,-0.09381347282844962,-0.4049607734589316,-0.3429717237652897,0.1776765723452876,-0.3910315233201489,0.11311164328736241,0.3356090795872703,0.146885567182545,0.0686554895304791,-0.19775921694268186,-0.2672042922897844,0.16973431018113186,0.41307005739289676,0.4069434405692898,-0.18004480282008425,-0.08940463856296206,0.09160841429637849,0.4988204630040558,-0.4781412811308371,0.1454088779055233,-0.4242792431397005,0.4884068613265258,0.023018596613855115,-0.45376844996220467,0.06400552965579477,-0.08457678992344832,0.03871863893872541,-0.12994148854406856,0.022034362207375813,0.3106160737357555,0.22280259806879182,-0.4028969021484009,-0.4386775573125843,-0.3471919178179611,-0.08952841769661503,0.29871954864813244,0.4056256626950112,0.006975055244148813,0.3141400746106465,0.4820151148874411,0.08187955213844576,0.16772586074731816,-0.016328233223811328,-0.1940725866196012,-0.046142887359497835,0.04489021696914099,-0.41484110810098473,0.21555366062015874,0.3973833764532002,0.29781797675228094,0.49607824289826197,-0.2796513503357331,-0.11504051298244507,-0.4539427696270758,0.4500085922294753,0.25372139878540584,-0.0013743423362498112,0.3366176033204269,0.4806960484383631,0.2947254169368786,0.4221189127344914,-0.068186038362141,-0.2868946869374649,-0.2930487057694491,-0.22314202387415355,-0.10327494314120399,0.12819613474163633,-0.44460598712338195,-0.23898532828232488,0.4115905656815396,0.2885161518698255,0.49898205826359665,0.4269068906707435,0.21200905769580486,0.1533028319445176,-0.27538115900605475,-0.410824055334847,0.06858852360388971,-0.46536142154362614,0.2880016817309031,0.2946863126757887,-0.2422598729487962,0.45030471684768414,0.1571470986605718,0.004813706643752986,-0.453405075383173,-0.38566814435082164,0.21646532427583115,-0.3582370975907998,0.31756237109545493,-0.42715469769205994,-0.017608657489490323,-0.06721617447947727,-0.408161643168345,-0.45934384853232624,-0.1940063915608597,-0.4503689901149044,-0.12379009342041637,-0.17685020807908508,-0.10635463666378704,0.3853377904682742,-0.04620764222228974,-0.1816241657203816,-0.43624197336461934,-0.06364661183102606,-0.03312590316286241,-0.014155971718142724,-0.224259792960034,0.1653175015141875,0.3988330796011692,-0.15861667303767696,0.11675908498327435,0.40822377668759247,0.35212803890273303,-0.008477935139339901,0.1125464219636708,-0.14055023493675162,-0.1593429323388687,0.45619934847035004,-0.059596011116181326,-0.08089221635227063,0.16731429918625157,0.0452185270329075,0.36572860174680133,0.2193975447605821,-0.15863437878977055,0.3517064031177909,-0.002210170402772291,0.46011820237203227,-0.09469765410115318,0.00494191663049624,-0.23384130108265566,0.2782235306696227,-0.012878193761950213,0.18527112991014355,-0.14390146717797242,0.2522811086986827,-0.1284781082661522,0.045425316125979796,0.20939430502536366,-0.20007739325619894,-0.10771335868077249,-0.39458775442715077,0.0965099532107354,0.1648488221000231,-0.011821740274938595,-0.10774947984494583,0.19662806704922936,-0.090320378516089,-0.16405962991650097,-0.4188299413103813,0.08403930876853062,0.3319161745247633,0.07655627635752522,0.16150202813932285,0.012514577445837583,0.0025081253369198414,0.2846952889936729,-0.30166603177533136,0.4137050037949327,0.18999631117762122,-0.0036813665106577753,-0.4098929178241212,-0.4187190551716541,0.2779271279293424,-0.19429360577312732,0.3326840505003491,-0.4005665261018958,0.4092119829567854,0.27070521570958567,0.19201787848167312,-0.30747269931488586,0.4983313077235587,0.12378598107001583,-0.13959694895377112,-0.17789298021405248,0.4407591284548268,0.07653962526307877,-0.37460751326199315,-0.46187646891915535,-0.18128833986555143,0.32652845217214566,0.31581513126219185,-0.19683910171483948,-0.3467016151303687,-0.27205108311954795,0.3059303746527102,-0.24839162300591439,-0.21461770763502902,0.4713517139349688,0.15660742553898416,0.1201361066780262,0.28093125867648105,
0.2637130911169928
0.04829592664810311,0.4050805499125666,-0.1611850283700075,0.11299410104695015,0.00893466906147655,-0.4545143624487414,-0.3862168384498088,0.1655135563182504,0.25830659270090944,-0.4751362105395139,-0.028919856409834892,0.3679667372182584,-0.21741979199393757,0.0874958289780261,0.4124551988073524,-0.20287192762167194,0.10743167875272538,-0.43301119715918496,0.3362796947117706,0.040922329992341765,-0.017107845663731743,0.31506979361719717,-0.15566229566372963,0.12708758347702503,-0.20896761116476587,0.02006912921438853,-0.19643518436997393,0.008781956133524713,-0.333375022428057,0.24613130404087877,0.11387477364153188,0.16616049691699525,0.3053119392845361,-0.1928988734164063,0.10079175942983415,-0.38238841687843433,0.3513825403167133,-0.4155034293285919,0.4891632603905199,0.0865170901747563,0.15177043753379965,0.2800496254360481,-0.12339221929477993,0.005706620168914477,0.32021700460049446,0.29941127470346857,-0.18035752886120432,-0.22787956701721562,-0.15611930602741525,0.1973500142200047,-0.416809424842077,-0.4085444560148422,-0.425583814735039,-0.13922206675355558,0.3661901732227551,-0.17521522900611647,0.055343854917123354,-0.40161781941658853,0.35727421985149815,0.06343365171879091,0.25626204569883787,-0.4963888057104749,0.28027401055349505,-0.41693804282812735,-0.11228197109007042,0.27366301580208147,0.18567986731369385,0.274148416142408,0.33070428437665117,0.004037596542090396,0.12017001938309407,-0.3763835889379498,-0.14365297428726748,0.34637905462213775,-0.036455658487743674,-0.1688730242818159,-0.2657932861243136,-0.18325242551522208,0.16087723662947623,-0.316395298178141,0.03171110080969878,-0.02787501293180709,0.2974293270786515,0.38285177185604874,0.3925931370039815,-0.36512797597477503,0.4648354715699115,0.12364328318086287,-0.1511924790359475,0.3380195069912986,0.14931185775628725,-0.1465126934500806,-0.2317484453055813,-0.3113107609974595,-0.06389735606810541,0.31027108184826274,0.3697170902907208,0.4026051215714344,-0.33088757299110355,0.13030485043589396,-0.15314774160428285,0.34956874776145047,-0.16935229229538257,-0.45318713025201846,0.03451303335486614,0.06793753644097146,-0.18658301215923362,-0.04228888453060139,-0.27626359350353485,-0.1444417748847125,0.44541572015910563,0.4315497267196566,0.18566835240833274,-0.27472840917898583,-0.4019510214974808,0.04178717837108518,0.20013133041741932,0.22501967364492742,-0.04117900655377101,-0.227896991647272,-0.09888198198236951,0.3657493200810041,0.08214772308956476,-0.38075615959619785,0.04934865581934892,-0.32527876408345374,-0.35467525329900657,0.43493774561183246,-0.0788678227460715,-0.3025030512448033,0.4314094852681371,-0.0053001339097338476,-0.1368784036819815,0.10879073470750612,-0.06324642400294611,-0.24110777380270126,-0.2958433432584208,-0.03946321369598318,-0.34185273663471233,-0.19981082532176458,-0.3617622489761761,-0.5050626450208352,0.053014780105523886,0.41163927451791277,-0.10322304781596457,0.38092004634289806,-0.11417420867743021,-0.01919681890997808,-0.48637657197733103,0.1943476615397794,0.17486492645464685,-0.18201359509887355,-0.24703792147469766,0.45548758235683867,0.23572776669601542,-0.23962515554690073,0.3180359517741664,-0.43833798403714846,0.3813880007169906,-0.46107986604888734,0.28774437550395165,-0.49133610247769804,-0.31659217764780784,0.0911103154751768,-0.1614797924884404,0.3814381007921754,-0.17516091515992144,0.23030155962418214,0.20049169491393987,0.21269123538949047,0.4825902406955784,0.341074554494405,-0.03021464837086422,-0.042492810084658626,-0.13448978758181052,0.06011882820805444,-0.14707194311944288,0.01271002546701593,0.004166800415611047,0.22343742986697573,0.15465851483576615,-0.07837005980516486,0.13927432386954802,-0.2867969471171254,-0.16294094009957277,-0.3519085600679515,0.08795094085214263,0.22138605012544682,-0.2242289082160624,0.07785775301631682,-0.21953636495865186,0.3623138340392647,-0.08184160727267807,0.2114289837065942,0.25484452220955683,0.012610010932094805,0.408634451404631,-0.15099416735350352,0.27273903461154386,0.23450081837545572,0.3879716210940643,0.4365947772680661,0.37707358278549113,-0.35273436936423014,0.09626087772248694,0.14164439984056026,-0.3493940478101207,-0.3483529330339438,
-0.01172450311998478
0.06245305421610783,-0.42557456276366246,0.3991303189646209,-0.02865232497605559,-0.36153000270144353,-0.05999413043952387,-0.37561299988326785,-0.27216516738195423,0.1438719617037689,0.008744670457372027,0.14975519423926384,0.4915120297123816,0.2519374906286581,-0.3375457666372076,-0.26308244814275816,0.3714921940960185,-0.34919063944466955,0.13938362886265218,-0.07002354445972896,0.32074293718588714,-0.0020259180279833203,0.024434515029776043,-0.16427953780259155,0.12247970129897863,-0.33196794823855313,0.13671620087066325,-0.3687925264827242,0.27042299368023814,0.3972606204594437,-0.305253606965479,0.3469030477537934,-0.3707152310893982,0.3522255149225642,0.05750245773673333,-0.4935632698171555,0.33013744205714557,0.07788504266226139,-0.13936797398392067,0.3083553887416155,0.18107315382730924,0.3624253269437193,-0.07854151048200837,-0.2786117717522407,0.45461118157485203,0.26325061441500486,-0.2547744829707983,-0.27744916456735524,-0.05805031831266825,-0.18456973947943792,0.27625358683137324,0.04080355681484287,-0.3912311642127365,-0.4114199371903762,-0.38899133720131684,-0.37118124676776376,-0.02160114599674506,-0.360783079709759,0.14660538724752645,0.11122865959811316,-0.09992169642878863,-0.39320360755097084,-0.29197494472498675,-0.49180369558541015,0.05277862227026473,0.09351105221189486,-0.10153611057426011,-0.3989610127415948,-0.4806578478550153,0.4294430359232315,0.4182034144846144,0.4091732128637363,0.03228228688330056,0.41782760407072705,0.3796211794064116,0.3814389845545627,0.040446622089019064,-0.32040100628750634,-0.29056288103481487,0.06990034017058021,-0.4251551867730371,-0.22794615253435593,-0.42598320706562065,0.2505079404556605,0.0022945803008231026,0.34338119349052565,0.3895296567316002,-0.31745078727234366,0.14714154902920426,0.2029726523687044,0.3859871527955471,-0.04240040248292356,-0.06584111798700094,0.3368400249343151,-0.11733821859787281,0.17872858294655788,-0.3401644952074171,-0.42186821403184604,0.40211484530684527,-0.4679977015932908,0.2346125514201116,-0.14534589012387014,0.5010372645252856,0.16486442436097634,0.25522930324221615,-0.3215342480235621,-0.2716655425003943,0.16976539320762837,-0.43580823794658907,-0.18296928591530173,0.4343627232650058,-0.11355047430550293,0.03247825017360736,-0.10892377162356166,0.24995094030297083,0.18259857362464213,-0.33805198099858513,-0.01878213203691394,-0.07018145885738254,-0.14993098339675595,-0.2544793003023982,0.19357758253772991,-0.08777332462550476,-0.23724988150575357,-0.25395434922759985,-0.4659653602979358,0.385176413147,-0.0178920470829189,-0.24111810940661857,0.3714133950148546,-0.1308060366051206,-0.4322295142449464,-0.09143887534307744,0.23182575483617504,0.3277203615510056,0.4530473611474559,-0.20349240187205178,-0.3404493129738082,-0.40165155163036925,0.3790672278262449,0.16464019652957382,0.40424668536684405,0.501627223128961,-0.45374525657626863,0.26878388981511514,0.2499575072532467,0.32888054593407623,0.3381578518193187,0.06616910347234355,0.3882855290609015,-0.4635374027026443,0.2001757779026989,0.21289897929396281,0.35627071452062287,0.38110041255562876,-0.48547339102059806,0.04011639875678608,0.2089281522635947,-0.0805508724067809,0.10283277622903168,0.13170389148078462,-0.22294006762625299,0.26471321815504845,-0.19100848559495656,-0.13829869771072192,-0.4271275078482175,0.2441627111288371,0.4675367746533141,0.2662276277033654,0.14909374469969847,-0.36639943548419274,0.44648785711670713,-0.07745510961402742,0.4916984098136725,-0.04168661822097066,-0.1312807996368334,0.08700356632315857,0.33201480131639227,0.4447647747502712,-0.4378253420157726,0.20396066108476238,0.10089935515375785,0.08326676721420027,-0.23321068836862016,0.03936307812388951,-0.3841701345773987,-0.08090834967900824,-0.3652302679151145,0.11554032947125618,0.4911823616721468,-0.37203739523743373,-0.39907605806473656,-0.1721473625087703,-0.30737922107394333,0.1515887859651692,-0.2289795387949203,-0.3908086629253086,-0.3815581203902447,-0.33011350811157814,-0.42130454392428807,-0.22506918155962066,-0.41611678053765977,0.4687548378568325,0.095215716989472,0.22878226508617847,-0.3911853862945813,0.3257510060920139,-0.4585555590009387,0.03910124045086071,
0.1369802359778383
-1.1260388971233197,-1.1210568838320132,-0.8675950153503275,-0.8909461645807272,-0.4594622620980153,-1.3793021411703918,-0.7347033699499845,-1.3705000650093322,0.27108588617331814,0.29107218974167,0.4045982590292218,-0.04466160721622283,0.24771120824094545,-0.05201754311515087,0.15968787027486875,-0.37786280208885065,-0.21981359371433035,0.1296797624551081,0.32829452495307393,-0.3941546996305414,0.20360180259554173,0.35261713724512905,-0.07879677605544573,-0.4416164111543572,-0.17554404169166182,-0.42260602251262774,0.223331000794732,0.012459408618174581,-0.3140807454422205,-0.33491924215825547,-0.5392633869558019,-0.6546868601264746,-0.5383257822951153,-0.3608767656676084,0.030471463052899817,0.4420388902615956,0.05872076221771624,-0.28190736808934685,0.05015610651885683,0.32336628950513185,-0.02771475551281916,-0.2672443636968513,0.03522208482129235,-0.019494757601688496,0.4285451975802738,-0.07083227741950145,0.16880072453051032,0.28892537855166617,-0.07401487001088582,0.26222413003596895,0.15021946658534208,-0.20708030063679644,-0.4317814231039317,0.4124772310446993,-0.32975147623033835,0.3312553861149305,-0.3085516184845895,0.10433758607391135,-0.3954813850513224,0.18315704507561487,0.09732514968577967,0.3613411564640803,0.48803719117540384,0.34143469007493615,0.12673374127713738,-0.1652565190039585,0.4063315347535606,0.09638095084512192,-0.06681897524211093,0.06924112883776672,0.33034899796906186,0.23222564634884996,0.22168436171803524,0.32840915141518473,0.09509578364703007,-0.21264990700722325,0.4075372610826708,0.39248317676844263,-0.3239020078933566,0.510127702199076,-0.3809453058574804,-0.43759707110929696,0.15311923294434143,-0.1458284844184679,0.2193777477369266,-0.04342618683402854,-0.23282830463260612,-0.40006726710746704,-0.44535663612272963,0.0705917325927944,-0.22529196989337003,-0.03599033961221735,0.44930150891770065,0.48521566356883833,0.3819841448968078,0.3631890471126668,-0.4359109298446702,-0.44583857178208325,-0.09706644601903112,-0.16284291330334283,0.10814587058062762,-0.11917083648821299,0.42549602006183546,0.5019805549573347,-0.4460149821805834,0.4018662355770472,-0.3058051717700408,0.305873354263349,-0.05749356275551858,-0.06449384526166473,-0.37914171534571334,-0.21057308937424635,0.08496856885679137,0.12391326238606011,-0.17926733161217195,0.5143981292772875,0.4698104421785351,-0.1986979666532126,-0.16216417709217396,0.318311175779825,-0.035557760741724405,-0.046611262745076064,0.27125154368076837,-0.42345502078024394,0.46559947166845556,-0.40122748936451175,-0.15683310413253854,0.20924118076443293,0.4965822896325807,0.11913180333737756,-0.4401941313660785,0.2572819090013834,0.37567792541094197,-0.20733887435314735,0.5080149040276704,0.46975085399727906,-0.012708868075884635,0.5439624530873974,0.5031064150301726,0.49470488820371034,0.37578351920728587,0.2136440544631681,-0.2423310839226578,-0.0542523405382685,0.3517498975223256,-0.027830392854849898,-0.02359635880148288,-0.17118913860449775,0.05143584182840361,-0.14496186081309653,-0.20135137734718717,-0.443287460726073,-0.07777275244750038,-0.21983416415313023,0.30810374095653453,0.05347623057680336,-0.0793803626998534,-0.17662132579175477,0.4083706294230202,0.2560585683103899,-0.19619907290467653,-0.02578532578061914,0.2232740229208558,-0.3419528547398439,0.271958593513343,0.07177302915402285,0.32253187506853626,0.40805447200043027,0.3756480174667141,0.12913705130985714,0.4961935193664832,-0.12505213508642624,0.041036181747592985,-0.20506365935193854,0.005366619090526754,0.522719370731068,-0.21443960424362551,0.2719030007820898,-0.2778946615080739,0.3997134920203879,-0.30248027710591047,-0.3851842677443997,0.33793325439851746,0.5400950286281254,0.5353414973157158,-0.03598532556731788,-0.1316729756504263,0.09985316911933904,0.36574396419584615,-0.06429108523684006,0.009587128843890682,0.10530172429140174,0.5047406594268739,0.08658742906221846,0.5148749093063762,0.27895023924363155,-0.3485897247643072,0.0977839614419861,-0.3522044364093167,0.5257839839994836,0.011581328109336193,0.08203455386597268,-0.05524103083520968,0.31240530666142136,-0.10294206674494681,0.20790601358888045,-0.02854838242929651,0.35215277924179317,
0.062361622395111525
-0.8238702901738818,0.04282583383534986,-0.6848793065864717,-0.6315318657565445,-0.4545065913733812,0.028051482636740108,-0.4164239622218278,-0.743531815255802,0.18258885439688713,-0.19043849510380403,-0.012405443822881548,-0.1255015459282117,0.5168918323095415,-0.41626060257093217,0.22353377693077672,0.48743848554659036,0.3286708410627434,-0.06122665464560572,-0.3076516118900942,0.4363537294771927,0.020382080113035068,-0.06941246915343029,0.13607216378612777,0.38541886818129917,-0.2044010061923552,-0.44500032173659715,-0.0684465012685941,0.30238751579608975,0.12162537100062012,-0.3708172872112027,0.27334204170346665,0.43002487838267367,-0.42093435922006,0.257820588309999,-0.25709180086677813,0.5327224543305212,0.08179835709592824,0.523578055545159,0.40798330265275723,0.28927453410003995,-0.4295181420785917,0.28296572121398117,-0.23650872548191273,0.10677993616875596,0.481194746405393,0.15784762837356117,0.11183764299864,-0.16165322203564067,0.5269141853002945,-0.3340308445497831,-0.11414645303352726,0.0337624934189319,0.121310560501433,-0.3750397758717267,-0.43987027523504113,-0.2587779659922715,-0.12248248446151697,0.474525756885852,-0.02365981691618072,-0.31774743124206334,0.4698023084672653,-0.18410811755060916,-0.3452806662023605,0.5259890295041965,0.26546295489497845,-0.39518254255664514,-0.1426515371462109,-0.265245061785817,0.4852829076753849,-0.04891759528851906,-0.08792938406087607,-0.014870566062400987,0.03466398535194206,0.2752157743042328,-0.4197319175238671,0.4821579894025399,-0.43740306740294527,-0.3476719727392222,0.05739977304110467,-0.4209092371295354,-0.24808210333351546,0.5332636462028213,0.5321104620850095,-0.008990772809202447,0.3218385173225286,-0.3251084628761766,0.09788766405213066,-0.45207167274251786,-0.26747369984191366,0.03420271254373638,0.21065613793505025,-0.12856234387845142,0.12155090686576024,-0.4150142762142151,-0.18363632537376748,-0.42132776924119447,-0.426699168437148,0.5012022511719036,-0.2654733583802155,-0.3816205909084254,0.4250148169811295,-0.0822131905843116,-0.12313309049973242,0.1260756597607727,-0.0531396969743946,0.5274459347525662,0.4045866765653208,-0.25123716839905047,0.3985312013247683,-0.3988662116151435,-0.016508846955810137,-0.26559918116248066,0.16112577664045705,-0.3697671027393776,-0.11691661076299605,0.20730932401554872,0.37060490768223714,-0.3199299274106275,-0.21608019130705428,-0.042101280893962985,0.2379194843343118,-0.2827508710272882,-0.1930715217501686,-0.23639391589742223,0.030935544802808326,-0.3726162465994444,0.4590569124855139,-0.27236090974826227,0.5145740441527715,0.3751654604985238,-0.09847026234113988,0.37310722364826715,0.4981216615830099,-0.2246974585209461,0.19016072199605585,0.2623464523154984,0.022458203216176354,-0.35928136147083894,-0.08842182750539597,-0.2752808593591321,-0.36501541750902017,-0.34650020786539143,-0.055114135880512026,-0.12910088279362916,0.14632538604093417,0.16443140366195388,-0.08480314186088396,0.4476267623933022,0.2404181276333114,0.26856775942334715,0.27364052064874583,0.2441467313487509,0.3183911220342757,-0.07287200897643716,-0.16214204271906305,-0.2999832130409918,-0.003329580205292352,-0.38988543138110093,0.05766477666552202,0.08370310707710053,-0.24895422758274152,-0.08059858146223182,0.23247396918487442,0.11235400922024268,0.30096411861457534,-0.08135929992457065,0.40023640951331546,0.16537028946065405,0.4621088464489483,0.444188543972674,-0.35793039733605997,0.30786729858885814,0.36036129167651504,0.5003517646889589,0.10241037004076263,0.1848502857990292,0.09653096213187427,-0.047390677329572674,0.11144039964397427,0.4729010390281025,0.1787790913129447,0.12406332672237712,0.41469816682197663,-0.016599424166838916,0.29844988283008006,-0.42677343253045047,-0.3357954471404479,-0.3002111259953127,0.31506261826589427,0.28535453185090637,0.006093576410178545,0.0010898522647179907,-0.36249327776582235,-0.2551178266639503,-0.18834609698454438,0.07490541061878021,-0.458978777037156,-0.1268737857659563,0.34185054015157806,0.05530995316518874,0.34332878635641445,-0.38673351180724597,0.4098105216951092,-0.26544750544646006,-0.221665784237043,0.023720337329724086,-0.0885799345025776,-0.20779951197684707,
-0.2173423089552234
0.0706205748992253,0.4018714664197599,0.332117270248365,-0.08653261931494886,0.1715882088899318,-0.031924861434367666,0.38336481926725735,0.388818387922071,-0.2060565166400368,0.446937173975015,-0.1763860323780058,-0.442233018242754,-0.25546720635340975,-0.08981721532356138,0.4717686581921624,0.27994917532944125,0.16534336437645217,0.007006096236665224,0.04988885089164056,0.37599104407858813,-0.3901650297821395,-0.009266365355388412,0.05703044236300957,0.240353467616263,0.5158962564979312,-0.06345058565399707,0.06596949147224575,0.10848844662384485,-0.3265996315035497,-0.4620743206094042,0.24659526106530194,0.38634791421688863,-0.08644319974289581,0.5075475871319546,0.059061181093618714,0.26633285727481204,0.15004636632374313,-0.26162935610651217,-0.008430044774298179,-0.41603092714260415,0.030160411923312275,0.0097677186839377,-0.11214730111039772,-0.2999554437842298,0.024214444598491352,0.23402543937597772,-0.1260488730613504,-0.0507708673702465,0.33876251771093013,-0.09892650827752254,0.159572166285843,0.1103194247408235,0.21981602271317754,-0.3231351738786068,0.015416690051425453,0.20440236478233495,0.42007884317759847,-0.1500657867866049,0.039096184378718535,-0.1498636703338119,0.2100617177978372,-0.3612559468813944,0.41944812597323133,0.3517827662640618,0.17032554280597254,0.20750446211293225,0.2844856804106808,-0.32714856003036286,0.1435461468713358,-0.39368162519825056,0.3754441714839014,0.4570108384003565,0.14794476206115878,-0.2490836041687314,0.2278624968229532,0.2979540692549323,-0.24227001937600298,-0.01208940829862561,-0.23963471523739935,-0.4687995821668295,0.4415483994051054,-0.24658986178899547,-0.3272125935403264,-0.0766489129468166,-0.3834569476335278,0.326005805365429,0.33750917268905145,-0.231892995438871,-0.276530239041339,-0.3004553456973821,-0.06865251398126555,0.06339584503489312,0.45742365892906656,0.15677993726192205,0.40007407487939106,-0.35975619382789026,0.39907937579743424,0.21189553685206217,0.4736093439091559,0.34156786143945705,-0.31705002681693983,0.20806831177896998,0.3571659672041243,-0.3921482342116841,0.012021318098564639,0.005645745707482417,-0.08790580423883383,0.11670982367765874,0.2822201770341022,-0.12281975046259502,0.10990571714921142,0.44462996417948253,0.31552598374956453,-0.06252423768593095,0.2939313061003682,0.07172786184034573,-0.28286274308891646,0.17996620210047118,0.3152926145374936,0.4341323729915396,-0.33004393748213023,0.4651592824618741,-0.07665427762221518,0.1436614817064549,-0.4412451752685026,-0.38745642453997287,-0.1145193845538582,-0.05926246418931952,-0.32325860737914314,0.08427060397917412,0.18713690182288886,0.4240292664454618,-0.09115966895032353,-0.3829125320889152,0.3201232832521189,0.10909702735056463,0.20885935683909737,-0.4415896384714596,0.10580416476231506,-0.09164298872189076,-0.10818828700610375,-0.40690740364623645,-0.2805560341922472,-0.30403062075862874,0.24801697639970707,0.009355280911415801,-0.4170244176783612,0.2237937967946024,-0.24779610414694514,-0.35448728140970986,-0.4243128743770679,0.2883454046646108,0.18869086258256515,0.18353865719087434,-0.424204013715885,-0.2862768654194795,0.3428212281715455,0.5111836244915192,-0.30939243677858985,0.4117713048384003,0.5191813089373423,0.4612676239202539,-0.3410688513920346,0.5082746535959993,0.0387323362683718,0.3549362792692725,-0.18334684002428306,0.2827757205657312,0.03983679581999926,0.4250834484000853,-0.29515653180177437,0.4596430809775762,0.36226344078605566,0.3768059160646241,-0.13050205235717874,0.2093071789052153,0.02860518269326068,0.053671300230794264,-0.34700367580549873,0.07112060411334743,-0.14585353527627257,0.42174368343022095,-0.19041850401630914,-0.10691217749456948,0.01406791204394826,-0.14227472640135522,-0.40935743997043017,-0.2012512209458656,-0.024021897780733662,0.03323709940719706,-0.459689267215029,0.13779014733361342,0.06611306078212782,-0.47582446475509044,-0.3821462118658997,0.35449637759133723,0.07914639360137145,-0.35775480492672107,0.4205808507675367,-0.2830574456157785,-0.23559578881924712,-0.1148165841913143,0.21944682145787128,-0.11013062467900692,-0.27461944870514154,-0.16714494626145351,0.2392711251274868,0.40547026973373124,
0.3515436408729467
0.18586438555535992,0.04641726994197248,0.10219999888880994,-0.1795737284741126,-0.19675748303697096,-0.3246627220298895,0.3583065452804378,-0.023122009367980634,-0.4074790200029925,-0.20189121441801403,0.2273869028183131,-0.16022556209909763,-0.049997244644010494,0.08420229256949562,-0.1929702670652835,0.48397741184877197,-0.31028611628051955,0.3298600544107894,-0.14861199091164692,-0.24075307295259143,-0.12915810173654577,-0.19910458800212819,-0.49727080097084253,0.062326096979819556,-0.26789273669394537,-0.12531555180917572,0.16364346052111897,0.25927637127398345,-0.04294923497815553,0.03859571662673151,-0.0010584852774462245,-0.1474896753259366,-0.18738190850459996,0.24805838499822963,0.12158378464990394,-0.45407437712583926,-0.3520654651287106,0.3747534993810244,0.0637616450094394,-0.014237969542881005,0.08870985833939687,-0.49751739374084747,0.39161450480729276,-0.23233394197548637,-0.09421573484664186,0.29093386020791046,-0.22488841067710882,-0.23623635549064334,-0.2972545368519721,0.04351100547051513,0.37476618983723675,-0.1376160011277799,0.4772251384504025,0.19685699346953892,-0.12305274000619136,-0.09029015447916738,-0.056426413032731534,0.13918833875216222,0.042477585738776816,-0.0882016673925215,-0.393906202961967,-0.43329878751463036,0.21613250482562998,0.03591932531097354,0.013039787750166535,-0.4234342338000069,-0.15556740209756312,-0.28431516397207734,-0.3857387707840235,0.47725263151402963,-0.3170865595643573,0.21229537850182492,0.16979038385997605,-0.13958892532081732,0.03909409022689471,0.31332961748468546,-0.2876682381613268,-0.17675436182432955,0.09365563481704936,0.4608566491590256,-0.3464713000437024,0.35631428009968524,0.06987963127647795,0.49225038973517754,-0.25795496271040597,-0.18110248414139138,-0.2198146486207486,0.34993816030072966,0.230914559634283,0.11256511413183318,-0.13135536362220765,-0.42958350739469275,-0.20772564579524985,-0.3667071538596668,-0.11035917231047937,0.09821909542638046,0.429512935640219,0.3334587052567446,0.21537867957408466,-0.012876586231534906,-0.11997267811521445,0.25727454687347373,-0.35125971888200447,-0.15126656758687104,-0.22380179134479436,-0.27331429183046607,-0.46697847205739407,0.48767863255840627,0.13785530360113854,-0.050502667570851964,0.09637259225898681,0.023019787173827404,-0.39357967455041953,0.19746334789119516,-0.25369499252870914,-0.06294548722680005,0.1990777551982589,-0.14069997293473543,0.038416933646761256,-0.08443339532377542,0.26073889761826197,-0.3879369410875739,0.08352712633892995,0.047664898022397054,-0.2777722967714853,-0.3259469232937324,0.22869774912436827,-0.06129089312804345,-0.26496831183820446,-0.3966081809740253,-0.04983566617172207,-0.44357863345608206,0.2461248191997901,0.38863728031895806,0.029981150218614507,0.17813402337685405,0.10078366868402205,-0.3587174473049436,0.25322866109024966,-0.36377437232073473,-0.18301800110351826,-0.4552897275642549,0.058919142328528476,0.1691486262087061,0.26186286350342747,-0.1598495124511999,-0.19472440036292846,-0.42294590111146213,0.07895200021017584,-0.46258330394568403,-0.4311521709609003,0.053869982665874186,-0.13581075459416544,0.22667136784330058,-0.3130308416906493,0.02179115294653549,-0.23047976529318057,-0.16280146959108396,-0.42565420870042736,-0.47050883628028173,0.42470304089545075,0.44013799869709536,-0.3028897697341273,0.2919670220459666,-0.18884993479958864,0.22436186301979913,-0.028540904748648996,0.2477799867284954,-0.003961551097469728,0.08815115159976356,0.269034718191961,-0.411443248407952,0.4405866524048869,0.38405611603088374,0.15749905839070802,-0.42403275408814634,-0.06669066802966747,0.230301297551213,0.4822874226147915,0.10299654059145619,0.06722587429926169,0.45932218760531796,-0.09568122663411954,-0.1208198192436411,-0.4205871235716202,-0.28750277931658486,0.04847804466484186,0.3235735261436471,-0.19804564617392814,0.40986565994979574,0.4889753014034608,-0.26542234849447843,-0.06474239078756341,0.32459783715990376,0.40022571795276496,0.07234537129071134,-0.15213293359530075,0.2742114378802586,0.33568296097043715,-0.26265680341325226,-0.3686780309979466,0.004003652184486688,0.26209804092250477,0.057745885094666896,0.19426840641689694,-0.3171041273579601,-0.32703535398236105,-0.1913076706316685,
0.23083795333032786
-0.4758814941225986,0.314144147273673,-0.05156481527218376,0.28482263886807857,0.1991561069617419,-0.061508962682348026,0.14695876520299092,0.4109158189862822,-0.3629742464304629,-0.0344533234921497,0.47120577457798535,-0.24453915010147992,0.4927997558753701,0.09373338070899982,0.3731294526881893,-0.0036817667489165103,-0.13347320814068905,-0.08504916848526904,0.37874231750451454,-0.06518912542319338,-0.0627561839230545,-0.40068890211128766,0.08164545532427288,0.40399957402269226,-0.4599468772115612,-0.2984463255019248,0.2913196059056519,0.44945000736585483,-0.1120145028707122,0.448220009386861,-0.49502414781738885,0.21350594531076933,0.07343365528056925,-0.030794023617455278,0.158542131684625,-0.34857307959626493,0.26775961380763513,0.059998574322224434,-0.39711128392552336,-0.013378320345316403,0.2210260398468152,-0.08037794881803177,0.4028281105059854,0.40596702231400444,-0.12238498133469046,-0.38344070190294216,0.4977213115562012,0.20288756648799708,-0.2658944509441801,-0.14797400924387674,0.11487872314422039,0.31460049565403564,0.46475368733297356,-0.01908788328476913,-0.173690477007339,0.08758238659168179,0.06652720528093779,0.2659046969292866,-0.026612718616330747,-0.3007889741571835,-0.27784686480121396,-0.4137147040439079,-0.2003533052471759,-0.2519134326115488,0.19333265327720725,0.04332723132582585,0.021965890818887227,0.14294511512166938,-0.03685171198314386,0.16300677854802467,0.24324175257773903,-0.43050766506109067,-0.464835398785755,-0.31321868480314746,-0.4362340179940076,0.49514863997779807,0.2664500843373238,0.2624768052007079,-0.016138199960059187,-0.1163890320886909,-0.13727527007334941,-0.30013413764228264,-0.2930570523129559,-0.46569862829064185,0.1960639203731621,-0.16069319613844116,0.25000753710137674,0.23618565592880023,0.41906638532975377,0.4968530291345176,0.34768158104283736,-0.26889019514022966,0.4441202855931074,0.39553127293608575,-0.0037219779212782555,-0.18128377670603738,-0.2676223737186431,0.47002624813941923,-0.37406100539652537,-0.1968348103213751,-0.0057253243466062545,0.44079846404692097,0.3117806463924622,-0.11869810658858372,-0.15808838047819643,0.09370038859977432,0.1390609283133036,0.0025725956186201672,-0.34666779590990854,0.2724464783133415,0.322742999871741,0.19290825805150888,-0.09028011308035581,0.19383011518341073,0.44842794011715065,0.32795749224575926,0.04875388762412602,0.32937076799338644,0.24948236933270293,-0.13453494854173068,0.4408454189989159,-0.23788685316292818,-0.3357123814718645,0.10225606945285955,0.43970027236877857,-0.37641060330563086,-0.472110399646071,0.10820043895907235,-0.4153688772682092,-0.056505773190386445,0.14392894547041643,-0.39230464132834203,-0.060730914778413046,0.003412385275714433,0.15558338534115831,-0.2713812893482284,0.2398005803150167,0.07597622970642277,-0.4116444923505224,-0.28063031755694506,-0.004417101896614879,0.2521211613707047,-0.3271090297975317,0.44652697806971603,-0.06403322682222505,-0.08835531386590272,0.07261311104298775,-0.27118055810849157,0.22938315405191542,0.27606476002672314,0.4388121548333099,0.3375176079362359,-0.285774602237066,0.39781191981145,-0.2050713318624741,-0.20098128269298945,-0.024213151695352503,-0.11392158659003866,0.1121219762381795,-0.027687554605568408,0.4794889116187188,-0.35281288504021774,-0.4201836181145689,-0.25782237567430183,0.12786192280693984,-0.07386841314069263,0.49776932947045044,0.06837515104381177,-0.45278248834112217,-0.024021602908839406,0.4203073136929893,0.06176607227407315,0.1296778833472049,-0.24688914663733924,0.16872675874835893,-0.27980230328302874,0.35720342899476903,0.1388334312706567,-0.4055411711908539,0.4501648448203253,0.21648773500759985,0.3216445370810295,-0.47655146762427875,-0.4753324396043815,-0.4229355781735776,0.1395245241137548,0.1413001628817719,0.1833503142179331,0.24969749926205362,0.37787501718533584,0.189092643599829,0.16792180676081944,0.06810345429089466,0.2462846367376462,-0.2686299855438998,0.10401928298063719,-0.2557204053240824,-0.48391495106649157,-0.06933663324640997,0.2900939902790071,0.4361898690609905,0.09070067490800578,0.21700301067944713,0.13455986939360254,-0.06371382682571784,0.10208432853017164,0.47623031628394624,-0.3056394036922629,
-0.21432242858643333
0.2988149160053538,0.6792944287343557,-0.2163631988633715,0.2860462190891185,0.47217045185632284,0.2178570865579914,0.3495651822276772,0.6932815885401724,-0.2153097855434262,-0.2259523319820154,0.170827720479343,-0.3307030821698538,-0.17578285871883023,-0.38946516641611506,-0.16300913972183742,0.26604208681787334,0.15175072649424629,0.4320298926009766,0.08421892624792239,0.20712819562727874,-0.14027252149500877,-0.31064359457164015,-0.21832169548103667,-0.14420410667589081,0.5138244201141752,-0.04253720621713668,0.10151778091568202,-0.19364002343786454,0.5368739919297443,-0.357896959175218,-0.20986858189896626,0.3098740327544148,-0.14584047449616222,-0.3719286007663369,0.1162920019039013,0.49263027300381645,-0.04476705551573396,-0.39413674489607853,-0.2323837944909998,-0.0076645934315776884,0.1572075308206253,-0.12607521943606842,-0.28912771437761164,0.4321782660861808,-0.31063905636310174,-0.4823479020643393,-0.35548391915700017,-0.29270485198156826,-0.14829500512571195,-0.14696026939543474,0.4036599686564285,-0.3752264377523685,0.4246130325280085,0.4824510417865332,-0.46661398098660745,0.4574168145587004,-0.04792521158397385,0.28616696825528476,0.45381511767266547,0.040483635451167774,0.24012474156514177,-0.07849578750467086,0.29739541504032074,0.3327994539707452,0.405800989607619,0.48553900097096914,-0.24464548297418923,0.39954511327845654,-0.3031202183048842,0.2953245401241431,0.04467432774418016,-0.4124940738713674,0.2176703348387897,0.3185915456567078,0.41261099213406205,0.2582894926993339,-0.3575565362108385,-0.3517268848700841,0.43269681746887323,-0.1790015052180224,-0.024393769588729273,-0.4442038057103982,-0.28567497968200517,-0.03692983544300246,0.4265246775924785,0.08093424859314739,-0.45256778399469455,-0.08352861403244612,-0.4930650165551014,-0.179883367858542,0.43445739828275887,0.31616462063270423,-0.4698270850780273,-0.43955802449923753,0.42367082068039574,-0.29126346646031487,-0.20600960154857176,-0.3267553215489306,-0.3488706069758938,0.051307834673410546,-0.1374830451918613,-0.2710854068304468,-0.4770698642190141,-0.39568110005571244,-0.47203697614012363,-0.376227710988296,-0.47490337215604483,0.4665134085336565,0.22895119125429117,-0.37984676542657403,-0.2646521223919147,-0.37358265314298944,-0.07009981250431326,0.09245593208027585,-0.270837145418551,-0.18816147302481515,-0.27532396495229006,0.44476101650928546,-0.2780318729019441,-0.39261232521926304,-0.2822367382460824,-0.3802707091897334,0.46993999040728907,0.27974888758956484,0.057498586361420176,-0.14616134939331607,-0.3361732654503192,-0.4985962161304198,0.348448304921283,-0.14937888660026324,0.29336047342897953,-0.3042597769174634,0.05379974880891995,0.3414131837732859,-0.2657577066622806,0.03995328450089845,-0.08632377118412833,0.08223372456683402,0.11534841231248828,0.25687212790077407,-0.14842593634877002,-0.3042443109705306,-0.13928099678105957,0.20282384514192306,0.3186589744721997,0.40893908660380385,0.16905566612399844,-0.0841290370997126,-0.4655512597106144,-0.3402554788332086,-0.4071325504620972,0.2272366432821001,-0.37755229551579295,-0.24955181560866727,-0.18993091627122252,0.25845776610531546,0.21058767745389925,0.2104301444496995,0.14274992441434461,0.12778276739406916,-0.33113055842516637,0.297910451257803,0.3709952103136913,-0.028442511227894814,-0.20961280290565423,0.11795793072913623,-0.08594388494959089,-0.050180654520992254,0.3869583631731518,0.16319900262000317,-0.49317139158583545,0.25004589458640963,-0.03313058795891061,-0.3059949530551386,0.08651561387911481,0.22898133011189167,0.38978787609435395,0.26653822292170537,-0.2774897127242697,-0.26030974505452364,0.15267968867126366,-0.11011219196594609,0.07195367918897382,0.37946514185032065,-0.24939010283147903,-0.25237007270502093,0.0240821718663875,-0.13605982929541524,0.37759423740841,0.1544957110789251,-0.09160382804745289,-0.016259295580954628,0.08520748626624979,0.43543427838115145,-0.11515599149001117,-0.36777532431404325,0.40044437424728263,-0.287791704253893,-0.09137002916268917,0.2063477978601059,0.31936713090757785,0.16176179149420053,-0.03208092195772567,0.27741209389770405,-0.46063659582634253,0.17095123311329571,0.12962543932472467,-0.1955667741883869,
0.1277044371844178
0.07674676499144112,0.42841239916563306,0.42116327561555056,0.11109897969533734,-0.3381348134264175,0.6149543339890452,0.48601115264598843,0.5608319661651044,0.377981047166684,-0.19885309854367858,-0.10566595981298343,-0.48731614119044603,-0.3783186349655636,-0.4787826569521409,0.3866108575880494,-0.4819104890132587,-0.3360140186134569,-0.47222398885821815,-0.4723024523737229,0.1640727880297717,-0.1825541540062441,0.3345688319959937,-0.4883483770707186,-0.1293490213894736,0.1053896992682965,-0.3406656253687059,0.4324582517086296,-0.24464689347811006,-0.13869455977702955,-0.1279140856923096,-0.47279540668703196,0.4667304974074045,0.30548511256205885,-0.46257658872887786,0.36088587527947125,-0.25388974083510946,0.13823848202958858,-0.18788799276820842,-0.2335156915537375,0.278653488351582,-0.28411729507857264,0.06574844504020771,-0.44878383313877523,0.015948198126887008,-0.4491104481798751,-0.08759248042886714,-0.2229525507409362,-0.42412452996180716,0.42137597592682285,0.2766217734792763,-0.2020246536873823,-0.3172100428527259,-0.24292008619844038,-0.038461068926503125,-0.3760266259276366,-0.38102613650947803,-0.14508616885954026,-0.23506214959806968,0.29097398791392626,-0.08447173867943819,0.2917676757881603,0.28662880303636395,-0.22994823434702358,0.013350448827908479,-0.3832378085550615,0.47121382357422786,-0.38860522761996374,0.13397406669713166,0.32762195185458476,0.3295972170329359,-0.042872637424209104,0.14008764057351455,0.33993872106466916,0.2132998971167486,-0.2232249212583086,-0.2631639479225727,-0.3565525669289372,0.4775459144317706,0.18013823656538777,-0.03245077860705142,-0.39396123324500576,0.3622530263265411,0.4445677628404402,-0.40866970233615896,0.4340837608795116,0.4444733217872716,-0.04288675026492811,-0.4050243156564338,-0.3732527266597817,0.07149452223324182,-0.38326041128389843,-0.21201221159752034,-0.12768091607919566,-0.22927406666686942,0.36778548590867355,0.1569803524312701,-0.2738072408147278,-0.24934268533824286,0.4430634756336914,0.41456586052601174,-0.41702619819608544,0.25659326899335055,-0.4165225295455911,-0.03214723907186555,-0.09069971172323871,-0.2744704647287124,-0.02923906416226114,0.35297002645477804,0.43931127789250757,0.39645169287186177,-0.13908527305207083,0.0345752998855315,0.05129869548304371,0.27550063873307096,-0.06184926087863696,0.3530920208943883,0.3419312191268402,0.1298640796622981,0.2226237160626142,0.3174596544476642,-0.5064607375604296,-0.5100840289946575,-0.04003976854846676,-0.11252899752322953,-0.10969763660500531,0.4760412770513721,0.29657057834203115,0.3673088243353969,0.08078149551019476,-0.36525342343650347,-0.2980444550958774,-0.4593166261969093,0.10709049284620384,-0.13192853506729832,0.037696867816290905,0.21801168478838487,-0.07489757904055386,-0.029020107226309332,-0.10745319422486788,-0.06263182341364179,-0.374561891813483,0.2533240077007528,0.30400834793896825,-0.336524450040822,0.431585741690533,0.21613817542185323,0.26902479418874925,0.46279368121632547,-6.47912176621647E-4,0.27643378869261526,-0.49012653851229915,0.2978035445853211,0.37094703971558496,0.09033041534481878,-0.1939148900867321,0.2798720305847546,0.04735545083362841,0.11127237717346292,-0.17081264035634966,-0.05237712176631108,0.03425107814154289,-0.3617557749024468,-0.17570372464456305,0.3965276692534838,0.3895594805639373,-0.24168770740051945,-0.32894198006505615,0.37547014993937367,-0.24512200966550077,0.2684840292975229,-0.17383220680893693,-0.2126738876697397,-0.41168729218060307,-0.12620952930545787,0.4006705841273327,0.38314009790757564,0.33289385125066506,-0.2983384616088366,0.15747479076664964,-0.17673074548079534,-0.44741754834356695,0.44707751644360516,-0.4720139938346466,-0.30609607044687925,0.14698263466704378,0.2686450257490077,-0.15850499203839938,-0.48633669567341453,0.11622594572498199,-0.10734148673591115,-0.16306932976324814,0.24250366889687866,-0.010904851844618216,0.25037357409709204,0.183814782996135,0.31396595366929814,-0.04969349769170307,0.37313204051397897,0.1777327337878172,-0.2481716339798856,-0.0930282218314171,0.2006423418065614,-0.0046399165524279775,-0.4964815270134415,0.21961160044412545,0.4196336230825266,-0.10493804758008651,-0.27482104422450826,
-0.25775722590989375
0.4582410150200564,-0.4533463065764184,0.4027761395040102,-0.3412888213502325,0.1825977272370437,0.1297242910969395,0.25005046432177197,0.09638379317990511,0.20313947399344132,-0.48834176922897843,-0.15788594358272803,-0.11045365050401532,-0.2182329243181334,0.37888229051035216,0.141092470191962,-0.12367371509473696,-0.046441005472576,-0.28799810497802886,-0.1431871813374241,0.35045363182127603,-0.19029151536204125,0.24613407004747354,-0.4492943704934951,-0.42764876272630564,0.19467155016941978,0.24593240694657556,0.3363291128937423,-0.010856831392192305,-0.24953232453518812,0.09763062472934182,-0.14861275457889378,-0.11109215342556167,0.48892777624835776,0.27097984826642585,0.06582515527428216,-0.45429190128294444,-0.15569371610232918,0.012918851588943266,0.40278017225439877,0.4733613419360949,0.47047461832999016,-0.26129807481433387,-0.39507598736384497,0.28806001600980036,-0.11696273842329713,0.4514005282136979,-0.2590131753300795,-0.20366307221742622,0.40369964030460415,-0.3198279248420369,-0.2328493432005382,0.3651302858614307,-0.22107120493620327,0.37305800279268087,0.09634371875141762,0.33015401996409866,0.2671355121468385,-0.10774001155772889,-0.3030733426247062,0.18224893213118928,-0.04816903241519555,-0.235928871617496,0.34664551649450503,-0.4603461818873935,-0.4680351315554476,0.11733024562281663,-0.19884058189969248,0.46164737785388277,-0.1351339475256447,-0.19225529419620793,-0.1985102707153076,0.48811262405032696,0.09287086867592448,0.07015281184628835,0.041026763768365775,-0.10007264877015393,0.27163873838558394,0.16677422605031153,0.44026908917370433,0.08668601659462444,0.036318014433663774,-0.09327721158075336,0.336259494834628,-0.4188904434514136,-0.008860505923276809,0.10053337839454807,0.48372087324968904,0.27360129234985153,0.18867941654557793,-0.01681999550992661,0.08618417462664735,-0.4442409098533975,0.2769470130091991,0.39004005131750574,0.42793975968487186,-0.3417452447411494,-0.3643835677711492,0.0024851703557762623,0.061432528441743385,0.24634379115560864,0.09713659107887979,0.2932565587385966,-0.08023976847701325,0.41537015829118196,-0.3458831356387022,-0.10349150190454309,0.17022346500543714,-0.4110183092814227,-0.10870003167422965,0.0033807516186472905,0.10241486092025837,0.46437433614826495,-0.2514016491878673,0.04118719069554621,-0.14687580357165556,0.07173387608836407,-0.37891650460572934,0.33278399328072716,0.31037481027787306,0.2191463696151099,-0.26751733347108086,-0.34759189975053384,0.11019653419204184,0.07959908975006419,0.18065043126035393,-0.4047475575451055,0.24227848809850347,0.44329652160519195,0.046647707883553095,0.4602716509228597,0.4144348000476511,0.2063661341116869,0.48347394242610664,-0.09081219134347368,-0.009144804805660448,-0.003868632516371155,-0.24383697646342675,0.00939337942155296,0.015401362302723386,0.44348048386076444,-0.20813312913304674,0.394423733331446,-0.44125074050603985,-0.4955390947692556,-0.08328465905367727,0.1828994047198513,0.38696627363327807,0.40608136279644536,0.10565453545946107,-0.014685807654926636,-0.2608483782638884,0.24540455231828603,0.2521302433549373,-0.20222821509461444,-0.17694289714746428,0.0063654413652282985,-0.3236031497587637,-0.16724974048580835,0.4901445565623702,-0.2246484161075332,0.33439633462007023,0.369200512482899,0.43532531011375797,0.23443328505012836,-0.03643389381305696,-0.48223896183782033,0.1816661858221383,0.09023297129039604,-0.29240187132046025,0.39159787502475263,0.05663535483579817,-0.04322470156301495,-0.4009135460160046,-0.45064432590940373,0.34400078897777875,0.35226012332965984,-0.35283630445539416,-0.2660682388523955,-0.1957172110280844,-0.10744720408071823,0.1766415015453606,-0.13073795911780475,-0.20329870824889854,0.46828746704637725,0.4958337997977623,-0.002965951515511015,0.3068476962732033,0.17783080230380874,-0.06784377979306827,0.3362188395642133,0.28685006455974227,0.05495472049826277,-0.23224178668641718,-0.06945965184183894,-0.15141053060329526,0.17791890718284184,-0.3681405086103784,0.4124770239214831,0.015564449136703275,-0.42423498800252846,0.46212579661753517,0.25711730948035716,-0.06471046862001109,0.45797596422151166,0.23433325670539804,-0.4748328927750314,-0.31834695197557317,-0.3147443404860071,
-0.3892276622279381
0.5793513109877142,0.10477788856861345,0.1360227390047716,0.2166363610736915,-0.14332627165119294,-0.0038265460804289297,0.08807548372014981,-0.25170260916431364,-0.34608762876523114,0.4817201238894864,-0.43841185622798806,0.09629754927836759,0.2991239619986177,0.2587464177000468,0.2772348858958523,-0.06859583129811907,-0.11142545136877957,-0.08709681465314688,0.45030669668882417,0.13776608819379405,-0.4281842565076369,0.039855301815857856,0.4936884506828614,-0.19511325192961032,0.3399845694055469,0.4085834028947627,-0.20362761082983127,-0.11370329073189883,-0.4476162735901467,-0.2806851243598955,-0.07670930188090709,0.13086219198490312,0.07408627863786538,-0.40786996936398484,0.44530986444277254,0.4046034160881202,0.088063060861066,-0.25817225101326424,-0.46848009781526134,-0.2667720773386002,-0.5108021400297328,0.2610777415492582,0.1327947021144351,0.4675046552210659,0.3877416025887618,-0.04473643526510551,0.4112200851068524,-0.36846414180888176,0.025530126925544402,0.07740142596404571,-0.08612219087653321,0.3589673494260226,0.174445946305238,-0.24340466714740275,0.4522115451706257,-0.21731259197055777,0.42132169999880376,-0.467649569817875,0.23428945636705392,0.20188420499997026,-0.4362051374973023,-0.005041448043461452,-0.31991847080673685,0.48373116923882775,0.2890461233458399,0.310795486412096,-0.47401647479368736,0.30715220479704963,-0.003952290014052947,0.2014078678538129,0.2789206561345373,0.036783873095008926,0.09167420126646149,-0.23344297037788977,-0.18428395506719467,-0.2728357424968162,0.3420054608076313,0.3939261170461942,-0.05999000845672424,3.4372075742364203E-4,-0.10762259444381343,-0.11801428505691607,0.0068683691562716545,0.31452602219393755,0.38321321756307714,-0.18244727248038164,0.3043193034767139,0.44701220236063255,0.18339387637844803,0.19586551599024313,-0.2585905051011115,-0.14836544969237478,0.13890374225221178,0.248538211862227,-0.46602747612706263,-0.08096904703807721,0.3917132986136005,0.45354585043569284,0.0021537365018061243,0.06752487564908034,-0.23766224846389486,-0.2585694174890617,0.2978368305105965,0.02303978527553272,-0.0907631649416654,-0.016790817105963547,-0.1345297914054047,-0.39160900030930734,-0.02080247329735489,-0.05199964288449037,-0.2936086339140831,-0.14453782304250753,-0.2549316388223881,0.05217981384571946,0.06460005456419267,0.2781874549394471,0.29068995824689414,0.3869100359717549,-0.018967819095079278,-0.30007555077086234,0.14759350315781636,-0.2928193749655381,0.2737379120252075,0.11571760306487723,0.41401538711594266,0.29303450344899906,-0.10703069603860708,-0.31188516735303606,-0.20599773052079287,-0.1475562342637721,0.2730338273994867,0.12461517093152634,-0.3171416747285576,-0.07466138465863113,0.2568724618439999,0.3654888132681702,0.3949119193160209,-0.43041840415045707,0.4046717311288822,-0.27737512424386923,0.38055645487225975,0.46221813349484997,0.014421462001085584,0.3532268283609874,-0.1882538663459921,-0.06687582432060243,-0.019819113206828904,0.22658876919416912,0.22860405578554474,-0.13678985701857635,-0.30708223274208135,-0.45214927273976424,0.03452684186138173,-0.17437056790112762,-0.4508634625837412,-0.06045561745702992,-0.4968537765242014,0.3259796123598999,0.27411318125698414,-0.4500948366253982,-0.3822651484405465,-0.49372765688424947,0.1894058567592408,-0.3436591516185833,-0.4978799953711184,0.21748795662410367,-0.24158777613020802,0.26311011687957164,0.4218955227701937,-0.06318049850375869,0.2290956449496556,-0.34582046468142613,0.3356987306035132,-0.3917501315038662,-0.04039578689103625,-0.1446090996330989,-0.24145409014222377,0.11889498969008352,0.06035794330122222,-0.5155150386111181,0.26269599644249697,-0.21141504433042504,0.3152813569174414,-0.47680808596035185,0.2862394408788457,-0.05355587212371486,-0.044790297800440984,0.13251278353689608,0.04558503654535058,0.39577015908664137,-0.2519007933605646,-0.24951978784851095,0.2552443864952667,0.327301213637181,0.04352295257875745,0.36110074048899843,0.046790414120341,0.03099934829368643,-0.13696442561566893,0.003845393147700625,-0.05140749156183348,-0.42223249039318744,-0.13665831807892123,0.3049688621652945,0.03890775316670621,-0.5049437596777823,0.015804318242538282,0.05510183795434888,
0.24265516438085183
0.39793876851796695,0.18705036010648185,-0.31663037283331275,-0.003408621133430051,0.06724572549245077,0.08256933834209167,0.41699734415274703,-0.09739275152897857,-0.4201646689242608,-0.24505333112166489,-0.13728739674169482,0.05222510208405255,0.1627315419333928,-0.3219911178886112,0.3013649953401077,0.25002536279057025,0.18699034526948488,-0.1580498617269791,-0.4799946331226511,0.13906249898054052,0.05560412534642087,-0.10592289603033504,-0.19122544206246836,-0.03487216788207289,-0.3218282682285529,-0.10083600890024984,-0.4771478360905065,0.06801339841595652,-0.43769666780471894,-0.09694504053622693,0.3827690432440754,-0.20697731657998572,-0.33949553557384426,-0.002249051137018505,-0.3131480454439243,0.3797407464670488,0.18479591832038741,0.2878149856357007,0.02143139366570595,0.27459423336754235,-0.044819341668396344,0.4174727041515491,0.2767388535013037,-0.12338372706282351,-0.21911637844394866,-0.4278908261261101,0.36891471764310607,0.28369880830519484,0.06205825377866742,-0.3246768761946059,0.1540616764201828,-0.3924734241725059,-0.3194970572535238,0.3362870359660864,-0.23292485895157417,-0.4739965148619942,-0.18974337279440384,0.4127844723111905,-0.19675401884742,0.44270660444504933,-0.4496260007748471,-0.4550182939661626,0.507562675991131,0.1642093996449791,-0.32142564921773314,-0.18305291101525595,0.41119590655409805,0.3191812818827064,0.23917328441981406,-0.21796754909439947,-0.3396863932001197,-0.16210228116662978,0.12499567676069055,0.4485825194794501,-0.38071191869580706,-0.31322854101602354,0.29050759280492994,0.4640401426952348,0.19852108453183553,-0.2902580768620489,-0.2578061636970376,-0.3416336987512954,-0.24347319490818298,-0.13316333262880226,-0.0077534980014268284,0.3117960236766329,0.3565766109593393,0.37994506304833303,0.2329196102630961,-0.002697963934180375,-0.3798763641920658,0.2968210302549266,0.09144343333605186,-0.38525957926541304,0.4123892113316439,-0.23344160121980567,0.45918131278659663,0.28150359500710526,0.11990750591002496,-0.11674135535515957,-0.44624876752430426,0.07360744454624145,0.33548814527409515,0.29933767141858575,0.0691225856296943,0.2214914705634114,0.35297168856609956,-0.0641052327888585,-0.003761233335604414,0.25641190609027104,-0.0076843801484209094,0.02479316827972236,0.455504196216354,-0.22384058651597255,-0.07503615150057986,0.4055788566449207,-0.32748558683438317,-0.047065119481960176,-0.14988429566838107,0.47008986817410875,0.04969605107076242,-0.35843217649854203,-0.4155747030216557,0.39858596122882844,0.13906322604551352,-0.03713600547608103,0.37082557539883904,0.3634540751838618,0.20508577410633383,-0.4652799610091503,0.4865859168386522,0.1900225119191104,-0.018296515539664375,0.10274472568579261,-0.4636243127622212,-0.44125753843900867,0.17381003905593057,0.1824777935496203,-0.3469790559615595,0.20897277867964953,0.231069208474537,0.466899080485689,0.19680463015723199,-0.23816998968460906,-0.06928524034466323,0.17577206650510074,0.44357566185240754,-0.28195756965041036,0.3460248894421584,0.2274676787131254,0.18259533922688914,-0.0935267376147514,-0.15154920374671005,0.09926557298453097,0.10696454437999157,0.15995523971922793,-0.10608156761069078,0.5087317525202775,0.3726386028654341,0.2773045319469633,0.4776108875754605,-0.40337679748740424,-0.27354908707178055,0.39385927723777564,0.3065788480009333,0.12087111018486162,0.15923055520206114,-0.272385901748363,-0.06418545172415614,0.2815466443186497,0.12701341097229768,0.2939988063900318,0.34096481830761644,0.18831429717473563,0.0015096774679879466,-0.4104240742109628,-0.3403531429313305,-0.3452707226475645,-0.4395944524773932,0.4334081720127247,0.12337030860086294,-0.042162451532000315,0.00874034241637307,0.12457377960330861,-0.4766424741053585,0.4368879580704696,0.23451460714811861,-0.1747160830609054,-0.09390635975619112,0.32156823572897714,-0.2551512674988137,-0.3887166155808294,-0.4217735047067413,-0.0219725512852225,0.0034259902209976814,-0.05530860410998253,-0.08452384034940731,-0.15995042534666676,-0.30438275060746484,0.41916747205117205,-0.08349773983130872,-0.34690573929026786,-0.21540045759585674,0.5032620102424434,-0.07978319365378118,0.30052240784813483,0.08994413217832196,-0.3349605373868338,
0.45103109439691347
0.733281098398116,-0.17687596278662582,-0.02509842969205601,0.7166255849766251,0.2381027845732582,0.33559725022764064,0.41173424433137584,0.6835948473297389,-0.20376822305707387,-0.2986340881678079,-0.12555145585083563,0.3929073627555595,-0.07739977794606044,0.005457324062890401,-0.2889360176107224,0.1826391087739119,-0.4495952458719843,0.09018647946912951,0.10104299155974637,-0.2765976831657464,-0.1617678078742758,-0.32344351225407775,0.2965872113821153,-0.03842703196487278,-0.4329650066051789,0.281943643662079,0.2779762599152369,0.3232184265544784,-0.03410390896712877,-0.33977734122455655,0.25099389320822946,0.04618270336753266,0.12750683730149387,0.3754627412643848,-0.2123189725566014,-0.14155471141480208,0.20323139803397527,0.447726028969909,-0.02787770262330263,0.291305578079209,-0.37726218235296327,0.4467284998994472,-0.10818820308928435,0.01868073612136867,0.0025863076996655095,0.05750018569280037,-0.07178613564901133,0.2267819966469088,-0.3876506233438439,0.2181097216193683,-0.3757227988899685,0.295422001332149,0.13631073433294882,0.2894857566600133,-0.221191691277547,-0.4661203729460789,0.4639811108520929,0.2247098245371359,-0.20029913124170573,0.22452200923136173,0.13035281556182265,-0.46529527016356986,0.45064430163112024,0.2888869761275894,-0.38697241735559307,-0.17816709194522506,0.07850060014593595,-0.06583349818575136,0.3981139891043174,0.08358407726260007,0.12826435033338202,-0.2906790734622716,-0.28785887040618896,-0.04955507398446844,0.25349804205225457,-0.49740729379204085,0.0838380103692362,-0.4847917555078015,-0.38763906407604853,0.14597775488269327,0.4474787367102949,0.4353922703844526,0.002826515620955815,0.4572509476700295,0.32859556086380515,-0.4538943342874545,0.3354100361960879,-0.25356784252870634,-0.23678658695694887,0.3076074538362843,-0.4322956431533491,0.04111741661553758,-0.006638956338746695,0.02997496391431808,-0.3677514608883725,-0.45611001492239966,-0.3455345199939589,-0.03329239536637431,0.07773052287864378,0.12506369595547653,0.12433790655580797,0.04975743797659016,0.11325178786028693,-0.024698520545214757,-0.061188999448865536,0.25039248928269975,-0.5036418667142455,-0.10481000014275,-0.30431111803501765,0.2934620250249894,0.2377675022100743,0.08264086934590008,-0.3334771912147255,-0.2729521267919467,0.40920266223636326,-0.30597211332929775,0.41482699991968375,0.15514891524522534,0.4354621904682736,-0.09874124629873506,0.07970076564815819,-0.22203896821095348,0.12784086052077692,-0.355481161662321,-0.3745757376109454,0.2524780894659028,0.37323645321608756,-0.2107864454777335,0.2804475719637525,0.28555390162585803,-0.168243509932255,-0.064324942375467,-0.4067065744994417,0.30222911315646406,0.21536549430284252,-0.298511927840055,0.01824602687488768,-0.005959039949880573,-0.27891056582729135,-0.10117147468197198,-0.2897000805374258,-0.45480175891398333,-0.025479184419350667,-0.3370021945304936,0.2566943088437482,-0.14108265490275856,0.4028442884405865,0.25337481028560394,0.4014596582232768,0.16187948666403273,0.30132958222626083,-0.05570336993689741,0.4297554577998437,-0.048316001515896545,-0.016785503529231444,0.15091768199031197,-0.22962099873598163,0.37033521102052935,0.3101278661020044,-0.3061130782541568,-0.4523228784717007,-0.2637841719041889,-0.4113213208195404,-0.10327915300213332,0.2681936402899432,0.1476632956281717,0.2885639634277022,0.03103963642200118,-0.4372618453384932,-0.21682088626862306,0.2885250653321879,-0.52262690996431,-0.07883827300679981,-0.23353341981673992,0.3887079867652755,-0.14696902093124498,-0.34502203799506936,0.2389045623949806,-0.3585396184119919,0.273573103886265,-0.09793139675404215,-0.4122690037505219,-0.3526758265415846,-0.13929816383219812,0.34806509260215623,-0.38487788977815185,0.33895953433948744,-0.41305992738971964,-0.5194016320564542,-0.1984813479236196,-0.06703797142905975,-0.4437538353920677,-0.38453877785986024,-0.28403614502606644,-0.3319877744298233,-0.14024359586185708,-0.36217082753245455,0.056882112830100404,-0.33247759080921035,0.21713478711912065,0.3870367246255988,-0.23135867204690075,-0.23407724695805854,-0.28345097309647027,-0.11999163439099093,0.1724061689036097,0.4199551375305701,0.10008046687760512,
0.33640005041327414
0.46491687453231556,0.2809540792773434,0.5330655869711298,0.44416446407030347,0.5324444216370873,0.12835758150250975,0.5102164455942055,0.7380819500942402,-0.24815968868069482,0.1805899074108721,-0.1179412017085527,0.08672660118193111,-0.2687583077290408,-0.2821748350392953,-0.3927925310654305,0.2841542088429509,0.39824778908385944,-0.34794027581930925,-0.3957016922869046,0.29563266994622234,-0.21260552573835678,0.3903161788347656,0.5129469304683097,0.13308168283963778,-0.43120003778425425,0.2017959232306294,0.022387478794157194,0.06446250381070769,0.40885380265172844,-0.3199380394370992,-0.20691818797958755,0.4231961812332054,-0.023346829188246564,0.3700000664886366,-0.48823364208596576,-0.40965871882693755,-0.44928058592016856,-0.4060264516357373,-0.06799719979081613,0.4611216905183499,-0.5158921641126339,-0.43295332985128826,0.0757033367578417,0.377550519342484,-0.21207019666465488,0.33650751286375064,0.3505701131300986,-0.4810139558666631,-6.481188427142534E-4,-0.5111566721896488,0.3463636619980374,-0.05209867277300338,0.40867121774405385,0.33229830070983674,-0.046561584884021234,-0.26261727152929687,0.002522752752351938,0.1865538348180682,0.04816854800124962,-0.18164478440687892,0.007223117369358868,-0.4178765281089319,-0.4319539537229748,0.3034323921658127,-0.36362253818083673,-0.18006738795906208,-0.5210770330779277,0.3750679467714259,-0.2980407762823866,-0.3137206899012546,-0.16684107883593646,0.43603708793159385,0.3349869949502628,0.2443493943969633,-0.15502626880956671,0.11187828087116662,0.1800870109319388,-0.4693143225620586,-0.3319054533285904,-0.13222326236809484,0.07764356974445709,-0.3265129528044413,0.35082531680314205,0.4564731513494767,0.42790373912035945,0.41934088850273793,0.264956217137502,0.14913218639439796,0.14331714573296694,0.30596748833978277,0.1574689691693857,-0.28229243684941124,0.33855501837517904,-0.24921712167871668,-0.1422162787897932,0.4351911249242543,-0.3179324626454198,0.1385622684291552,-0.4116683559965801,-0.06076421499585996,-0.3612980385521268,-0.4137868638847689,-0.2274730565125498,-0.33500670298430885,-0.33018171432783155,0.43864376847871006,0.21175068385578155,-0.3053905424632832,-0.17449658108143784,-0.2930608049049978,-0.4882518036816395,0.29367096594863235,0.06289862806192749,-0.40146666366990075,-0.32111941838907426,0.10899956877254773,0.05531925797048355,0.008792560012461467,-0.1220398956469667,-0.012458846371077283,0.21875978962592568,0.3444027014465037,0.4459383350390252,-0.3573019397711556,0.17554117115491075,0.3311777062320081,0.3895047952696817,-0.057694217380862695,-0.10072819110022212,-0.4776150629849267,-0.24030682996325292,0.4215554116927252,0.3409571625218683,0.0684088606831308,-0.5071191160023039,-0.26548413016022304,0.42300730786685964,-0.0654491007306769,-0.46489269199693767,0.14951069058763478,-0.09394403346512124,0.16099048901916557,0.3254245030483522,-0.13354370303058355,-0.21708191642244778,-0.0525920133557124,0.00403384556749136,-0.11163005537211744,-0.4653223410974799,0.31449801308763264,0.03225059060005228,0.41460706045322976,-0.20418874824187083,-0.1544232163964937,0.2638779378170633,0.23998950563258847,-0.28158329270295707,-0.45628519030360576,-0.10863939300170243,0.441837608107777,-0.39996914303641845,0.15330240939591644,0.10512768852416153,-0.2839796560395373,0.14518372854127304,0.3896817689060989,-0.24917693732380775,0.08349017267793692,0.06775128477703597,0.39645648675976003,-0.2533390838331086,0.330369527348969,-0.3906678519224333,0.4073156938079164,-0.4680669047877151,0.4675086869843335,-0.05171127411891353,0.027686126150190914,0.35773392357176,-0.3004645324858081,0.4047560953636549,-0.22874699372073026,-0.19774282694126766,-0.12123081643034127,-0.19116289053070457,-0.5126339285288428,-0.504441090639811,0.18597273262139025,0.39236570864709347,0.0975744818800431,-0.3275305904773986,-0.17223180358058932,0.08903436093621565,-0.37698960455592206,-0.16262435016592158,-0.13035695807390074,0.18334616041727225,-0.17093220123797237,-0.4791143982084593,-0.06617461195317796,-0.16423435281659393,-0.06020016156527323,-0.1640755901383052,0.38290851127166464,0.12960665894347,-0.21831608567704974,0.29960129231758087,-0.21704357967153654,
0.09616497395809828
1.198172363569655,0.8773875211784984,0.5876783512640572,0.7983183569341475,0.14227966531819072,1.1618797555995466,0.5509371625043685,0.6674789232789773,-0.23202263873629098,0.15945613316002855,-0.23643725559330192,-0.0353648665858164,-0.07503189658535843,-0.45235070459368604,0.43443324592521854,-0.36533408863131084,-0.22692573732748622,0.5260044064219629,-0.18050555143820673,0.15251717442218152,-0.4312183433457229,0.5382945506391232,0.5672789554837319,0.2993466941611191,0.0769571869140228,-0.2760130519761184,0.6129999362589198,0.0615720584139463,0.44903036164595056,-0.31564100534620576,-0.3351006303853176,-0.028595203922013406,0.11627822861427495,-0.25108664585779994,0.062109924869537196,-0.4250348809041777,0.2137484809205821,-0.12522633437834338,-0.2817852807206768,0.025540360503886132,-0.007292147161946169,0.3090706978633699,-0.2604161468762493,-0.045293885454055056,0.11496582083314273,-0.19675440019571694,0.16822029601046024,0.2970203384879975,0.2871664897567198,0.09336662245304418,-0.15612700093019738,-0.16239431690001782,0.2695427988350992,-0.45035874239820856,0.2652010530371844,-0.48069978619879544,0.15544183136004847,-0.4528971619584226,-0.3430415161940194,0.1774268279530093,-0.2807932909253518,0.25880627375186077,0.024179348276811938,-0.3691971446198578,0.14438511250778968,0.01853621069583286,-0.04317831000327913,-0.25476853193233406,0.41574143665924884,-0.27868025440435457,0.1836799424264723,0.29763026858657077,0.4095278132728111,0.08257499577344075,0.3909772998681274,0.2121167948363043,0.24869402784238281,-0.03948391567190684,-0.3810991226996437,0.013784330097267962,-0.1968054885183413,0.36147365288450545,-0.37155577649318455,0.1515660855549789,0.3102759704958202,0.19407963017084334,-0.008726659122141971,0.17849918793810354,-0.0343935358333313,0.31580371267091684,0.2969336213209159,-0.35413555381147405,-0.006666887895306985,-0.07588182022123431,-0.20543286650063547,-0.03290811058993393,0.14163204528389456,-0.11539331088538025,-0.009589266182608237,0.43798577236289865,-0.2299591563044842,0.1596218759405666,0.2076976828190275,0.061737311647106156,-0.30415941198630175,0.10363537753725081,-0.11781376279567453,-0.17964291285439365,-0.25101950362556347,0.02521348122311013,0.4143910207899237,-0.44142655653712787,-0.451484442166915,0.08058982257533957,-0.27130616947628,-0.29809332878825806,0.35825340752349527,0.260096597380389,0.299862841654894,-0.38245618406996734,0.005283537619987108,-0.04374590486859,0.2991099292847222,-0.45519798270829354,-0.24771118060132308,0.36110765100973424,-0.31533189363112474,-0.32861721982388686,-0.296984907459286,-0.2695597107578071,-0.4840278957510578,0.11228407665771363,-0.209998059482766,0.37377828923356254,-0.49412285893487445,0.26015007965917697,-0.35534607107695254,0.0816458108086945,-0.1580479267193225,0.2190038965979933,-0.3180418536863899,-0.4146857631428413,-0.3942651485465168,-0.19227884698503545,-0.4543694733708606,-0.44066966812083924,-0.30206003312844126,-0.0747320547299415,-0.3457999407670432,-0.3766030615956543,0.0379588592008397,-0.09336086954673369,-0.03548357184010937,-0.22228134621087609,-0.052404317299065424,-0.13340156104618345,0.2263932537759682,-0.28528586665854866,0.05183318963385639,-0.07226509236149813,-0.059424360324121094,-0.509964363212885,-0.26647619602380207,-0.33998526287597236,-0.048052755295598194,0.10712571024172891,0.1642536967919454,0.020921580408444156,0.11086903659572729,-0.32792044879487076,0.20022850040773904,-0.42155769337231147,-0.2822323992198538,-0.09062884043626683,-0.020118807929614235,-0.17643057689899594,-0.47043151027367697,-0.005959925140308065,-0.11099585104415662,-0.06534467216053268,-0.04870418010471262,-0.14777534957822808,-0.33044114263707686,0.4428676714899559,-0.33786355187600964,0.30946710547907946,-0.16008148210993745,-0.13384078689063642,0.3324930538360062,-0.27499585212081706,0.2671500952053781,-0.4714206100424782,0.27702779149835294,0.04029673949740487,-0.31395568165041493,0.462419356245181,-0.14157613594954782,-0.508659172889935,0.19495298705085778,-0.49740436824846784,0.20756966600617738,-0.4131593469257158,0.27509560186942555,0.42584231629183183,0.3580963127324774,0.3381149401902331,-0.32215240586662613,0.2616951943054429,
-0.11281550204356412
0.12815076487386795,-0.38971363286351207,-0.30427251383220155,-0.18981830271190228,0.15048823529231165,-0.039024598481633775,-0.08760997209702054,0.37053352466567796,-0.42717696137688477,0.135636792044745,-0.1513898024257439,0.06311939365591941,0.2797229808845827,0.4933975425020543,0.4409139022717259,-0.13746833665468938,0.03107967995354817,-0.43439189278949175,-0.26511307763698466,-0.3152851206108023,0.15650551134942176,0.37275335326513137,0.019160838099162098,-0.21865210446632855,-0.017317746359785748,0.13682891407913333,-0.45309682211315105,0.4406985432921464,-0.047585700628195116,0.09165898930425007,0.05798946931705702,-0.20727205027650128,0.2676774697069105,-0.4771642634150233,-0.437889893787015,0.15046003104252226,-0.3467887094451014,-0.0750163881113698,-0.41550053003483145,0.4062348910899356,0.41972634409975307,-0.1285356133752768,0.02348506974509244,-0.05736671696684785,0.03784321169186178,-0.4590445832160791,0.4553853402024539,0.08025896485252547,-0.1912338716632624,0.11588882119820297,-0.02946068292130281,-0.27678652203826937,0.44208751487410247,0.1729551229127259,0.2703378211609432,1.0669348115482038E-4,-0.032078021867505205,0.09573571324615125,0.01968770351546389,-0.23127329053025053,0.36978186746195607,-0.12466357647096823,0.2233188756891737,-0.3381973303860123,0.22995807108961203,0.23826215051581784,-0.3007931658214602,-0.054380451597191654,-0.3747696869587611,-0.09887632442330742,-0.4407023892335027,-0.16077976562820434,0.48826848648916243,-0.10663132104671504,-0.02411442893174123,0.09915751535068727,-0.3411223745176821,0.31208208628578693,0.41140949288484574,-0.3867657202826784,-0.11072365536458119,-0.42299929263809033,-0.07990452861586318,0.46639747997059355,0.13888920751615702,0.23923968647989186,0.09178977246562535,0.44292746237786484,-0.403328813856932,-0.33616999633489153,-0.2985111333393382,0.21129142891710445,0.0027725702306069296,0.45401698232744303,0.15248752359422874,-0.49849436368067623,0.006390949952245493,0.31437199010000694,0.35673046187951785,0.42957797001949927,0.4929464486634767,0.16012104525865561,-0.21713348462675847,-0.25042073185339325,0.041254972195570644,-0.3283047363452479,0.020668963288639538,0.22111748212943932,-0.06983594056515054,0.16635980512604148,0.3598991498165738,0.4684665902624968,0.4041539549222404,-0.3871201239064218,-0.437645065536468,-0.32267256525458343,0.22869656304600977,-0.1494668650378141,0.2177596453303317,0.22617517420598093,-0.0812965763415079,-0.4096196993083452,-0.182689109846848,-0.11862581828679818,0.4071829760142974,-0.42544326171786473,-0.04687706832576201,0.4987177907599638,0.33626674947289237,0.3484493443526929,-0.14253958395618377,0.2687771496141964,-0.40094715865868347,0.46097525592405353,-0.16742482532666975,0.41941923179776464,0.23825411296067028,-0.45022055367852776,-0.009878115603965834,-0.05391798428650972,0.31642804404790725,-0.3089791507583187,0.11854252323813162,0.3788697443934492,-0.08739647692842857,-0.40248250449563716,0.4274736058425316,-0.1847410325587026,-0.02859031461069658,-0.26562676294096876,0.38014409382003556,0.4481821470456423,0.3333502756438218,0.18780948094999012,-0.18210369232014617,-0.39851778640029256,-0.09134338144936872,0.17077794238857585,0.10537556879128639,-0.1517920120355753,-0.37780899817668645,0.3780309808442729,0.08059933935511941,0.13194718944000727,0.4531615966907544,0.013678346346905514,0.1810295356374883,-0.06263025177903662,-0.3790513460220092,0.20586022925198771,0.23493681585387888,0.46338160345856594,-0.2728684607235551,-0.3039814935696289,0.05675898070247663,0.4407647551776184,0.4538444526234444,0.1443494455891305,0.16581994323276167,-0.2940934480171772,0.23987805383977506,0.1283723887420204,-0.34030998777925325,-0.10680242196535751,0.2084835368542199,-0.07184882649520032,-0.4833682406480645,-0.35909603884318875,-0.49537566087970897,0.48955603174865536,0.3759903083338141,-0.4812033322323035,0.11445987240917908,-0.4639445740850796,0.1510506905109968,0.4805466792568891,0.18613495690052145,-0.34012094143534044,-0.33420091084514214,0.019871856826866496,-0.15151272837834556,0.36499439032266545,-0.12481120802803825,0.3666473820860815,-0.4669253791454291,0.4571913624420939,0.12792553325852946,-0.0023311838474280337,
0.24276297459764526
0.3329232086389368,0.7828613054585782,0.8374310825838627,0.5430697576309939,0.2841333864787417,0.5269487093887056,0.14015817271981001,0.20418659614544402,0.24176424537331437,0.4273251971267413,-0.3449514577935047,-0.03154441441092618,0.43094294712388237,-0.03619923363361976,0.25846578719325636,0.3406736010282779,-0.03167041389724549,0.3978713584992275,-0.3690468463170828,0.2709623860261021,0.32540970878523234,0.2305674161031297,0.10882588912908493,-0.2811552039819114,-0.19733646012548484,0.34963913198771895,-0.18313905176627426,-0.11511463095982961,0.2675335092741221,0.19112217816459548,-0.18855045940813883,0.2952539206364249,0.6600941748377619,-0.33881362817334126,-0.39795305349591714,-0.3992028341904275,-0.005799375091656966,0.41766499115107875,-0.09163006361698199,0.028307151950902387,-0.24295482999160234,-0.45701951853896733,0.06578300997447271,0.390111359571729,0.2683349901042646,-0.07258269016034792,-0.1666555178183604,-0.29342136678173286,-0.14551956481018885,0.404668468064774,-0.10445468396632297,0.35478510557889703,-0.44656385818783445,-0.2504607416011989,-0.4771129003392017,0.1859313573428112,0.31002370310267596,-0.1131239265091848,-0.4458594703061653,-0.06802041957738804,-0.14837281505178557,0.3075652232793629,0.2210886678620766,-0.16658537546327845,-0.14146326558435562,-0.2780937055373767,-0.4242054014156032,-0.004516763456472344,-0.47068719855044255,0.4425777240683911,0.2814108938766014,-0.4171943878961342,0.40814462611831154,-0.017423299962126604,0.3097740760085062,-0.40395777307601505,0.38902849997004535,-0.12207011298639038,-0.34749599155959016,-0.36066267848210937,0.14069299731417695,-0.19936540720098983,-0.5029451417908648,-0.2164492366799401,-0.19345067577960917,-0.38579489639916914,0.44514058555808106,0.3578276837212176,-0.2744525555030733,0.1423623882735472,0.2581847680081722,0.2608453962746074,0.09266910680874614,0.07081939385388823,0.30292098765610115,0.1731156524416867,-0.06810840796622482,-0.41722116902383494,0.33999627050078257,-0.12699052674845124,-0.5101936049938591,0.040673279253178894,-0.4505926279862827,-0.2882892401958714,0.17467985869635017,0.26984296558546844,-0.2811745388024936,0.18609430318913955,-0.5364068810150493,-0.2257408009730104,0.3343418270331448,-0.5364377751980167,-0.22059869678040855,-0.4799334065949709,-0.0921063355480203,-0.3408371706746463,0.19960267284708988,-0.2403693138824171,0.25160544743385954,-0.357146052652303,8.107218784358598E-4,-0.2630582473589234,-0.4334919566614189,0.16356258445740535,-0.5346268711911446,0.01463973145814428,0.1515743863203166,0.11673170943299237,0.08078333871313291,-0.4064106375703224,0.258737014921739,-0.14666638126096626,0.247882351718493,-0.04215172281105282,0.12052903010687195,-0.4691312552457148,-0.11955080566113287,-0.3289646171205906,0.45921729676820505,-0.3593418779850362,-0.17336910926146398,0.17452046861670922,-0.15022737517989032,0.010775767366375035,-0.12823634407492368,-0.006479495594400598,0.15374837119151508,-0.2197422637268528,0.1924890651895904,-0.35589843170872076,-0.13288417986169165,0.06776210500980738,-0.4763298233676096,0.15225000919364418,-0.36766915709737763,0.31664482573270686,-0.027535543339777965,0.2455900651451976,0.35338297540237223,-0.4115461734930746,0.368011555729653,-0.041010457607954236,0.32230494594189935,0.3981341695259973,0.2705460530216291,-0.39279105087198923,-0.4834032538914735,0.03677532260577151,0.28034605864703294,-0.17908636295590963,-0.2407546895096292,-0.2884790950831721,0.08478132350563482,-0.38321723376371214,-0.25350279509919327,0.2473004457403264,-0.23917552317663582,0.27811264840058186,0.04326841679820808,-0.45866856812074736,0.21074243323007724,0.1592262679063331,0.022051695200227678,0.4388795414178757,0.2502845983639645,0.39516482986115126,0.37840882447194973,0.2075532485372934,-0.20846207151500395,-0.1024487675775745,0.2946114554175843,0.3274487374789599,-0.2332809572955692,-0.05182054794078054,-0.45727943288757217,-0.11425002618984915,-0.07547407019997286,0.16379766718408195,-0.18062819951332088,-0.5330726603497622,0.39727308676347967,-0.40128245912469723,0.38675977819021706,0.0634680706500773,-0.015114515516759996,0.27629542559573533,-0.34220854091843084,0.19711016902111467,
-0.23204681068063507
-0.7988727139829485,-0.5907396146744757,-0.10286970320875265,-0.7369006092544996,-0.24937086545130185,-0.49166247116785605,-0.24281774359070127,-0.15912633103730772,0.03320010094012176,0.1339895459951256,-0.06428428353336021,0.3020624805691049,-0.058857497477665284,-0.18876684398817867,-0.05409888338805741,-0.31248128300730016,0.4532635198146581,-0.38721059159533955,-0.06663217803169552,-0.471477073029707,-0.09832888963047212,0.35915480494134444,-0.10043496291682602,0.09190813935924072,0.2332776466648749,0.35131617069924276,0.13267700827864906,-0.49425142836347713,-0.1592337552094592,0.04133851235478655,0.09635482314176448,0.11637975248584118,-0.6064705601729384,0.35194531855563826,0.035960681674447,-0.2807461665277182,0.4167908514296057,-0.3883991330274497,0.33945563566914444,0.03682628686285031,0.3078113039591252,0.34968029535590744,0.09145726059277204,0.19376027364810525,0.11439207809923757,0.027191945394915002,0.2103298553218136,-0.22623922796821502,-0.1372514445613908,-0.11450935477293328,0.045111376817928726,-0.2896345019715922,-0.1387129345039235,-0.2660571755160856,0.20148805226655378,0.019776233753873208,-0.1822606298117587,0.043074466134536894,0.4687752566446726,0.39272941477324635,-0.1382519646256802,0.3222201964207572,-0.05773455290058529,0.43904706551385203,-0.03929001859388515,-0.47000494290560785,-0.38217116906668275,0.48602175370901574,0.3031272774573452,-0.10811311614068675,-0.03680801218118069,0.22339063616720958,-0.15812118824459873,-0.09350592623707432,0.22910842699918657,0.1605051984932088,0.3392399629100032,-0.48959006157062274,-0.4463255030444993,-0.1845948555878025,-0.06385835084135535,0.34148148001487394,0.23433242002673085,-0.20914394719456894,0.48007472531907175,-0.20885324384199197,-0.10535764123981661,0.40901227824797887,-0.41079114171941095,0.06878198757035014,-0.3433066591616893,0.37421796146788483,-0.29529038305591054,-0.18553431265527584,-0.15493723748506125,0.012560848687374414,0.1889017287543037,-0.1087060212171368,0.1945228677264417,-0.002855373342551429,-0.1361601050436528,-0.1356424970631259,0.011231775073699182,0.10964780913407346,0.2530133810992295,0.33071737335451185,0.24593561224285784,-0.4884119408577064,0.18832388749141418,-0.2968064085547791,-0.022252435828990422,0.20281274773113347,0.3751410408109727,0.2705064713427902,0.37835835761744213,-0.16991164314571136,-0.02984680693560385,0.3572876582288687,-0.17092787243622706,-0.22473793707139852,0.21989580937775235,0.18970435988757398,-0.503149377550574,-0.49967845671581373,-0.2677464846704943,-0.3640833105702049,0.34058740995818354,0.45577943856822795,0.008895960395337858,0.3353145956452814,0.2151232157983867,0.4691614952629391,0.4535220663576773,-0.1435423530874593,0.46805252786510604,0.4219783146405747,0.18895032911409163,0.4308670707334477,0.18316044024231828,0.19641224674112326,-0.334491585891828,-0.5017035910022019,0.01436797688772981,0.32705311157703915,0.22383777143934583,-0.23116627797849873,0.37535298901696906,-0.47163299638465755,0.4871442676838225,-0.2418355526795393,-0.39744668938493605,0.2851851053947633,-0.29891083613796093,-0.21544920959616706,-0.40695303716577874,-0.008649970457005149,-0.0860708718005998,0.22956046240300745,0.3338443816905164,-0.29924062371831733,0.1951780618981395,0.4593034463506172,-0.3145841784774301,0.41539771544546383,-0.07202248507880471,0.17891246082973047,-0.24018349242698497,-0.0234508622772967,-0.42147371264700745,0.15022948092553914,0.24256135919309432,0.04823514910704773,0.24533449333950383,0.14113681860464947,0.04743970371151462,0.3860233397622442,-0.2782693113561178,-0.30530197987297575,-0.23525015993138573,-0.43029589731558165,-0.23303473301216313,-0.19274928490054064,0.46597236900146105,-0.35506555790118627,-0.225582677851304,-0.11318052255003622,-0.43831025124106565,-0.33320079097843674,0.04982561182386124,0.42669390848362404,-0.4254003965016477,-0.03265815917272535,0.46812954468369744,-0.32625669397351403,-0.11424286434318709,0.07946808812182815,0.36441884793052687,0.1970162593896896,-0.2602777324140572,-0.35877213312441475,0.13265564667499355,-0.33060055513451264,0.05307512299898475,0.2773320233106768,0.15524607519865466,0.36358727918414874,-0.13919658294179857,0.40886213052117865,
0.4609542538389018
-0.1623444767301683,-0.43616438458608,0.18089244384220682,-0.02201519779885819,0.0027813355820243703,0.44105712918431006,0.18773025640754698,-0.4348562270159825,0.4191638829887571,0.43022279738496233,-0.42965779470010207,0.18463304953485937,-0.2874100722718754,0.33718123724287613,-0.08045510321232946,-0.31049732048835293,0.4993758322993853,0.33213431510189173,0.1228502764299051,0.038005001451528395,-0.3412574363493761,-0.0698648435718084,-0.445778264410008,0.10205664712147682,-0.23454218337356342,0.19396247097417643,0.2207556475750585,-0.0856527560064665,-0.22597358954836105,0.4424291736797756,-0.4632671083019005,0.23762808084732487,0.3202461960543712,0.3166259635334817,-0.07337562742606772,-0.21501082104791527,-0.023402513476995603,-0.3493409410415291,0.21430364811730385,0.42837597423440027,-0.35637719796574047,0.2514188345340655,-0.1893156538221069,0.2375229304095019,-0.2922740521578197,0.3154093209923485,0.036913373975182656,0.27273403653031986,0.07915000416075114,-0.04769951472645331,-0.4721705149330488,-0.38565966434076987,0.23875611466044921,-0.019128644527634877,-0.4408058282561195,0.2513076788643949,0.38814536664874083,-0.06458319670634592,0.3093505108332791,0.0898031444018942,0.466639855757556,0.0073895039173149085,-0.47778012468106285,-0.47347170717865167,0.2720089517266941,0.4686939014042221,-0.2264292410162524,-0.256900092827353,0.17252057021002065,-0.02441105909987198,-0.440903279511686,0.12092264694048417,-0.0698770460460456,0.0359446140464281,-0.279309087396654,-0.04958767097154196,-0.03196011891897946,-0.16236309309075092,0.306406874833096,-0.08590737620655829,0.010787891487975916,-0.4178455010678948,-0.18005329979597307,-0.33999831531318986,0.4006013774945035,0.4450299823166996,-0.04288082598793411,0.15000986819051487,-0.44852223683318476,0.2934968445154172,0.3495619046139456,0.3670632198804587,-0.05946877165617595,0.33181339616401767,-0.4598764459289127,0.3960316652583091,-0.2439295727146823,-0.08401713486565397,0.3996530775532026,-0.14524493930177007,-0.17720785855771481,-0.11786121556399641,0.4615451516034242,0.14504414733989413,-0.29329094066159495,-0.13334652199671448,0.1982421347499288,0.017807441154148864,-0.03409322687820418,0.26106645858867733,0.09299443474115711,0.5021393794293201,0.3579515034039091,-0.3587812082584499,0.4705331442864063,0.33511894211910925,0.44074675661264023,-0.26248134884426916,0.44190968698129424,-0.3527678386807574,0.4108632477778364,0.27205169316672634,-0.008390479717943227,-0.19225429168102837,0.2118438192891724,0.2782899854637882,0.18914791625509575,0.015023267541456371,-0.0852894361367461,-0.15955855402819197,-0.257292206958235,0.4286900012571811,0.12387906025707508,-0.4579789672159335,-0.3710192726905858,0.3837148962173747,-0.30608991718203965,0.2970141425007126,0.33122445834937425,0.500894345338816,0.35600673170638947,-0.34795823725526015,0.2966510435450525,0.31388498084658173,-0.05210922473203619,0.09422557206306527,-0.4153881390324487,0.36984736428239734,-0.1833312629315208,0.3769908024847978,0.31864720893057424,-0.37107369248322924,-0.3784749369236709,0.38483333955259963,0.47831945856184926,0.38720790037677216,0.20155606273948923,-0.40188324841922646,-0.2291493532916159,-0.1215430202019928,0.39378472300157324,-0.20974592651800938,-0.19206315420648856,0.17185328269509714,-0.31262648712832014,0.19216796741581899,-0.42028681917094696,-0.023891833641107054,0.38227830378427624,-0.0072877035726711704,0.26569469853386757,0.48475819526538005,0.48406377773088466,-0.2912230735385061,-0.2483794231899168,0.45309565121417655,-0.08867379921663775,-0.3449131657517421,-0.16852027262743463,0.28411040619380906,-0.2818525341090417,0.4712454643830601,-0.03440177830935423,0.018981248301367246,-0.05877062790595347,0.42236149353994606,-0.36147978984573187,-0.22293052654256607,0.3698347954879834,-0.02036278349452805,-0.18548461198047494,0.37103050343796956,0.0063883543584439244,0.008585757021717553,-0.2761019190425886,-0.465425080664757,0.23656582067402976,-0.25491668431843,0.22994423251645646,0.44357270810512844,-0.24007148995311567,-0.3767479152417445,0.3240440036885986,-0.014390182170780244,0.1456348214380231,-0.0657921893388481,-0.12417001820611745,-0.46123028483662537,
0.37646566209775434
-0.11043135467659222,-0.6891355080250076,-0.4360642822227928,-0.44506973749608086,0.30307635455530685,-0.7898307740332852,-0.09259949179189282,-0.267683088915283,0.4852742784373645,0.14695569606476003,0.394188047054312,-0.3839131497193584,0.3540652716721913,-0.1536037212203136,-0.43020900502746423,-0.3716159354472129,-0.016339412007135862,0.017387933502534304,0.2739720896873775,-0.47290747062390964,-0.38027920853173947,-0.29820328273075647,0.03250918548429947,0.24960983752180796,-0.04118190926801492,0.32254131520947477,0.04866703708399005,-0.4570512694710652,-0.001094881184198296,-0.47480407373966504,-0.39940267847244976,-0.07783724066985728,-0.4817850257991074,-0.5048199805362682,-0.15068416795069192,-0.2908693703731698,0.07901684080778008,-0.01263515938290853,-0.3179764600927859,-0.16647220759003542,0.183933413975123,-0.049546800636688246,-0.38411038537343256,0.34818438613638514,0.4202221486157576,0.4567288790814915,0.378715164199959,0.4777500233452583,0.4397279535971683,0.3397610601732931,0.47202931638336887,-0.31182039904364023,0.015949877583514755,-0.42859755684809575,-0.47740390294940127,0.15532920273939835,0.502324341841475,0.45934980933659597,0.46885625938054576,-0.17980540434919498,-0.26963196675540635,0.3853245415920822,0.499270018695115,0.2594430395417774,-0.3355026875257623,0.08658883008662152,-0.019127989893277294,0.4720990307621733,-0.39298792577359154,0.12511572128549234,0.48451458072572673,0.3404710902303393,0.25552026834814856,0.11158161466291591,0.4126893378983396,-0.03811665207704622,0.45511895480008635,0.45545238362533724,-0.3335192720315677,0.2675022151479566,0.05893666050866671,-0.10221470059519505,0.2501196740187581,0.3455249925978676,-0.08681924790099207,-0.15002944032653873,-0.29523035698467825,-0.33177629806556164,-0.38337725620596963,-0.3905119349815185,-0.21240911522595227,-0.014185741829337776,0.36949331349069037,-0.14714388198352488,-0.13220667331878275,-0.005152380968429059,-0.07695169944818106,0.41630090842249545,0.09830221571298534,0.01479562168678582,0.36860543725169226,0.2662768928567202,-0.46017494510278656,-0.1862685439239473,0.26364113805326217,-0.2651805232623998,0.0635219712842191,0.41248119034804687,0.38257538491946097,-0.45118640549143607,0.03914614999223624,0.16634844279349972,0.20116200338287085,-0.08238716509561897,-0.47256523535407424,-0.32550761016016194,0.07594064825272248,-0.039954585478845936,-0.06130490918976332,0.0992643871409816,-0.036004122150751036,0.04969513316611142,-0.10605580742746451,0.2912860143970891,0.4433075233052082,0.23644662880273595,0.330625347459348,-0.289222733772849,-0.25973381706833965,-0.2373637811144507,-0.2681626694301037,0.5116210602637147,0.44846624318109884,-0.16624941964375614,-0.27382183369488267,0.3118753751285337,-0.36832217744029705,0.22646791144292314,0.20471740233340643,0.11292260401185669,0.043938661560844305,0.020937054427237572,-0.467723405851591,-0.45082921878193627,0.2709955564851807,-0.2704581866819402,0.3921105939770062,0.1511987971987563,-0.30013602220452895,0.36099965864190886,0.29624679583576186,-0.41253598421406223,0.3570639350169088,0.5064949961263595,-0.18184637206389806,-0.08683272391941291,-0.1788708694195916,0.3636490197730178,0.16007321501323926,-0.3004035251020627,-0.38872513480324855,-0.27552006609878055,-0.24573204478313435,-0.4567524578526593,-0.3183496431656184,0.3451083575535696,0.21559365462363092,-0.13875345677359482,-0.09061074524752435,-0.21218517877633045,0.11222726284842963,0.0680750683085988,-0.24528850773799152,-0.21984238774340367,-0.29795961272697824,0.19832589044834695,-0.4073810694334913,0.371210536736136,-0.005976016151837502,-0.20880624645294651,-0.43173412469370054,-0.3184176637152918,0.23733400536635244,0.38463206570350894,0.21187498742304825,-0.15826957310778075,0.21494161831628336,0.28058277144312904,0.4641078854532412,-0.20781640646005903,-0.47546437804945907,0.3374138024545593,0.2090889798401854,-0.02036044953924784,0.366238828639728,0.4216742640237575,-0.11017977491413686,-0.3754947816180422,0.2248643333270979,-0.19149499721907334,0.2895130158907746,0.15829888063100597,0.23385151392483186,0.25851782948187885,0.10240347504035327,-0.36656544871733165,-0.06131439346975001,-0.2813160449919895,
0.508421389720895
0.3878733312602638,-0.3631980859583954,-0.4159982826267521,0.4116019470874002,0.029252381094268386,0.48571267417778646,0.3044715968977061,0.19059614259565807,-0.10201203812320574,-0.0019968046426589075,-0.43872543990496465,0.32540037759071083,0.18735048267170012,-0.09388784293127833,-0.39625274155067997,-0.4310921723634159,0.19632003163798942,0.29688736013447586,-0.25759728855498776,0.347053522288563,0.24552230607375658,-0.0026320295463757885,0.40422208524956926,0.3560057308746035,-0.40956903858824795,-0.04636940458746451,0.2572605774768878,-0.02335565139876004,-0.2066867261868124,0.011805654357041949,0.18446618664359268,-0.4060933769033353,-0.0935185020556603,0.11937134153418665,0.22644591334948994,-0.5003890814615537,-0.30783668627792227,0.13304613537446458,-0.4304093930498039,0.06492806815042416,-0.29228181329251385,0.3381886466968789,-0.48865275823834825,-0.3863380809044143,0.05871281258206526,-0.12932388869800307,-0.0493075120095843,-0.38148361772845957,0.2869929338871043,0.34627138671011276,0.27855593323773725,-0.4098297537230135,0.3156985410175271,0.12712850919172028,-0.2725991920828507,0.16971162272138826,0.16143230201441358,-0.30949535356121066,0.17614578829920777,-0.0670111923864332,-0.2831378651139628,-0.047868336442916964,0.12255314813695024,0.49228719670499205,-0.09265184268483666,0.36458990592830925,0.03722476204715851,-0.41664881911218205,-0.20830705620125503,0.10419176283799088,-0.40442537371435233,-0.040441241837452485,-0.27503454814103373,-0.31570420868014976,0.34762271406022566,0.08009580258985512,-0.4695493114173806,-0.11136310119664274,0.23018180692088594,-0.2247340382164991,-0.2618713600973695,0.005171474724780328,-0.04801478086115139,0.29961140031281613,0.3386875949884856,-0.04089871377821,-0.31046958564534927,0.4423080982844629,0.17492857314543972,0.09315304378389828,-0.28011075753291786,-0.345660493239265,0.046519070922724975,0.023855464905259974,-0.4135368070978676,0.4732400759164754,-0.1605939688774101,0.21446922857086712,0.14463724240278017,-0.12125950015086719,-0.4922008029530223,-0.3516108357783801,0.366514114555248,-0.4035651556414594,-0.46551183410116165,0.2612528176237993,0.0973855227865243,-0.21837103856132026,-0.4256428595911433,-0.4043474099748167,0.05132513779919798,-0.03818134109952401,0.3463140545439411,0.47926360687219266,0.20926343522952826,-0.40621471653695146,0.48045099192037505,0.3953628811588586,0.440131814433475,0.10008522892122725,-0.04989421988704941,-0.3858702428662594,-0.39586041145437595,-0.2102508871683955,-0.07740498931304522,0.08378169664050712,-0.38302588051817926,-0.3607047694778755,0.3477410632472922,-0.4574868121163161,-0.04530883339754102,-0.48729868200091,0.36991681325458986,0.30537013679576136,-0.138711578926807,0.03276723477005604,-0.3028161870353731,-0.29539431819634604,0.08443277252506272,-0.018659417333012605,0.3902004088196683,0.2177275629455747,0.30953721124772643,-0.19783358034444756,0.14392893913362523,-0.09563823260264175,-0.4116389728137316,-0.49233921947632925,0.026771670629411836,-0.1087799206700975,-0.034467388577835906,0.049697392886377506,-0.18538254007762003,0.29387468910360065,0.19487112384966995,0.004535616466042742,-0.4886177585288728,0.14470553244491866,-0.09288998729295266,0.24330702423797898,0.3829782839663293,-0.39169832624929174,-0.15839848524879666,0.1120165764474604,-0.15175166318455305,0.008760635012842544,-0.2131919340305505,-0.4711959011282811,-0.13174699397668735,-0.0322552493664401,-0.312136748148057,0.32125041063088305,0.054400436067273156,0.25781703251303956,-0.025788819331885333,0.07280138486269623,-0.4237402841177595,-0.1875065988889925,-0.4636901181196869,-0.2750772790232165,0.09150036273890479,-0.2973878495432159,-0.06238902167290534,0.1903869785078169,0.34325230084775743,-0.2119646528448557,0.3865043657459349,0.27313345326609434,-0.2257180846374657,0.18436134976347682,-0.28735714778001226,0.2614307963236354,0.49273148744279266,-0.35375858052000114,0.09303930241633958,-0.3363890682587161,0.1907711848791149,0.46205734018144834,-0.44444624124323934,-0.3105674963899217,0.16536355875792716,0.47913137347100426,0.35086648775866164,0.2451703779255203,0.41944299599163787,0.4343036100746725,0.1287576678185282,0.40681739669329714,
0.46261146846044104
-0.1509070061818398,0.47258556290386394,-0.44093798955987973,-0.4287102622440336,0.37969475929174357,-0.190596451463818,-0.328397752604009,-0.15521350080278257,-0.3756985235868884,-0.2896969225173429,0.40155291239718305,0.46685377185305266,0.18385121108856342,-0.007416896044643679,0.1980089217109763,0.3534308140804303,-0.31326372742557207,0.08302377660293785,-0.3984760915344663,-0.5132779905593384,-0.2585341222699637,-0.5099289852973773,-0.1668957190097413,-0.23544279500596596,-0.47236406347854454,-0.18183769596366237,-0.3491563536081966,0.24240541908011184,-0.1506940563697197,0.23975022455171888,0.2267786479174861,0.0038450456673407513,-0.26362716106478534,0.12773511540638482,0.18569651649289579,0.36869440998527453,-0.4702532865557326,0.17690925799341847,0.42912572217526856,0.11131454770714747,-0.16380032288085603,-0.18026860213007126,-0.07320020195116639,-0.48534065642431923,-0.4590308198369376,-0.07843040567462203,0.26035733309813913,-0.3302233955537609,-0.25669699039709626,-0.19019675418788531,0.258761703100008,0.09526679321287415,0.26217745002410175,0.390339664286229,-0.27857651877344375,-0.14569166835642397,0.003814728570893192,-0.27385473043476627,-0.10903355444635407,-0.33657950252147084,-0.4973970939842465,-0.2239594311301907,0.029593940167883817,0.0965643924490091,-0.4625667947078512,0.1211823430058199,0.181606019348561,-0.11953819025712895,-0.15600689935093162,0.4138826712934043,-0.036594009269524476,0.4498637248447501,-0.407032144628821,-0.028109210660757764,0.012374983781534545,0.3856018898515182,-0.5152334538802724,0.41099083841913664,-0.4527185272257329,0.09360797265080747,0.02330346568105715,0.45974476797196706,0.3454322887317115,0.09968697962061115,-0.22547088657604478,0.13243602167993138,0.32556029760740723,-0.3673173037456755,0.18981992311079862,0.24974708179574986,-0.15951686296426196,-0.2522253245977079,-0.12000109069249473,-0.10857075287569948,-0.27014318116522057,0.10199788437032214,0.06267418727330046,-0.2587993075721224,0.16088629285410247,-0.36432240576873953,0.2737464527034058,0.44133472866944357,0.29364504605660513,-0.16367622967714182,0.3333498778306532,0.012877189974097633,-0.15230608247493457,-0.03436946424002399,-0.012844305456608071,0.11715789850657124,-0.28202069951138975,-0.3844216376046501,-0.3941185845586139,0.43523854210855795,-0.1094705613947857,0.22623739493431036,-0.1809873495554484,-0.2758352069248793,0.04225621494582696,-0.25427716670003214,-0.016841220110320312,0.17236824237996726,0.3742102877233833,0.441854084078827,-0.058872295754641646,-0.47871088245814153,0.4239245357003111,-0.0145788142342052,-0.3852811516246337,0.046268294297008065,-0.1699784878637091,0.3165639503094656,-0.4076021919985794,-0.10301690807479744,0.2810489639308511,-0.5213798618706059,0.022430040626719064,-0.5138219457576981,0.17054625369651952,-0.4420986565510232,-0.19728502830967556,-0.41483153114456206,-0.19836572179161518,0.10320584809369307,0.27047615185806295,-0.46442871218604964,0.3369599718391273,-0.08451959104347326,0.3381270372685029,-0.48105625584383105,0.0736158490752922,-0.10410649950453629,0.2960458096616537,0.13948785752419177,0.03769397961510275,-0.2803154103159561,0.30865733149455665,-0.33029581879605907,0.33942295852508064,0.4635059078594085,-0.03286634807720635,0.1848559419679174,0.20737513212444378,-0.044426483909540036,0.13018909530504105,0.4693304541856098,0.12902122170622662,-0.4592021724163826,-0.3161402710970538,0.016461375754467038,0.06494739283934994,0.15716347653080995,-0.2181787828982508,-0.33689737193203717,0.2753400691703759,0.10498160064079984,-0.4102869447839981,0.4012200922724112,-0.1001180690943729,-0.34276235193723037,-0.44989867580176013,-0.3090047419531493,0.06599195206699573,-0.2928890726006833,-0.29087413300285914,0.1634101170187596,-0.034618189810343834,-0.02215772806274511,-0.298457396676972,-0.054989710962127174,0.03518905724231709,-0.06952127927513885,-0.42221540805452984,-0.03648073507373271,0.10748760278344169,0.3966252894915022,-0.22516931990144343,-0.49979640987015184,0.1497642766003949,0.13618541238145773,0.18208394597877484,-0.05663516704229252,0.00898999518510818,-0.02582659345561493,0.4341263695996107,0.1670617822111272,0.39320228473899954,-0.09396619064393394,
-0.12217524138818764
0.2029200630062308,0.19032743126169172,-0.42382544416244566,0.0849357920197003,-0.025089366620792676,0.011161427545326593,-0.14237024006188218,0.38605561855711806,0.4328147516799022,0.10423574751852419,-0.26437125140399526,-0.3258084852567677,0.39930411750266187,-0.0975209751613285,-0.3153478277329768,0.1031679883901104,-0.2887827230852655,-0.08048242952437157,0.050225896808636566,0.2664847986203419,-0.11958434757420239,-0.17608351425040117,-0.3870829185618517,0.29631980443009537,0.24617106848439074,0.21248548557704405,0.24829741247279707,-0.21906881530866454,-0.16638790355288072,-0.19472488023904438,-0.1254797581760237,-0.19458704442380192,-0.34711438441879805,0.05026202439242465,0.3241860850046676,0.3600260227701462,-0.3665495890529068,0.3908164435118909,0.42535481287129745,0.24471693244600035,0.11850066941712792,0.43353847692787456,0.33144003620501655,0.35225400700358017,0.37189417525149543,-0.3157017802617424,0.1805165300944056,-0.054123192208791124,0.18621563121970397,0.42790583586204073,-0.3098920734564567,-0.4705311227844799,-0.012549158994194957,-0.09726165111266213,-0.1139316155075038,-0.15521536622677157,-0.47607335428777225,0.01662760928931809,0.13174421992804,0.27493704578782124,0.34856365038129083,0.2382483463263434,-0.1355879666045392,0.13934295133881036,0.03552036791843252,-0.3589126640556887,-0.039345453797871355,0.10769541225947968,-0.3958406284550328,0.46086412621483336,0.4501869111530387,0.23494699085070692,-0.06325691868845418,-0.057687179558205445,0.3767484687229867,-0.07504869086673624,0.07099323598343035,-0.3024766513676717,-0.034974489809601605,0.4673250613542284,0.12462448502831736,0.2755796989475893,-0.10582703200140572,-0.33974401525555603,0.26618942780407145,0.1520218959381715,0.40135415983332196,0.4313968482939217,-0.4149513189930348,-0.11330279222519352,0.14281936104351242,0.29964937234532624,-0.06699356243026586,-0.23014456331522035,0.2253953250235271,-0.017443858549257837,-0.1888718654947903,-0.1211178029613508,-0.4121399246818353,0.44718236356599855,0.15748383828909374,0.1018526500790781,-0.04047214690800616,0.2267840864641092,0.4550372345414891,0.3491281057946453,-0.047528419376661246,-0.11877747498290381,-0.07637334250706415,-0.12949387853412164,0.4541614365823113,0.0659992656440053,-0.31403845190807717,0.3229743522003345,0.37889935391948654,-0.20704984580512975,-0.2952164322595359,-0.0070928087427574605,0.009281474425235518,0.11505087279737783,-0.023180940692369745,0.36658327980221267,-0.3869784097680788,-0.3515499453380497,-0.061124803855948255,0.06419125206864382,-0.2441794825065368,0.05676105680829058,0.2924095993431343,0.005030106044069213,-0.25243238343882807,-0.13419378276352578,0.4851288274121142,-0.44460073760458146,-0.042987303087943074,-0.2485768915215642,-0.09835118978053456,0.3257129321384738,0.30914735688307854,-0.2513952202897796,0.40997559983342907,0.22966233667098113,0.13988732859996003,-0.3328388444164769,0.2865427365466729,0.39578817844243236,-0.27575196387152884,0.36725225066848893,-0.3002333301326328,-0.4693849466240803,0.21705781674614077,0.4475581524129683,-0.12944046990310643,0.37253843742233844,0.44935446377258986,0.32951473500447787,-0.2520356967992093,-0.05305587502201621,0.008962355172412215,-0.31704192538419945,-0.4609458252156819,0.4355786373412441,0.3003491817841016,-0.3683152928805065,-0.2855354308939623,-0.3930212506289113,-0.1732875326726765,0.20184874054307933,0.17440290330879715,-0.08019315434612481,-0.23365159221879453,0.03178133017376799,0.1047074096914056,-0.3927716596288872,0.02570569760086779,0.44873132637113516,-0.3214967646279722,0.2780058511072096,0.3431305573330143,-0.3638090804713488,0.16623057461668622,-0.1712253948625866,-0.3098412892307349,-0.23511680263736137,0.20529585423617525,-0.24799799000038955,0.17131311979357222,-0.35884654810697053,-0.04967614403218103,0.24542373313058463,-0.1412828504856981,-0.36158031703670673,-0.42403493635184547,-0.1187125416619493,0.5144343363274625,0.4205015618476417,0.13643936135129214,-0.022474968818937475,-0.048701813550471665,0.24006187257944933,0.09947324468700694,0.2280117953698637,-0.13790407609786481,0.4010581582302259,-0.03298530051115316,-0.4046375825258583,0.307322575085004,-0.1889842010377688,
0.346706304262553
-0.12135157855367885,-0.3704226289513187,0.3578787695497537,-0.1767417664725674,0.3907741096918459,-0.07200814444194963,-0.31326825675566844,0.00155474661232316,0.07791506864400634,0.1817618912953582,0.4817507718678424,-0.24431428548790612,-0.13719684683443956,0.29859326397936936,0.2437520354232392,-0.16940529148310046,-0.30238792543327586,0.3922071530151699,0.18070778904487994,-0.3274919343450246,-0.046402602012240196,-0.4314591790391167,0.4421865445316937,-0.0730760393423097,0.30448731394980183,-0.2633617144248803,0.11374701712063169,-0.135518901606134,-0.2679342719840374,0.28806237043936206,-0.4190750457742671,-0.31741536908229034,0.02704797392322293,-0.27739948262997977,0.08576235599716854,0.12703232029415892,0.09840969466178606,-0.40897606638391765,0.05843209900387397,0.34157720520475704,-0.28928210370561475,0.30549430522188376,-0.07261172250072469,-0.32696851397040355,0.127980661893276,-0.472794193528325,-0.2575899442447685,-0.12953469742231355,-0.45664221602023586,0.3056699664324946,0.3098385929810981,-0.34831272701123145,0.3326222471173314,-0.05574060842234964,0.26275855047724717,0.15219787519009748,0.4010479622408409,-0.14349365563290645,-0.21542697107761538,0.4404507956910934,0.04265127100749712,-0.36775857431983944,-0.4442984724861017,-0.34516528228660354,-0.31593070672324847,-0.3389855589215229,-0.14199900241141722,0.4735875532944744,-0.10652308453186492,0.08309216016522676,-0.3290746591612203,-0.43266813776495466,0.07498272668569585,-0.45757182839909877,0.024102190174724772,0.40364670292142996,0.340234021080086,0.2013527000834136,-0.1670800465012921,0.27406796255516525,0.1514994614634136,-0.25666914613408826,-0.06311778835497091,-0.30386481530879267,0.4642872864442213,-0.36201000725466265,0.08490076076032634,0.4065802853914022,0.26259595353172666,-0.22828205448454725,0.16736213135896422,0.006479434917476542,-0.4238166346743261,-0.34251390849615465,0.08171735756276284,-0.054833791392398704,0.29677952036536287,-0.17084811232034286,0.2365078919730163,-0.06306910507761279,0.3689568012923075,-0.3016520335648271,-0.15184475321493635,0.09300683065952993,0.22141117717981135,0.10616573907732825,-0.1344940897377755,0.02107176505949717,-0.3743037053880676,0.03719370521964947,-0.43096318361735925,-0.1045312819694925,-0.4780080296635126,0.4800713338439206,-0.36520885237266837,0.03357687612197417,-0.2647225279292949,0.21657187512463988,-0.272471978517376,-0.1727597020059733,-0.07968125047792056,0.40032853468535107,0.4932338274687027,-0.027111596600556252,-0.47983157649199,0.14666983723725785,0.15805682382522562,-0.18004127768909434,4.159349366197815E-4,-0.003367992331127193,-0.19110887065130971,0.3144592285039067,0.13021425768704697,0.041067642286914605,-0.1697503616257438,0.4529838805600738,-0.37885060759407957,-0.3051288857782178,-0.09726989582581451,0.3822215624700355,0.006306769933748015,-0.40330654433130403,0.43029221946174195,0.27997557497551734,0.24442871188223075,-0.1238799604479172,0.2567279540617315,-0.06406325299058216,0.16784582433862022,0.07813704414927249,0.05612103512720272,0.5139302300161044,-0.44209599029608265,0.3638134922952359,-0.16224395222421545,0.32208279526978495,0.3278983417908777,0.2164772197131361,-0.4071486540499549,-0.45666679930638937,0.02106373633762009,-0.22573480854535483,0.22865386755338662,-0.21406423965998084,-0.4100386151207995,0.0827798251834075,-0.4151513296692934,0.002083164641936757,0.21363954292086523,0.01568442328838164,0.5078992060546792,-0.20749887222204827,-0.26976462751007585,0.3464224774509867,-0.32915079567764266,0.3658446843107362,0.11522456166850671,0.47084765324113115,0.06928062298703842,0.4539515662668813,0.319313937489147,-0.42159812936387403,-0.10146392086577342,0.2974853125022789,-0.3049887049784901,-0.35141881662233415,-0.17702111007485882,0.411227359338235,0.18719643796614577,0.5097806969305083,0.4849772106707371,0.2142532754817434,0.4405553568431095,0.3392109090981353,0.4694630677950172,-0.23254434889585812,-0.014470386923972196,0.405429652168615,-0.1606685471346357,-0.2006477366546035,-0.2955285978976076,-0.440864245817467,-0.2123919874004349,-0.07915529772663714,-0.1490158072105328,-0.03677882590795663,-0.08577113867114954,0.43056942892636335,
0.28582817471268374
-0.198233574783782,0.11275356739598624,0.3775876456686447,0.4077739295766931,0.3808333728402296,0.1861997638852175,-0.26958419437880066,-0.40612550048676,0.47880616718907415,-0.4706698168758326,-0.014295256605946384,-0.30206907121668697,-0.40037902136423986,-0.08301051025198972,-0.1890580650469766,0.1548602307857699,0.36982861205951567,0.2990746757537811,-0.01305498019882814,-0.38147712553878727,-0.3324444473016117,0.3360953434822564,-0.2851210457874734,0.08619907016395921,-0.403449045916547,-0.3805917713628047,-0.06235069161999108,0.02953045458692091,-0.13735513315290138,-0.02915894641703905,0.2600929611752317,-0.09269688524825438,-0.4426360401669958,-0.11998929508740155,-0.47747277066493893,-0.2436226248698956,0.13808437365992196,0.41491429447587086,0.41009999687514537,-0.013182243863319612,-0.4278332254561748,-0.20958441578145753,-0.4245220725831434,-0.06752408103529423,-0.22329113937882267,0.03223035270720464,-0.3800483122088895,0.21766439850371172,0.366326311542952,0.1389856324856848,-0.05468070629521849,0.4795798789643843,0.45580800555714945,0.47293776106292734,-0.07811891596714651,-0.4552140044761778,-0.43707305156080806,0.07365442863689939,0.03876040419387982,-0.2783596854970459,0.1141425644843366,0.04210945580896807,-0.2961011400026538,0.47503902465346565,-0.17344485318153174,0.13682228801332413,0.1432194036389986,0.38341199434359413,0.2871879648829801,0.24808823592406906,0.4119270748092512,-0.05705990941100803,0.37977391617317163,0.4720099345965732,-0.12435578435968078,0.480255873278237,-0.1804246340488515,0.09295398250381812,-0.3549468879784223,0.1624276884800568,-0.05163251923891233,-0.09877858435619494,0.35494547779654256,-0.14818385399591288,0.11456618409556621,-0.077865961698843,0.3670556630143326,0.3434312913697097,0.41758475121792377,-0.1865965724325805,-0.054220539167553546,0.343707651418563,0.33085321677761076,-0.10043714805156548,0.20685879576324667,0.4021535059783576,-0.26546269546510176,0.05540686889304815,-0.3286625600809257,-0.10888035101320251,0.18684479288339678,0.42479714413219655,0.07057066101828521,0.04397213245783604,-0.15809136229242166,0.2668572296069564,-0.35720227808380994,0.008242499192377574,0.28258808349292036,0.05849300573705157,-0.4622372639926153,-0.1521320011054565,-0.32186951937936165,0.3503398338910831,0.10309628266198465,0.4374233069821614,0.09948765105018828,-0.22734909044051604,-0.2353538497472673,0.23128483249353066,-0.4708171037714643,0.018306329492198008,-0.0673272082667692,-0.03804330486195483,0.08797582528760814,-0.40796479792883783,-0.13319876051841928,0.42432774602485474,0.2671738865340573,-0.39189138791500683,-0.2851522223596013,-0.3635827790341502,-0.4967090235420912,-0.056825995321321605,0.004116551849705148,-0.16779394242585804,0.2608552994839934,-0.39343356368233257,-0.2915125349933841,-0.06156040420759868,-0.10048012065072634,0.27734603880050507,-0.35940645068719773,0.4148272531445169,-0.00676914785732015,-0.4245251055556731,0.32561247628008233,-0.4041473381396939,0.44206048449860397,-0.21603943501392048,-0.29832665987718415,-0.037552092986906205,-0.3285873147213368,0.4194582303028553,-0.03839339084323615,0.09307387471066483,0.4486614465500553,0.2607363915980316,-0.3982584562748009,0.39628804900988474,0.3638828682271918,0.1875760130813498,0.27568194931529194,0.11067019348868887,-0.18080550480068563,0.4570867616836452,0.36446775069259735,0.47301517360444917,0.4503157103661026,-0.14991207743886242,0.2692565668957048,0.4019916876772572,0.26431590181322645,0.45711584258809196,0.30863558211492687,-0.4779959255054281,0.41911752903754634,-0.2582163156264075,-0.24009883191926434,-0.1392158126204706,-0.5068264630465179,-0.08136660403417043,0.022119818529848744,0.09427879643720635,0.2978399165192441,-0.38671603262811577,0.09851070434237805,-0.21631276650482228,-0.22968460809398566,0.23459368802205355,-0.4033333003277659,-0.34795682140784795,0.2516226715867614,0.4817188785129582,0.2273573628701519,-0.41847656114781856,-0.4980438883967849,-0.06663502823109028,0.3461336788633968,-0.3222943819846235,0.13482305667111344,-0.27780987187828327,0.4266812611134189,0.4432856283937963,-0.23824232718619925,-0.11576412319921828,0.4808449940863024,-0.16869485403042145,
-0.03691614938836185
0.07184297675124682,0.23642519756662944,-0.26470997430751103,0.17242572412217885,0.1671896857700551,0.47502901027258726,0.37813604980653787,0.3451288905201087,-0.35987380133462044,0.16352277150370498,-0.04815061370177089,-0.22891373943308835,0.39688069524490227,0.02125060672642099,-0.3772321446477004,0.11522449358643029,-0.4240489674472319,0.09045072116460337,0.07890875734393825,-0.1695114034190777,-0.4901503185774522,-0.15782546321243343,0.2876996962648917,-0.5679056723065524,0.21824401255685955,-0.36377714484367124,0.47514421506069077,-0.15257542977642924,-0.06099338078205097,-0.49366049655079236,-0.3523309734281523,0.04110049966228759,-0.03212081259167629,0.09610241814612887,-0.3914568857775377,-0.012930116181146705,0.4213307487963895,-0.4239787372942483,0.3398714351840437,-0.3505387300350158,-0.2335092718253648,0.10588141781460067,0.011351852745059355,-0.1894965388542771,-0.3024171690790416,-0.10827690688469536,-0.44160083138377804,-0.548345942187778,0.4868195200565567,-0.19519072209941393,0.09825062098426009,0.2750090572553652,-0.2033375181465062,-0.25958246083827485,-0.3110325606224035,-0.5275245099678293,0.6729565177578622,0.49803591281858084,0.18387593312530878,-0.029383144694520892,-0.370175870860378,0.22514438483080793,0.408721608645687,0.42548127757867443,
0.075264573598016
0.14528328076068187,0.11718562249020616,-0.1805126677707129,-0.08569624443264845,-0.3166239661471729,0.2912871782503951,-0.4421083047922982,0.5042211745143395,0.1060501906252082,0.33161811512364403,0.4184319588553516,0.09432045401326818,0.40701542899986437,0.2652634461219158,0.35894074683358723,0.3949634022209675,0.3043779899637913,-0.18848337895201814,0.4266263318330799,0.3453576869324843,0.36298218044710295,0.373264430379607,0.4572141166518569,0.07629279793626711,0.4081565320845457,0.5142466173438197,0.3149756204293745,-0.16475416875181528,0.2127120062969204,-0.11998955423037083,-0.28209917212342683,-0.0961355917335391,0.18821978079982418,-0.3047356187884559,-0.35729753776193357,-0.15502294424852098,-0.4765146790247126,-0.4166097520648973,-0.0835057000368887,0.12389322609803693,-0.06850742876068634,0.06222815341288146,0.23559212253882547,-0.32125645978317796,0.2303279427780663,0.18730111553709605,0.195993133618775,-5.235953869236255E-4,-0.29419592311931414,-0.07025081724036336,0.37062224752823275,-0.38290882564857615,0.39636366234892934,0.19101927136382363,-0.40528789433147194,0.39337067790041963,0.006847134706775838,-0.28839564753765967,-0.3966088505486867,0.3718250345074818,0.43374528447930755,-0.33540630662641535,-0.015195749319660844,-0.0381450553619521,
0.49625747211204446
0.2659026110648798,0.20714573663349944,-0.07814644083538275,-0.3904096850414137,-0.47484301049856265,0.24921636381876855,-0.2916550642424272,-0.3454639826925449,-0.17551757832028592,-0.05797363294724141,-0.22124600082602866,0.38040400136165337,0.3273451319746038,-0.4057924190406961,0.28560628536792776,0.07074037842938032,-0.05188849761722491,0.08651864984308195,-0.24711330692508748,-0.029289786976360636,0.1581976725191749,-0.03837937054104247,0.03198572366095085,-0.29114741644303305,-0.12653329183026663,0.026718337127554125,0.47636439872384206,0.06633276465365245,0.4499985908436929,-0.2651794538760325,0.1591601504561358,0.3785034439704779,0.3257644074022786,0.3582707640717094,0.4287551681729574,-0.21537482246556908,0.2500365941072959,-0.045749785787790244,0.3443235920414483,0.03814997600235097,-0.5108411710345826,-0.6794061481252636,-0.16023007885819185,-0.014013129840683296,-0.4400422154117345,-0.4661209986181805,0.2759464485434251,-0.22832658320325272,0.3164996989199274,0.03636958378615718,-0.30882428724600575,0.34213675553214545,0.5097498550330231,0.265748659587397,-0.17783028381253496,0.31133969125445404,0.23965840472079586,-0.2525064526597334,0.42552910869513794,-0.2546682225965543,0.2229300028237683,-0.01542195048107366,0.02391270646927927,-0.1264478408895474,
-0.057612001723265284
-0.4545075622591888,-0.5012888843314285,0.19976311210776787,0.8812022853175183,-0.007197461332139134,-0.18820081916682302,0.9205841423102128,0.5409506165860957,0.008866661286719304,0.3748562097901488,-0.35564224707203035,-0.4131072054515639,-0.2178954547564709,0.06800489361963895,-0.08969572336575335,-0.1312288617816421,0.2795839725846679,-0.09674385413168356,0.16122857991144143,-0.29298116727629536,0.2861415535256371,-0.42179227512536743,1.141346828863557,-0.582290727316501,0.8179626789321938,-0.7643470856744596,0.22495616529856294,0.3616621573105158,-0.20257618177023357,-0.3345280259007544,-0.1445130927354353,-0.7893604478425191,-0.8904424209650927,0.5038560712880504,0.5267870297622541,0.5967137744957312,-0.01719830686932748,0.17063473741873397,-0.02638166316094619,-0.31244536489515085,0.09184117901093602,1.208149914410863,-0.03423345547246613,-0.36857037384287406,-0.18946859259690826,0.37650814208902905,-0.5729155334362253,-0.4199811707661987,-0.10444120439291388,0.2843563272328711,0.021657079366362887,-0.1029431884762084,0.051361558520104884,-0.1460130861155307,-0.1562045800754191,-0.3194736955839336,0.13578790478136543,-0.2792567285236357,0.15785751813122118,0.42999960055221287,-0.04169906372990304,-0.180849489029864,0.19739218335867467,0.04731403435965728,
-0.11084168646218538
-0.21999927184063647,0.3113410242839985,0.48199395551703705,0.0828394310677075,0.00874716273573753,0.34666414680523533,-0.17780340442207332,0.23355416807761836,-0.3831407046499141,0.06147660345006674,-0.3869322484626956,-0.013503686073430528,0.1178053419513774,0.3176845779327618,-0.3849560986681131,0.33130604285684095,-0.406374611273957,-0.07508668540745296,-0.006949043818089663,-0.18400744384690434,-0.40848573488754636,0.2326210463574253,-0.2951013566632156,-0.3280081355672225,0.23661156962727514,-0.37202886980324773,-0.07922435978071429,-0.29192668317061576,-0.39576816846017154,0.15176533463938408,-0.15477053711190497,-0.4006720949745413,-0.2130788839439704,0.32298568029436,-0.016036966925259393,-0.24794948394373184,-0.0633009196484379,0.26670205285110865,0.27381798036237825,0.07789675271597823,0.25092700925050737,0.22407022307459176,-0.29866909201821107,-0.052064232406751274,0.14949115644252395,-0.08430683024388258,-0.22653676461098277,-0.2575909960921364,0.15141458633541952,0.46938650962341216,0.4036871785350842,-0.26867552903125236,0.10929261563401607,-0.34360457549441326,0.2625769775485861,-0.43098323341671047,-0.17397433372760815,-0.024412750462901048,-0.07227529258876249,0.002789260382974236,0.2136060817744759,0.2935316186744231,0.23185945299538552,-0.3497433506086799,
0.07845594740804411
-0.01107294927807865,0.41645635084755334,0.5078927257476596,0.26920204968987416,-0.09234444078794504,-0.326927837832284,-0.023361937890637247,-0.3853847662629793,0.09508156306886552,-0.3374048237655656,-0.2715488567782109,-0.23927580064007878,-0.09748280833936607,-0.054731780153062334,-0.011581715165773112,0.1921523356536231,0.37655332912380396,0.4670936523630533,-0.2310890630626928,0.09401399590778935,0.3438130434874433,-0.17338730968515895,0.5413864104151345,0.09748362037455012,0.28040423494855254,-0.39524171903819233,-0.01209505069940034,0.35027614723290135,0.027566271808463483,0.027547096461498655,0.2502166866760138,-0.4104182626475097,0.14270634991277278,0.27758482579365346,0.4417317779503441,0.3320351680105895,-0.27070793503020796,-0.40391857240031,0.54276831071715,0.529572403844139,-0.006112319612072744,-0.22861321394145365,0.3985824072788633,0.538167414760373,-0.28135643857232556,-0.39560298029735,0.3721565381587363,-0.3487222758922691,0.02682744907603764,0.3321349437326756,-0.3012866664067764,-0.2971982866574633,0.11210380902357411,0.27262671549346473,-0.14869594985856754,0.4761449494872536,0.10721771572507982,-0.2718353562982724,0.37383078031665035,0.1260396219150683,-0.4142070812515496,-0.2646127169677055,0.3532239178619889,0.00676569942677976,
0.5082771844080974
-0.07906136260923075,0.3561688288109367,0.3526241118743781,-0.14101518723901868,-0.04527008364476572,0.033083588909109944,0.17749490831536271,-0.053699837344075026,-0.02933843181862017,0.2420078085916767,0.27108864169040625,-0.06859034472393992,0.31180596836926483,0.4205432072123167,0.1925892539542822,0.14354269585766136,-0.4355377273269204,0.11535699201244748,0.13899379044771917,-0.010898761380130783,-0.08686310363532924,-0.3132919686984879,0.4674986050299598,-0.37068460532418407,-0.3489528090606557,0.029605609998364278,-0.2974393676379482,0.35169698540330746,-0.3902532795152549,-0.21737783500131663,0.3355891867993072,0.3435892651412687,-0.0911090115857149,0.19536474961182126,-0.0029672465799906937,0.3078699898786417,0.35598944733845067,-0.4028763223464989,-0.4369488900633096,-0.3117574394005441,0.2890132939623396,-0.07990885858466,0.002569185487125285,-0.2266587897901659,0.5038153953507254,0.49858265268982865,0.07436479242965853,0.02780490890750997,0.48141827256038866,0.47888922794532773,0.3966235986476601,0.2639678648346066,-0.1558532809979371,0.2965761764130623,0.5482970625331108,0.10433013477807798,0.24627743418972192,0.4016685236067523,0.5282426964484243,0.26462566407430815,-0.2798511809693478,-0.14679937138347499,-0.43699188213687495,-0.16652558463775888,
-0.2610858765594082
-0.5272001037084544,0.019941189782218878,-0.4461400504232187,0.7956245656622098,-0.3676627153599933,0.020917255303240644,0.4601086338549116,0.8297818163823797,0.3506963866043531,-0.29808249982817425,0.28396048752988196,0.19824787388578488,-0.1320270269539964,-0.1524851494204821,0.43120607347488327,-0.34338291013927674,-0.06660381753456526,0.1075720500937427,0.5660411956629299,0.36204860769358743,-0.6732777374572245,-0.1899481771932485,0.26501447397495426,0.015462398405286798,0.38249026879279113,-0.6132683748805186,-0.32918929579837075,-0.12397787858696713,0.021480874979841583,0.14351846261296078,0.03523975083472086,-0.44255415207339255,-0.3828146398723452,0.37064016163267044,-0.26928485727356133,0.5228995837191596,-0.15992593902438726,0.01210166581224384,-0.1713892490189222,0.5136933494850996,0.3067480878265016,0.8698078610006116,0.626352273822621,0.2844239501273792,-0.23068392820310396,0.02254673802564748,-0.45966477322668997,-0.13242694957265908,-0.4733295934162008,-0.38440748549359655,-0.3439998604454131,-0.13164132013727947,-0.1931008492352622,-0.11838638791981541,0.3527470358201086,-0.5145050135890407,0.08266081299214083,-0.18028018642546792,-0.004287036406681558,-0.5239145865381853,0.22341539534896404,0.35085305047174165,-0.09614803291696185,0.23360035751925784,
-0.4527127893173718
-0.14902424801376782,0.46618222267425646,-0.1955279327456128,0.03108447029460237,-0.33010860744671655,-0.16346229491063952,0.28810430753481936,-0.3332744293877251,0.4869774726190485,0.2457890454471433,-0.2972989052775065,-0.17466835116877952,-0.30681106695430416,-0.2784541104747322,0.18016969120992093,0.5844602979551682,0.31043859172597155,0.3214552458637202,-0.2446856909739661,0.3990446984391091,0.5861300792007395,-0.33878950006215,-0.29114862210143944,0.043920162160034325,-0.03368785182610788,0.3612056729278298,-0.0502667264705271,0.4892916956984772,-0.15458254314921516,-0.019993999373355647,0.2972282314946215,-0.24030869443296066,0.4267663028737759,-0.3913944317772833,-0.31556255997735266,-0.4444696407025944,-0.2630080818437066,0.052492344157234055,0.3722866503792238,0.31018627601601456,0.10491985577195974,-0.18406978333036791,0.34350324015890543,0.08805091616431687,0.5210565591096177,0.3146785584244596,0.21840837492033582,0.41570533485830197,0.28175836844196117,-0.027072312861613143,0.003852306729582395,0.17662308111950425,-0.2011975400132558,-0.2394838420459487,-0.15593615277565587,-0.3139634896582073,0.22969941169444807,0.17058593930662025,-0.3626839455603249,-0.05480299191100023,-0.26786966072982665,0.3670545742407751,-0.19218933088530682,0.6031011365876697,
-0.04157138491978279
-0.4882605269017163,0.12081415788489161,0.1048125723452177,0.44824706777559653,0.0710864306361106,0.06204055499954874,1.4103592808114735,0.9535405582570863,-0.25144854564874547,-0.5138372907320177,0.009136900090244341,0.053155185125499445,-0.33187683235985943,0.23258791716892283,0.4390035608614903,0.0811794856780576,-0.11877485822831643,0.3036755320434901,0.27835055858283103,-0.3062260904539941,-0.6207880088131459,-0.6596180886639235,1.377377752220094,-0.6576232226963957,0.32329874200939157,-1.1013243926246334,0.4188193934708937,0.2668078108695073,-0.2769931352666903,-0.0520505583892952,-0.33800827453651744,-0.4581783450479641,-0.838560009587215,-0.3236531412630384,0.042998116255282166,0.031679458922975114,0.1665603900237421,0.2466436550623278,-0.01205357177464415,-0.017296836847757163,-0.1477000869568786,0.981056475113016,0.5961735976422294,-0.4663374509893994,-0.14075277278095014,-0.2768373486260135,-0.5134937969611768,-0.5040254910309677,0.23498553540066613,-0.12064537430616487,-0.008808556214533908,0.06878882560565486,-0.3681104266494229,-1.0029821927260767,0.43475200863788227,-0.4934562270836183,0.3370662435841325,0.13883870665169287,0.7964669806131771,-0.2801289561020778,-0.22118595793084597,0.31314524317403,0.07423868238748364,-0.3803485568795172,
0.27706819129991084
0.4468891886075205,-0.32110357646969706,-0.2616788969542458,-0.1581752106472216,0.014155600918565636,-0.26256582366479964,-0.4036948192585373,0.15798507125002698,0.24171545085360518,-0.06648461568296427,-0.01445725146587792,0.17664617326257548,-0.2969386788021222,-0.053117372783422205,-0.19836789701821403,0.16093276140718515,-0.03305830254984459,0.4699835733948845,-0.5063517212888825,-0.23639011222136713,-0.3224620744246406,-0.34390336213513945,0.22882508753874856,-0.2261052722418137,0.3439422511783158,0.4027992488856347,-0.09353647735166447,0.033069250643208065,-0.09419136496280671,0.5463530394408503,0.04991985106204411,0.3411444160048979,0.5067324944178936,-0.23225250466601802,-0.07590851567816932,0.250482516919075,0.4795062139389171,0.3981695088983528,0.4347416622999117,-0.3091032075675311,-0.19838429027982962,0.1747857330700886,-0.4115070351950675,0.5047457039177299,0.27375747193327654,-0.0655313985604861,-0.02078864074133456,0.44578800906477556,0.2465392203414957,-0.20318260688098919,-0.01684200228143404,0.15702375805966004,0.03376879689435358,0.31667017388499197,0.13355105877956738,0.19680961712400327,-0.1725619760286146,0.017384634612947335,-0.014695633074878822,0.2674470057056452,-0.09198014320730262,0.18266132802754617,0.30755885857849724,0.12540326817126107,
-0.13343965510874037
-0.1853053383741003,0.11455148117345483,-0.1564960327427531,-0.5593108586259292,-0.17714736235999612,0.4373153980664934,-0.10539473512382358,-0.18749803380197821,0.1557880403766695,-0.09424547463273794,0.2929002349765095,-0.46656366557009443,-0.40780573952805144,0.44704693553335983,-0.013437350479538245,0.020952299776632502,0.35817761433976925,-0.15989614840753874,0.12891607821833959,-0.44204371747936955,0.4846707787533067,-0.2312079767216231,-0.15446514176332854,0.16074704528879524,0.1766124618384361,0.6198169159883284,-0.4151550752484994,-0.4262437447429779,0.09454692507471733,-0.16774273663493508,0.3491394155219986,0.11074537401802519,0.004731205265542904,-0.45885850218214713,0.09954497841018287,0.1099685672249225,0.19944708400347033,0.30658535551987215,0.3864673251018604,0.07086437865183781,0.41381993935423184,-0.6146888510248391,-0.4555420967229278,0.14991018841825893,0.3648730866122814,0.23386499132949226,-0.23939202235355014,-0.26846723946571854,-0.21081525581828903,0.29421448070252665,0.3159956757969546,-0.45130345086013823,0.05948500762966755,0.5459961478007479,-0.027059597640304012,0.2886674822963841,0.24949309415708873,-0.3288858656260002,0.12762026371678434,0.20377906762448306,0.21760046574575873,-0.06413523945729017,-0.24924544264934764,0.3003242284795229,
-0.14889989862516986
0.4735431834878633,0.39262730624230424,-0.11990089603808257,-0.6986551517365097,0.15368401437497087,-0.24389440146875555,-1.1355681680108236,0.0533337351270308,0.18484452794179118,0.28330964584779095,-0.4026377831091303,-0.13576961846111432,0.03264253901219569,0.1869357835792921,-0.34507537759148327,-0.10234482984845253,-0.11760144875041632,-0.018061536593573402,-0.4423777502898462,0.2582356223316825,0.3665916212929802,0.2964152426120822,-1.083929356798454,0.08273148686757581,-0.8145289378285877,1.215169816010491,0.1313390722094565,-0.07948719279374956,-0.16106689779304734,-0.05239905455639024,0.5426901407550981,0.7732442511600632,0.5259005068686462,-0.296873831640378,0.1600563204858983,0.26579806930968203,-0.5264251862856636,0.25514339046866014,0.26469226052502437,-0.3145460073245373,-0.44761802782917737,-0.7957220596672202,-0.490054862887778,-0.3190657011290329,-0.26437924911380556,0.326419227975448,0.26944320163552593,0.6409923174383969,-0.3230869771870371,-0.1775221132864715,0.2548232213588404,0.6796985036895518,0.4399155231334737,0.7492086324080397,0.4054959173473806,0.14155724917411047,0.23664004066337097,-0.37739832156343084,-0.49767095678243223,-0.42105195181706423,0.2741579548705059,-0.05470855895659294,-0.3838678139031052,-0.02635124134511298,
-0.13312597175780364
0.4591885779836519,-0.28163870631231674,0.004992803491784617,-0.07839391727613758,0.4684943208236379,0.10026790278102223,0.3575660774885797,0.15430532081076612,-0.06280899638440042,0.4029335834716519,0.3773446191530434,0.4220430610957835,0.4016642343724679,-0.3321183415220439,0.26929463414215715,0.3856271499938502,-0.18836821534077264,-0.29525789843413985,-0.25291134466417164,-0.2107487839148472,-0.006139033832511823,-0.4940426550223509,-0.3874624657410104,-0.05833100578466716,0.46724205863558027,-0.05624891044284209,-0.4386585900569225,-0.36866735670487055,0.29572291524419175,0.37509296342545945,0.11837877830051921,0.03799788227103475,0.19935178987311428,-0.10608866384540823,-0.39043714613137565,-0.15311315605713519,0.40882511390972953,-0.1629801383867949,0.24060423717213814,0.3298318807069331,0.3257623036343973,0.24111670164745652,-0.3777187103163001,0.04677217209159923,0.2669414610160982,-0.27929357141587,-0.18395763168027113,-0.2365626032169349,0.4357212889723481,0.022715132730643454,0.20019581853930432,-0.05448966731103173,-0.33618286588536184,0.1604395011591769,-0.30304957048036096,0.186890635239487,0.16322552130987902,-0.42131029671358355,0.5388111932443573,-0.4835268290165989,0.4590440074690743,0.15376742381270797,0.1388898794649305,0.1160975544787761,
0.28529831667528766
0.29051261411633444,0.07009482916310689,0.43221754442722304,-0.32862548234649197,-0.04422825081334574,-0.05794563538249206,-0.19866980067005457,0.44636709191964674,-0.15399635065372616,-0.03637270622610538,0.3777377321441578,-0.16935400432394243,0.2948292187558441,0.03669153323950219,0.14165193286503477,-0.33615234884274336,-0.24635699846412465,0.4192251455663104,0.1276463189234172,-0.01574970949437887,0.35947419968938155,-0.37202567751903753,-0.38572552487674316,-0.4039428150100344,0.04613785834452116,-0.19154703752733496,0.3193007127059577,-0.4775212455841535,-0.3881927387166322,-0.25236733924012267,0.4769870205378364,0.008885385292519192,0.22400600863237022,-0.05176060120284815,-0.5302487080347185,-0.4862938169989255,0.47904619368519535,0.01799322930817052,-0.20444096648886426,-0.4866736636652821,-0.35382982143844943,0.07103855299192767,-0.024044196334813944,0.4536843936086699,-0.13542055459256164,-0.26031121838913035,0.4132548825229395,-0.277471299138531,0.39759216318748986,-0.14484699912558982,0.46473819873236305,0.29261807519914546,0.11314363201084765,0.368042545851355,-0.2973820399332522,0.004184932694771333,-0.1729289333739364,-0.046406376407921994,-0.06956393449318118,-0.28489823696776373,-0.4155408400806834,0.03521652185581019,0.2523891568863078,0.4499720076716771,
-0.20514532442964717
0.49146488820633427,0.4013918135654845,-0.34562800808609434,-0.05155002717501397,-0.12813703866286072,-0.2432235970511862,0.3562396709829421,0.007890015237877048,0.28822773358129944,-0.3714249389695632,0.23737557869142498,-0.09641373274013296,-0.40874505531686917,-0.18957808301670875,-0.008968326519941137,0.534151456289134,-0.2372765564159088,0.11638460087441665,-0.4337826610870737,0.4587609386879609,-0.2084004374493523,-0.2059302190133572,0.11029753494476655,0.32014820080080153,0.30580769871333613,0.2079150869353006,0.4959348710311036,-0.24099529279776624,0.329397460159138,-0.04889014159113107,-0.2459638010086013,0.3475045125458042,-0.01234642394915354,-0.2531601044124694,-0.08605669893518765,0.1033004412547551,0.134502781301107,-0.32497483170975167,0.08590602383586247,0.18922637057967895,0.10814992941875391,0.0027084088090368603,0.3007262524834932,0.5405727324015714,0.37232290916368027,-0.009177633976573287,-0.43769854883966725,0.0045607613284809135,0.5655233049340991,0.09926323292107081,0.5424760415052367,-0.36858448393526666,-0.17300488546090984,0.34768024574935413,-0.2658574771384119,0.39746623204614734,-0.19756853265099958,0.38927816408207544,0.5000826075431776,0.24950403765186108,-0.41528923245158467,0.25367511149132327,0.3473057081928873,0.02550058039552128,
-0.3571874191035427
-0.2643271431428022,0.15523453688448516,0.14888563607334035,-0.8920839746068507,-0.16781719324082242,-5.237738058164058E-4,-0.7199552566555842,-0.6760868040535358,0.1348349891874007,-0.08291616683368114,0.4877590259780997,0.14655025368815824,-0.057134418231785104,-0.3501086541825362,0.19951544538572435,-0.2505291869380371,0.11555948403919081,0.004804738334798352,0.27416476307086995,0.06374742985630218,0.20247048590826522,-0.08672370558427098,-1.08747512424589,0.485487320808299,-0.5635009186595302,0.7773050340550203,0.2548719343729902,-0.34882159952658276,0.29434182948234894,0.1471551937857136,-0.16984390096654509,0.6460456761719207,0.529115508067178,-0.39553421617286444,0.5061850921367427,-0.453455333531929,-0.23588318493838442,0.4788884151976931,-0.21908146077732385,0.4642562043536454,0.21341625179379708,-0.5994765594733801,-0.6860966957344271,-0.07483068928328611,0.3444342775592683,-0.2972381387981627,-0.2303035234636108,0.4771829281123798,0.4931399355116792,0.5542933382001107,-0.37944555310722533,-0.20840128684141432,0.676172170216394,0.887653757135712,-0.13848911032727726,0.5331611994470428,-0.5840112393067264,0.1900547551356533,-0.5653266777552384,-0.3447973819737973,0.1686743889202122,0.1746641045092345,-0.1842155017309013,-0.37895716143175573,
0.4615655168603122
-0.3717217971141762,0.39685763021857756,-0.16869189978885485,-0.14085200540652745,0.3881492295332694,0.24933277524031827,-0.4921466517195111,-0.775516379294264,0.38032705606938627,-0.2411790750992196,0.43335982197811834,-0.2284828083704433,-0.34066293774628353,0.49668932668545707,-0.16466248237169098,0.34717200936634496,0.2853412863372593,-0.06797519635812538,0.14330213926584856,-0.38042503094337626,0.6601821868840282,0.10489691551461693,-0.9602089253198302,0.5611791166790882,-0.5393284390791433,0.9281195072162542,-0.4391040101462058,0.052650150802319384,-0.3728515212691436,0.3224592721009507,0.5485506899413493,0.7191943359358667,0.46697301351523113,-0.15179089823883155,-0.17622239963886976,-0.174518904538758,0.021805819516213774,0.3963139022989476,0.14876991584855476,-0.09194736896253757,0.2574068971675399,-0.7923778600006424,-0.6788895335847511,-0.33116202675907175,-0.13869377500233065,-0.39974728605370097,-0.14745212870874533,-0.32728467999370187,-0.3454986753348712,0.35140754527972085,0.5131393530067335,-0.044770819324283784,-0.14482958685450745,0.2755938185117521,-0.3918789935386411,0.7398150519269817,-0.6883794980604548,0.2663005211273928,-0.16831904537007783,-0.17686018862900912,-0.07000032131531952,0.048233632000658465,-0.07135379970468846,0.17578452580004789,
0.5021580162216087
0.2055039121041832,-0.12607255066932174,0.306196971766352,0.06883201932285103,-0.31161028406236635,0.4768051764829132,-0.11615476841313523,-0.12440112110916879,-0.208677060737901,-0.29316435070684366,-0.21433270283212935,0.3151226648089798,-0.3044033312530851,0.006740756005979779,0.274117343625583,-0.3823760421059875,-0.3971240060319608,0.3445971313159568,0.08983647646746121,-0.08327610621380921,-0.26042893106989173,-0.3288436084020548,0.2690458299800141,-0.36877542249185513,0.31495566822782933,-0.8036857302932179,-0.3365486398059481,0.30937508440917877,-0.3690436391855991,0.19352057978436743,-0.46519761440834306,-0.5825246744239012,-0.6774231180199597,-0.0031730393685154615,0.13611238507723936,-0.3360617933149596,0.4228460261203887,-0.4270555794425434,0.17783840473836923,0.25258580923262275,-0.08878973295370599,0.524716335427761,0.48361197814683216,0.4249734148919428,0.44505438738199604,-0.046734942106214546,-0.36455083001962146,0.2618877320898361,0.3269704115610917,0.3794193849158219,0.40066858565599867,-0.31417546381702144,-0.03908919601971962,-0.02562542910776477,-0.3764128124755255,-0.6217674009871782,-0.31318355625068756,0.30320922615284396,0.5530571325470112,0.22645380153585445,0.3240516667737628,0.44041870977165065,0.39324492829264934,-0.3633159967027787,
-0.18338162495470434
-0.1292394529049889,0.14594747636910857,0.004349751594319818,0.6779543514419235,0.022398842392326788,-0.27483273003605563,0.1477434185244845,0.14621743588418035,0.0810928121555729,-0.3469072281493794,-0.4256308357881046,0.01094828984425148,0.3112906223686582,-0.3252289824997593,-0.2795442130013449,0.48564423375731464,0.03161425391850717,0.4436349725031985,-0.055156981626075505,-0.525929381071722,-0.691541762171942,-0.421698382929112,0.7414648752224554,-0.7430819222184718,0.49963757685172155,-1.012663437979836,-0.3175962669241528,0.03369996289044136,-0.3855048482045449,0.20008400980436508,0.23348873867238468,0.008667863592733771,0.06999186763939771,0.23079473418393284,0.09028686779039945,-0.11168548585214959,-0.2735737097452801,0.08058088552784615,-0.08711813697783771,-0.4243499870623852,0.48563239136298536,0.8561374930869121,0.5774277536711518,0.20724378752772407,-0.02265605293960646,0.4177507760999571,-0.12856742852684352,-0.49329501564284295,0.05295769254880736,-0.1466791192623179,0.1839319935199374,-0.3015931944048504,-0.6365157848482368,0.11519660114476181,-0.20260064606822042,-0.06063751660723012,0.6950980433323839,-0.2022116311333815,0.46207263219280403,0.029306354440736954,0.09540786769734445,0.3831226464479229,-0.10913486981589873,-0.10052330151234072,
-0.2822744507013993
-0.16584542241840286,0.4347784217117328,-0.3105379165965729,-0.7085427115742366,-0.26783355348604987,-0.32140558724538193,-0.9892426204990794,-0.5791866655408844,-0.23728238143579888,0.1362783556388545,0.04234544991682213,0.4525357757030824,0.4794138426985578,0.5310698273456939,0.42024053578585063,0.08502013812060177,-0.0319652373985126,0.1352758299114122,-0.28579958781313614,0.268445683862715,0.19664807495330522,0.6471688794459824,-0.3606847186288555,0.7252065304391416,-0.31388470486700865,0.9657892760323746,-0.4265414592850122,0.23113745300075778,0.037685015573428716,-0.13072209356374603,0.14780946446831286,0.5514343964261917,-0.06805385957911386,-0.2617502701847231,0.05098267399849005,-0.4745502713724279,-0.42238976999941985,0.4520878683024484,-0.35261576645739623,-0.07890684484661963,-0.10574483172193053,-0.8616816057782491,0.3029426985881586,0.0881805911987384,-0.08788452895349548,-0.30792910360243836,-0.12852909150498643,0.037416302000940364,0.04847801434273837,0.0496543800546193,-0.10782059505666139,0.3659288173243101,0.12618279063432697,0.377070120713516,-0.05755618849799869,-0.024849939230756575,-0.47980691585227575,0.3196171344666834,-0.46165972844886205,0.2559708465222542,-0.5119698111959278,-0.29574697506283915,0.3481794238750058,-0.25829540603332823,
-0.1964701739944142
-0.47996584522152513,0.38793969027875214,-0.1431704175400434,-0.34424679918851836,-0.18239671604113433,0.4199928194102818,0.23283119373015757,0.3902706527931836,0.3896900567276118,0.021549610927433613,-0.13799999058582918,-0.05294503794468079,-0.20544107363949352,0.4460508064581304,0.41696960233238695,0.10642485170912779,-0.088462084493475,-0.3790375128555594,0.4514840561727524,0.3381688863968278,-0.32202209274974897,-0.1649591742832077,0.18617487170830965,0.19840139153823697,-0.18926931010654321,-0.2696985910598867,0.11585897550697764,-0.09281510080361366,0.4956845220194032,-0.2002182103053395,-0.45369753393996803,0.1756847660942242,0.3214889084935655,0.2820502810707912,-0.4763825616791075,-0.31598148743340165,0.2590591560701108,0.41951846954960625,0.28086257829390887,0.43812093098739646,0.37454855983342633,-0.040633428960478564,-0.42662878361087275,0.13936704631217992,0.4243793632516407,0.31029539755642105,0.4627219777383241,-0.071653514275994,0.32384794894702146,0.41718088235826545,-0.040573922470509,0.09447414542046344,-0.2729888621438251,-0.4556556528770934,0.09691506022101448,0.08011032330608783,-0.1595844438267269,0.24527008909176654,-0.2790198689159413,-0.47654989850324314,0.4407582603030488,0.33314626141351583,-0.1893005732055294,0.4470358337306932,
0.2248013063252
-0.17305461806072225,0.5620513168993618,0.4759214250787909,0.1003055179101244,-0.33826832891266945,0.010826675229907315,-0.6821319433093885,-0.34221849332825444,0.13258367056989573,-0.22716179393335112,-0.06454713171504703,-0.006722075870221184,0.28013799133698636,0.37827295925327303,0.07667093118864621,-0.34339861629400986,0.216010254744026,-0.023848609439261852,0.30430889761091423,-0.4015417746787942,0.028453181089951953,0.3579044754350705,-0.6023672547845134,0.35555074996828906,-0.0423939754218075,-0.11638612693508493,-0.41568792880641775,-0.4391488931901811,0.42662409269785967,0.4106042924190753,-0.07827002105867126,-0.3237182391380202,0.6017689003734139,0.16551889032397138,-0.4445023720207786,0.4253900409987467,-0.09760280836813914,0.23148217635037094,0.25350103095448917,0.20964185460562051,0.0830173165679613,-0.13057131280324774,0.09921386876018135,0.14363655030953235,-0.11325559218417663,-0.14182350046119066,0.5505616428573634,0.019443457151080146,0.25496424685704294,-0.43936764354768093,0.05468261525156243,0.4774161449872905,0.3611639208944923,-0.13568325483340707,0.04851088589948623,0.26452106565501887,-0.40547626434637063,-0.3864396288296046,-0.4431277441717027,-0.33519117106342233,-0.31692691332350514,-0.18995383374834932,0.37848508787202945,0.21503731142266916,
-0.4172065300927096
-0.4031317560833257,-0.5150066561164178,-0.4109712444152681,0.41910964740999973,0.27991853725313437,-0.17869488564291647,0.3025377718986823,0.15434910048951977,-0.3447906523185561,-0.15121626025779333,0.1808028364264066,-0.504820785890328,-0.49461824624393047,-0.37157375771695594,-0.4881001913077722,0.049762362008251224,0.4382887263029743,-0.047216622631967416,0.3131824154165568,-0.03376678900433012,0.26422980395264895,-0.10349050859475266,0.5278471138821249,0.16255264007922782,0.04504479907025142,-0.12883087070044733,-0.3064098925004583,0.06965063795217212,0.12748540852075727,0.01874808205803985,0.22630792077229703,0.0835405948245987,-0.08968884431018952,0.23362449310406214,0.20956170302418428,-0.12801537816347522,0.02816487519142733,-0.27448901878263693,-0.2847400340287657,-0.26023014467032646,0.025082202988020875,0.0717691696796858,0.30800693197851114,0.22081121825496844,0.02292667520593643,-0.2486991548896849,0.2628970185844481,-0.01670436954560142,-0.21641758629840607,0.2923437420790224,0.04514350331324211,0.2662219311032733,-0.02623393374974005,0.06548571004331628,0.31779075380021043,-0.02906297689254507,0.06870819348716112,-0.24421409452390694,-0.3071585377555906,0.06159764378355292,-0.07557609461111804,0.34312794943227337,0.40327529252260297,-0.42480843990599254,
0.4372302251271057
-0.24102713604926693,-0.23396417151508564,-0.4396901631832026,-0.1384209209548756,0.1714607174103458,0.37506795714435387,-0.29556795429868615,0.36735572727031623,0.19408057123304503,0.007228756884772484,0.10743513233562967,0.17070813340881483,-0.2730179043966166,0.4088759253886595,0.31798631577896413,0.07310551076444802,-0.22790889112878435,0.30948174505371817,-0.45053511841389626,0.31436410351839,0.2817111483721764,0.44559188434883923,-0.05352817519691851,-0.0548037862771068,-0.44299880883499587,-0.08755001521704138,-0.09387908184666306,-0.31502685787265544,0.15943987862954145,-0.1397747677252178,-0.38693884364094,-0.18669647762460326,0.17743206796384864,-0.11538212223267474,0.41130865165786623,0.24992695627206138,0.1734507370871933,-0.4177883342173771,-0.3825033336310028,0.12323081621531047,-0.40952693364757964,0.3707349032350701,-0.0029391088405615017,-0.3237999073464973,-0.38392565792265687,-0.08893164452820779,-0.4280774389075456,0.5617131838401341,0.02544969681725312,-0.08549897318526505,0.3258690106814681,0.07188539105683607,-0.024831342713668585,-0.2894269508392935,0.12409852479291694,-0.27657341734539165,0.03036140068256613,0.3578708405592847,-0.33894641786815105,0.3616664099290701,-0.1547176146321533,-0.14364486809419988,-0.19883628468540035,-0.036135913987463936,
0.31452077743833423
-0.3813759717516977,-0.154070814358593,-0.44026421588236303,-0.451877709084661,0.18042423515549608,0.14486452719838083,0.06854394261520076,0.19741245696869386,0.3739148415212525,0.3276382003304044,0.1904714885160616,-0.23883815751155163,-0.06314783582282565,-0.17636227968575277,0.1722681627836999,-0.4388838596670699,0.3077185673405107,-0.08530127936393174,0.13471028708172553,0.14333584492305756,0.2554412231122502,0.12211267430894175,-0.35533153010477586,0.25228693338709424,-0.005819329647689526,0.11183329102414431,-0.40728225584987454,-0.27800404628018666,-0.06406155395897672,-0.07519006960809872,0.14977564848633293,0.41408431279404223,0.3124207464792992,-0.02057801371388178,-0.25329297034637144,-0.26822932231387303,-0.39475910178941853,0.22646537399842678,0.18122054255612344,-0.1912613724446973,-0.07278601269308799,-0.2399652361322072,-0.4402589134240276,0.17737070352680978,0.07878483118677145,-0.39950696807635294,0.057508893414644664,0.5402859548707656,-0.04839531996301168,-0.27087515634501796,0.5225181906584897,0.44393193505955303,-0.3112956180255077,0.4707186562862192,-0.3245849177612645,-0.0359861622750005,-0.36951215435370416,0.3143194589968432,0.39419356774823516,-0.4326941543650751,-0.42215946841401825,0.06276823950082099,-0.23288571987587448,0.43908947897652834,
-0.34715307211032886
0.058860684588904914,-0.35922718573529144,-0.27002137318310393,-0.0028411470710446155,-0.05878832383577167,-0.19757417707973407,-0.6004371897934133,-0.3694244648289383,-0.1898099547219842,0.11943843281805487,0.05666036363775031,-0.08175180453579718,-0.2887151543537144,-0.13380554759097046,0.5497436275431389,-0.2831835350607567,-0.1964863510991092,-0.3898250234631196,-0.3418412468530798,0.5258915898911684,0.3266795161901506,0.40077697779372445,0.2300391096804347,0.06270241385284937,-0.627339169903238,0.04799699917649729,0.10629610082572126,-0.2620988381226551,-0.09849526632999488,0.016291653321162395,-0.2735705338313047,0.13752651124974896,0.5896604363107307,0.20537043563713994,0.30890609856562046,-0.5217061326650374,-0.3341931300301783,-0.2138991169207292,-0.26822974047939674,0.5446411668519735,-0.2398216501821104,-0.38062493790070423,0.17567098418997662,0.5130402811989513,0.4374056331502738,-0.1250340163521504,-0.41991185795533487,-0.33191765678526963,0.0773013358039503,-0.3158632694562998,-0.16419394054373757,-0.06751934788353667,0.15519865506627253,-0.09217337983381838,-0.08823044540704865,0.35667476615614485,-0.3258687652483326,0.24905896717997103,-0.3496427381357955,-0.4117872247472046,0.18898071518451778,0.5125794836674218,0.00517052700698694,0.5433186528495413,
0.4366168146695382
-0.2459844716353301,-0.28389339332664465,-0.30690218568410127,0.2580854411868039,-0.12840988013230362,-0.13851080922911954,0.7904224065330897,-0.12369328703019998,0.3011012907168635,-0.5212151218448556,0.4211386812073971,-0.17858762193450153,-0.3423408012944268,-0.037774022484093873,-0.21633910995456124,0.597829667475856,0.3134645260169601,-0.3919084325855281,0.1313003969153758,0.383825830169202,-0.31322643701629843,0.27616893651059604,0.7993034636136352,-0.6222732299025411,-0.1606376098795879,-0.6924559295315804,-0.44850379251773825,0.37554172614341086,-0.39180353436299065,-0.45810381550675683,-0.4624256681790886,-0.2906678587158622,0.00317561413484354,-0.056517633255131386,0.003725982372011159,0.16212190899636947,0.03660419533528947,0.35246270739022556,0.21846804709095288,-0.13831834443607702,-0.2712027756052196,0.8609456926612638,0.17825247071921374,0.33476973746489264,0.2808731179692323,0.14534661943051513,-0.5010197499146207,0.39107592681797926,-0.06923278343347747,-0.0905503404521945,0.5515758097487272,-0.42260605375242855,0.29355902759318797,-0.5392788524947804,0.38774355203871896,0.3062929269824455,0.4852042359292713,-0.18766300631390168,-0.09872459883961612,-0.4470218846040951,0.36646184962875633,-0.011526732674697868,0.22293107861640776,-0.27666292330764597,
-0.1932227754327348
0.22622026041340526,-0.010583570334958655,0.47448949281439556,0.7744246696251059,-0.4214747658250513,-0.011602813631411461,0.5706746495464611,0.8245595267408582,0.2579031428044823,-0.466539747053301,0.07771531963395095,0.18080318961513508,0.16671277690002478,0.291842298822654,0.030879944923507666,0.24442316640283754,0.005713223976064117,-0.4305125597683165,-0.18917046938341708,-0.040142485156822026,-0.5406735896163354,-0.2841859707589948,0.9964564012478495,-0.5976251062293368,0.6096303999259854,-0.38502412894547905,-0.4528007945435068,-0.08778433388587187,0.35562150261119696,-0.48102574991046204,0.08473116101121127,-0.2586098481661324,-0.6939321915149601,-0.4407688958154254,0.47368369791239684,-0.3941488156413495,-0.022020686804193085,0.43657401184025185,0.08178496590410599,-0.21869573901478842,-0.377062926252625,0.49403322855847026,0.018111242656512472,0.1517514087506794,0.097146907127124,0.17883032332062074,-0.10234414465963262,0.30579787232125416,-0.30206518332359655,0.4821555683519166,0.3492677421561496,0.27379396033640563,-0.15324811244642264,-0.4466090796334078,-0.2340118807862698,-0.6535281744275858,-0.12818849191241455,-0.35187741681025353,0.27902875190904936,-0.2134305847268609,-0.35669913307077955,-0.2992469831603998,0.33930588224308617,-0.3812051319043456,
-0.17248773445866927
0.27938336909152245,0.4182507548364958,-0.18955972826725406,0.4648024040618764,0.49585459749319916,0.18505689838241218,0.0217278842173203,-0.40644522319860515,-0.16061602799904515,0.45645477432381776,-0.4579853615067218,0.09448448878478277,0.0845865930734209,0.10034285614670858,0.08321382054255833,-0.28700651995892373,0.276088603273436,0.18200569616429202,-0.22041848505831593,0.49676535750612916,0.5828098330540925,0.2821436575634802,0.1585183101588924,0.2366905570657159,0.05792382584267466,0.34993144660401004,-0.2663529276901394,-0.060275429014434376,0.31355697961380113,0.2904273564215319,-0.3345048713992711,0.16244090885295892,-0.284007096968081,0.39989737713875073,-0.2556835922912792,-0.23611351040109085,-0.10433710452233029,0.16970439954712635,0.18334524003806574,-0.29957362216479544,0.08526675259238632,-0.12318077602166433,0.01856010423858931,0.1387140352775184,-0.15880250090914874,-0.1660469731277187,-0.4247083703767598,-0.2643437259501759,0.03252006927429907,-0.11944738425880722,-0.22237272641322953,-0.16925200980038993,-0.44882793545358673,-0.25996989141952503,0.12727044308704316,-0.28544107703731103,0.09588515211652344,0.35266217991036564,-0.10859238715056095,0.15736909043774577,0.5132633926030502,0.5136769731782235,0.39949095327522105,0.2638343235779125,
-0.06450173230920475
-0.16057609620884414,-0.05673224022318085,0.43202391334842255,0.26563388633216367,0.270582697243909,-0.28687558502198796,-0.15447145364167456,0.04197179439679315,-0.3811493039833653,0.04735430558114825,0.4923936164220269,-0.3280638393732967,-0.3955271084990154,0.0767040045740111,-0.3141569272574702,-0.011305485748058817,0.21357864418647496,0.25987805604917985,-0.20838349913222687,0.4632611940339202,-0.4740417780332799,-0.08854861244744947,-0.09523690631671933,0.11865120978470886,-0.24261689864227998,0.41714586530419095,0.0687634770413614,0.36289547381333015,0.22710535059499123,-0.24956490060497044,0.43128121276606934,0.4212907066481239,0.473748985367271,-0.07439016128167679,0.3505281614249058,0.02670909334198292,-0.4604371970803547,0.4295308508705802,-0.03130568203382037,-0.46439763493560965,0.48221093470118764,0.15655582113426506,0.42048127202048824,-0.14079651191927384,0.4865743550510999,-0.3099772677235457,-0.16389142583020572,0.0743119226968929,0.33629441518956055,0.006114303472306244,-0.22270829933373826,-0.09945862082298206,0.3109638861698509,-0.259496903772991,-0.35430040507671523,-0.12776542042767505,0.42243008987570896,-0.253278452545963,0.4370655100577853,-0.30534458311656765,-0.3293959879169402,0.24783471797639103,-0.4659465684042612,-0.0026160954040471136,
0.4416224843676502
-0.505237616955098,-0.5419621044739926,-0.3216713436403584,0.5011313828773627,-0.1343845294571862,-0.04735014417553845,0.5992811094732008,0.2137743973676751,0.1620205679402803,-0.12048555934774798,0.41772472825963813,-0.14308348017492697,0.4018292233848216,0.4686594604592098,-0.2650397547676431,-0.19159840480319099,0.2848409436866753,0.38936698661897395,-0.18298767738987481,-0.44552768637735835,-0.2919462721395487,-0.26319389750655303,1.0504633717095921,0.16392197607033487,0.005449651495001431,-0.1036063441102666,-0.23806334861235423,-0.14430644688662464,-0.3118295158289908,-0.13141881858142884,-0.3413302107066971,-0.5231166910437597,-0.5285465340028697,0.4145913017322974,0.4341569044561175,0.421089590503388,0.47932796521050514,-0.12552013137726908,-0.2745459322677042,0.22928818357078007,0.5285773199261581,0.9851875137218175,-0.212849950858432,0.1710817154359985,0.05571462005799451,-0.4144921555460238,-0.04159202688003809,-0.06294169729017711,0.12705357025901232,-0.4007206503995192,-0.025706894234454616,-0.6014450796341367,-0.0567842764499689,-0.46493959783730043,-0.3799105700785329,-0.5642251054958615,0.37710528322367404,0.29391992177873005,0.40359443315224197,-0.10937279655596967,0.2852924237554224,-0.032413460991909504,0.45140048498685215,-0.06172670837404186,
-0.3441221309567062
0.32691182229341265,0.19653311475779942,0.29358183427093326,-0.28735086723609315,-0.25133938277816575,-0.14510583070244262,0.10536449045722561,0.23509800643718334,-0.1462244613959053,0.07573352884245889,0.3058413528870597,-0.24547129461095987,0.33524711243805716,-0.34386832432600084,0.06458359081160632,0.44585259968144436,0.4701699243079927,-0.033763038581376366,0.24686494285046864,0.23758040232441954,0.47231169775455084,0.04187343303767114,0.327501862615242,0.02932902460303712,0.3522368081732672,-0.25317532585224534,-0.20458791545007649,0.3314744422230296,0.050642683958046386,0.44302408089328404,0.2422085882373881,-0.4449823724509272,-0.15432214520932153,-0.34981261236109457,-0.3830557014126286,-0.10495450765053864,0.1231212202609642,0.24035103143092648,-0.04060132512000505,0.0043819212230607795,0.23961290560810564,-0.2844951968034766,-0.46234540237207117,0.41306872901932884,-0.13768754184776902,-0.36450900280431364,-0.4907379967046916,-0.18957267075984083,0.4211498315967148,0.2759487267606334,0.10752284956282578,0.27330426888066767,0.14266405296450035,0.46718241450084536,0.5096807882820941,0.4855101654697885,0.2684878740709787,-0.03769951308997682,0.04898275577676491,-0.20416975618758743,0.21775917323180122,-0.25157452038721606,-0.3165585758326119,0.3348012375472939,
-0.4060512818598692
0.4072979440752379,-0.723540732426984,-0.4687187583022375,0.8170683140838267,-0.4582951154421609,-0.36659288597296724,0.9180806476252502,0.8609387668353935,0.3339045512255647,-0.616109050214761,0.40945839620154084,-0.4711511136005845,0.2921404991551052,-0.36395959905584224,0.2903405927632166,0.2717973374546487,0.18810339469108822,0.2755318850840921,-0.2009898677126959,0.011333505845051215,-0.7399051097005507,-0.15716868491780758,0.862333997746657,-0.10234126686473048,0.7511530405483454,-1.1403456150772,0.14777725065589276,-0.24482780593512127,0.21231187200938104,-0.32647370013456506,-0.2764451713739097,-0.5540637729255311,-0.3648163260303945,0.059853485500706724,0.43576366127276767,-0.28904101126517767,0.12294815517201475,-0.13400848322226058,-0.27501527882542093,-0.26913780136763404,0.32659872175567567,0.24957488036601883,0.1410925351522654,0.09475191647499046,0.009484498689759034,0.105507488563158,-0.5235202692083832,0.040008912893596725,0.13546253985784737,-0.1491213785642649,0.304151235212134,-0.44746957933787934,-0.4276887413565555,-0.8201882606671085,0.018767226991553917,-0.39888829740776544,0.6762054068265596,0.16987779159530028,-0.08923446402065106,-0.13592080920508262,-0.3337230967796009,0.1440965873450259,-0.0660980581145547,-0.3265036480381133,
0.03539759930619386
-0.4429779289932497,-0.020663072713175818,0.49838803094348616,0.8066696250801662,-0.03505310915935161,-0.3767056392079402,0.8543905554883106,0.7524214344697682,-0.3790269672701896,-0.12740399406405545,-0.41270090960705,-0.49604765337029194,0.22427874159517233,0.18140369896517886,-0.40026707373157766,0.583124701228081,-0.09503746392844459,0.08475918952124238,0.5134072122308216,0.10815186679777654,-0.47436098761796297,-0.05916978188018296,1.0910093154576512,-0.6635913643949417,0.5362158997428167,-0.8947839063089195,-0.09593402806960148,0.5328854227347635,0.12726488851668546,-0.4512109198495715,-0.4047705634846805,-0.6088209911129289,-0.8612350532693321,0.28688985965047165,-0.0742229639131098,0.3581081172346677,-0.206760937754697,-0.07679252250275932,-0.11174959720312631,0.6092616064116357,0.2893788430892433,0.7111575322702618,-0.11297971487099193,-0.28366847211393004,0.1292334735207962,-0.1850168376934174,-0.2699438823859525,0.26118820760186773,-0.2359154218090101,-0.27307899892639126,-0.1264489611976117,-0.4603120795432532,0.09292969071315309,-0.8706676060229923,-0.16448635639619633,-0.5326183522333822,0.009815252205815405,-0.036411854197890496,-0.10059939122976781,-0.09948901352347962,-0.2692550313145413,0.5383205249459608,0.47862430698341096,-0.10812435381674666,
0.36589688012592725
0.08842378255750974,-0.0851267244609752,-0.17262989780616594,0.3904618478016839,0.1074655305616041,-0.2649773369452798,0.244253146139971,-0.36062886472197014,-0.1407355820111644,-0.051177549242039724,-0.28417226413059105,-0.1001513963444849,-0.20244867516290693,0.20073688817708704,-0.4123554569793375,0.4383862330155373,-0.16905063580980384,-0.1570120815600161,0.13956816614880874,-0.02011898500606851,-0.43667340242319336,-0.2914464774827933,0.09593263899193857,0.21563045507796716,-0.08233201484624071,0.37033242472301037,-0.16013330881367627,-0.4564361612980586,0.3660937926019364,-0.2530950718510139,-0.23076384612772025,0.5211058852621216,-0.14720930603014767,0.2794694466461933,-0.376171435181474,-0.49633951526060555,-0.20814915504520598,0.4768103035722256,0.49745476964692387,-0.4533186007623625,-0.20360542905945378,-0.22285987452061315,0.05881790998645549,0.38441991945294174,-0.3401926535083797,0.020827540307466544,-0.2795902544038016,0.3841922171922605,0.26648922054076046,-0.29029565991193135,0.2620975696337122,-0.07381050225656982,0.2416522829093175,0.14971163857572775,-0.05578092384261788,-0.04555738819418031,0.0895913078613069,0.4696591866318628,-0.1978582317752793,-0.26111235901897695,0.28412460822779817,-0.4105753545361119,0.08338476540094106,0.3689319507533527,
-0.4307311813388909
-0.04847634728323607,0.6284157278366885,-4.551146270553328E-4,-0.10233567770194622,-0.33291499741446995,-0.3393766431434067,-0.9853465456946195,-0.6711739026766003,0.2736335514935568,0.2009714719497523,0.30969162414215023,-0.11552203170743705,-0.2091819277599467,0.3627117886456344,-0.3110213247973385,-0.46456628624756546,0.4569821559419437,0.26762607097826935,0.11455551815258834,0.23957087419358228,-0.09255916833027676,-0.030402406183512382,-0.7123372174224468,0.19677285240470416,-0.5373443691577278,1.0387668408016812,-0.02225968120068326,-0.25072064917114767,-0.3135474990580964,-0.02664569374944112,-0.2010881877005937,0.023977887477048404,0.6575077471100522,-0.34575715788390987,0.14465584022430716,-0.6043484573150071,0.4407498544199577,-0.10061016987059425,-0.37789309950372074,0.49941844346235426,0.16246500984558943,-0.15101077032306887,-0.6635616332793453,-0.011992689363595137,0.13012125480147707,0.03571333439957766,-0.15044339744872437,-0.07683420220447988,-0.19220311997831205,0.08439109940202684,0.2956298451121795,0.3846283209363165,0.7571121026121056,0.7797153713058014,-0.208550775897313,0.16420739648568758,-0.39535917275087007,0.049083461720495186,-0.2938668037539938,0.3012744376154753,0.10339201937628308,0.18140424924691076,0.48375001455524347,-0.1661203934722991,
-0.1859921512807925
-0.29234601227955653,-0.12365930162826978,-0.4027087911633099,-0.29982309723226935,-0.23092674927160142,0.2036035068442793,0.28352430171407883,0.33792363917930596,0.31998960101400115,0.17134867679156401,-0.3783864114764061,-0.4750833265764237,0.2557060345872232,0.3328533873282636,0.08388746372382726,-0.24263181729613795,-0.21472749835147245,0.41498132521755304,-0.11779099966328925,0.32409814693968064,-0.32296175943563704,0.23618427409615206,-0.3592395501490157,-0.3198491530760504,0.41679503074042545,-0.32326845733586684,-0.05062743426488124,0.0963207086039774,0.33898967816137066,0.1403422783384306,0.45819654377136876,0.12546021666172716,0.4691283532968774,0.3850243443719101,0.21796989850581505,-0.3233133861199468,0.1661193127231879,-0.3239834205704522,0.5033371762858502,-0.23172562163674026,-0.4749643726177132,0.2200661356490338,-0.07078886624620391,-0.3016006333727302,-0.21855780418506202,-0.1236696808289046,0.08525138227377435,-0.17801816653857724,-0.39850327600787394,0.4840983111060009,0.45963575409276985,0.3594818533704861,-0.12453662440505134,0.3419958474857972,0.15201683980022865,-0.1843321284388542,0.034935298165819174,0.2465040988161846,0.2367310063611717,0.31128731123928544,0.1956008152673374,0.30644836952663157,-0.3923358360363234,-0.27943311021232825,
0.18143115520960304
0.14639176255921277,0.1210830727472142,0.2850417298032501,0.13775220584236836,0.16270994446946313,0.34813852429740055,0.14184385896300272,0.12666639940466531,-0.1209459860127978,0.5367269361823246,0.03464747335072504,-0.14560072632043083,-0.023507083719375734,0.28590504763916724,0.18487325793384507,-0.4480300138709717,0.06958797404724255,0.09490203468689376,-0.20358456132551847,-0.3715024167496254,0.12263743618533172,-0.39757455010138504,-0.4069776665220436,0.3532861109340339,-0.024247416970029592,0.20207451799469942,0.07417611416233154,0.2028253135739975,-0.2865594175552834,0.24688255775993614,-0.17836680712995778,-0.12102365339310073,0.335538059632965,-0.20179240732163992,0.0993977947085476,0.44940436354348456,0.3510368894067043,-0.45356537284288034,0.17773686155191612,-0.4121246936877728,-0.10437560893188125,-0.04945236853824929,-0.14448655099908558,0.2218427962197573,-0.3064055272016186,0.37007804497805935,0.401490162889451,0.041075987172171355,0.300487456993394,-0.2844607989806554,0.05441847894351661,0.05976783984999185,-0.2675509762657301,-0.04852293625856002,0.49455363438181077,-0.21168020393825862,-0.3528217542127477,0.009053456562891526,-0.16139648082664582,0.3041856449101669,-0.37043975370172827,0.1374942197532493,0.11848827204644707,0.3615544662452967,
0.1944050104321304
0.16374217369822464,0.48457878418403544,0.22881897484460745,0.06635027434181774,0.28185161905200457,-0.07269026543419523,0.3640098173870682,-0.5205114995169285,0.042017191922167046,-0.45481352371759626,-0.44325472210521294,0.2196627454318173,0.31478410584011374,-0.05978029898231752,0.06951389902864794,0.47804053884900205,-0.05853030337748645,-0.4407172566242252,0.2949795820901376,-0.36210526315573227,0.08738357393108813,-0.09304686514458481,-0.190191324082626,-0.4669031104957497,0.2128016638596498,0.08662774503595887,0.05409610135063565,-0.36274338185621297,-0.2601340754730941,-0.28146811153741313,0.09894541570076613,0.057333264166123686,0.33360588064820573,-0.4513514022853785,-0.49564309694539643,0.30834292209814207,-0.3758692397757351,-0.10713212441265213,-0.1331674341831859,-0.1019490128865192,-0.5010181882218586,0.0398528568975999,-0.3582823440372276,-0.29731250232341055,-0.44060720020132826,-0.006888812832955456,0.3263362976931372,-0.26391657898712745,0.08078071016548792,0.24386220408957895,-0.3629962229882713,-0.07548887271251349,-0.4885632054555021,0.042872492681011475,0.4122430378319851,-0.25788623089564056,-0.145086202882617,-0.22527821895741765,0.16854401787114995,-0.4410743549999936,-0.3060683597023584,0.4713361291430143,0.10970300629742046,-0.37279763816347505,
-0.22958827155444125
-0.39490270546427936,0.23288666054928384,-0.310960093253054,-0.18553819160931584,0.23162874438475,-0.2803050803098485,0.006968113586345702,-0.24629088048751074,0.36150105906274593,-0.10424053649232147,0.42654290772462794,0.15983468776001525,-0.1928112364540451,-0.08935739001130581,-0.02599073086833463,-0.20781341461873037,-0.017414598720702314,0.14562477770747975,0.07766700791744184,0.5510837564360676,0.4034223241598031,0.3305796795255639,-0.06074022763231502,-0.06103864915689443,-0.058107153112380246,-0.1566000543098515,-0.2753129771727577,0.036460779007863216,0.11616624611867947,0.01711531710414031,-0.38575344910962756,0.05462533153219075,0.29712319310791796,0.41875151977190667,0.5386770760467849,0.4425108073315816,0.2763107592854554,-0.42277451765968604,0.48830301589188413,-0.3971980398901487,-0.34058836090489514,-0.3168496797800808,0.23832863552484285,0.5783990135871748,-0.31994752450931047,0.554481633301508,-0.40094393297995146,0.07213695005260289,-0.2010265924598445,-0.05222169371978609,-0.050545845548467076,-0.11898872940346364,-0.40218877267650294,-0.001694456218905783,0.26680928488369765,-0.11105843762634277,0.012945919521183015,-0.044457557778644095,-0.34375199373340914,-0.11166466794938008,0.4366143542008895,0.19613494918413008,0.3201089322985187,-0.14480154532683104,
0.3503475255361857
-0.46948381325573874,-0.4351867566688562,0.0027374770750869916,0.5048795970141062,0.24165835062120922,0.4368661814205449,0.3240043720267716,-0.3080944124638464,-0.2921736008746846,0.0237100368943494,0.2063451082450105,0.36174435134194904,0.3949202372628854,-0.034901621573285975,0.11515624500162061,0.4000818542627946,0.08243077934895608,-0.23550368063925636,-0.21370895964002184,0.13370264766835147,-0.08432443303766075,0.40820480130778564,-0.09646666316808446,0.015631899288248517,0.3565611592297612,0.34142186693008064,-0.11994283099773786,-0.0664358603160627,-0.189410899073421,0.4046223648401276,-0.4951844116242078,-0.43006782892604245,0.1756482732541475,0.04852876577093511,0.27576836649997355,0.1691395367458996,-0.3743369315088717,-0.1414852427236272,-0.151851017391452,-0.2401002732345759,0.39433131595800913,-0.030168163693586346,0.27806114479401195,0.3076689298144993,-0.18651553333044923,-0.10496983708018408,-0.21301516268496068,0.21712122236745887,0.3937218887768898,0.15941907135193048,0.3510597026270845,0.3347427403434454,0.4524195650708987,0.16471042014384885,-0.08428846615950208,0.34194905993435254,-0.33810274997464185,0.24557345894676258,0.009470405221307512,0.049929845791397726,-0.23381194885707898,0.39528860044119535,-0.21166233477860072,-0.49041576041848656,
0.0787115869192277
0.34171392606174983,-0.26316372534348303,0.10687827667535803,0.717386940859433,0.3025225788696458,0.47257352992077084,0.4286089232307989,0.2176863326384222,0.2540042476028342,0.2566330873844166,0.07792968453249652,-0.06524140289880356,0.4066832036844929,0.22112991996083647,-0.348194098886375,0.05067460420684043,0.09875822884825396,-0.48454245550356034,0.3495114696177472,-0.0449248482602351,-0.09507388719861651,0.18617881507198172,0.9325614317964281,0.12569171914643046,0.7668145273365052,-0.30901468810706734,-0.22579471246808455,0.3906033373380086,-0.1501463667697239,-0.43781514891382506,-0.4239145488002549,-0.36934391285743345,-0.7596103472210712,-0.06183706916537403,-0.448734402786397,0.43832573931107616,0.33128750538902946,0.19632781209532096,-0.1862399497617559,0.01790978263909657,-0.20993032158597835,0.8463741889477986,-0.11382293756630067,0.2998898336769326,0.4755659760119878,-0.5090027168868454,-0.27149279231098195,-0.14521604273845723,-0.40048841521590295,0.0051392990594058595,-0.4140713811189837,-0.03867752056044714,-0.15037537891247404,-0.18175806844019238,-0.1194198363099906,-0.506494602028496,0.06452709788443095,0.1784681915437547,0.3421987549611993,-0.26739123637945017,0.4598249920975677,-0.12857571620100133,-0.33423945530876836,0.28573015740474866,
-0.00788766612040657
-0.4147082113766722,0.3632939083088967,-0.17708757947932166,0.3836868041528568,-0.2274363989660377,0.46817479969318815,0.27573706378322843,-0.4382946070205844,-0.4653806476257887,0.41300330022817994,0.34722355598485305,-0.3558590515686175,-0.5103460714724487,-0.3403154785851456,-0.10461553404911059,0.1441991094890989,0.36568131849127455,0.06891299867708912,0.33528095428350024,-0.37204022195779984,-0.22135273635566755,-0.4089748390722354,0.1085123484613658,-0.24464209356467007,0.3421280213962327,0.016410312391339405,0.25601157101923216,-0.1942998964545467,-0.16872260445765522,-0.5110426751497329,0.022874235517705392,-0.08460345742560982,0.34809321402201976,0.15295901610855614,0.41660496539450537,0.10305171197481738,-0.22908986235654252,0.30627644585441005,-0.03188439460022325,-0.07300757740518986,0.27625982620114337,0.45004405631962063,-0.08343819797153251,-0.5076665396899278,-0.08118671535378824,-0.19650084682982516,-0.4742764745596565,-0.23412181327932033,-0.14490407414027132,-0.25651706802382424,-0.202468809774062,-0.1538353998072049,0.42384214403314746,-0.18459602347285875,0.11714047912451953,-0.19533680526196723,0.007502617764109555,0.06383694140705087,0.3008307321138863,0.016648929582064494,-0.11902701051945995,-0.510657669610647,0.0797357995584417,0.05785832315276909,
-0.050452137825536356
0.06367285491653017,-0.044872564922999715,-0.47707801516130294,-0.1142349723979938,-0.18744493756887334,-0.07156843441505974,0.3628596986714003,-0.22729493111156204,0.3615300430525992,-0.40303351380626373,0.018907869125323946,0.06093712864236323,0.521227193822898,-0.12460078510555116,-0.4310884685315985,0.19656123712070586,-0.17842130871206552,0.5071629696975067,0.2080355752342942,0.19447827773853024,-0.24605190213909314,0.473780574523355,0.497210241421108,0.044696240418148195,0.24120673497509537,0.2221802035356092,0.058032976347177016,0.5253687304753183,-0.27183004306454245,-0.1720890680310798,0.32191148798414515,0.4547036583232027,-0.46666358923437984,0.4888191543329845,-0.44862399787167206,0.2733305053202885,-0.23787989468390972,-0.2111060419017848,-0.07204594220126609,0.34040189997158027,0.1322560345944144,-0.2825289619832603,0.11329610866156098,0.0045291063601322215,-0.33853820527918055,0.4640353508265917,0.43614805316845773,-0.14512420098438092,0.4487700101737811,0.3119363338236659,-0.18914174442951137,0.16446123942638197,0.14098091097774262,0.3367798715218723,0.254735558713567,0.38808421203887183,-0.07402365962771551,0.3553958921461518,-0.410351898315874,-0.372757123211069,0.32911683823236687,0.36911328016462225,-0.14267584572787817,-0.0059644814779362355,
0.27715906597014367
0.026376761278025154,0.1145354198702283,0.006437194616026188,0.4872929662138624,-0.451607370204303,0.08752861632842368,-0.43299981088122586,0.19434954969382534,-0.06997810467846714,-0.3696766336565674,-0.10952539402851126,0.4962373696690261,-0.059746477707227116,-0.3258454384460527,0.4167950396219653,0.15217415013308994,-0.1233623516745997,-0.10268497801502402,0.10250218266312874,-0.4226611208229248,0.1404510857790435,-0.3064172829620262,0.21624845806993018,0.09217783952807859,-0.3666494315666644,-0.04858531104009428,0.17550068508672526,0.4381003016272857,0.28576164907265184,0.4410115145835382,-0.1330240880719477,0.26056416448211533,0.06150875689385026,0.06541952558723604,0.43892136096118245,-0.20315427719246565,0.22484351561820068,-0.44543069791178874,0.36772339398465753,0.10487377544271471,0.16459437012135933,-0.3460156767775734,-0.18011731246172377,0.087103182322927,-0.0911640239500506,0.12028367541102229,-0.4755437988941658,0.2809870585247492,0.3554812849919096,-0.27089312036955393,0.029255389578301174,0.457409073482117,0.23317846026163905,0.4056328153051459,0.13099501961679524,0.26663632699429723,-0.21951208670605676,-0.28314670451121215,-0.22533991229157305,-0.38851662778299295,-0.3600693806178036,0.22858328289024485,0.4721348145712797,0.022602633578065367,
0.3962546888900551
-0.23005843380978805,0.3419620897477607,0.3817590201324166,-0.5482044395248774,0.35127180993414037,0.19316379413537207,-0.7498555575544169,0.033235213880208316,-0.27003937924110966,-0.40582954635980817,0.35664700803473903,-0.22372004378994484,0.0376480865312382,0.3941950032501598,-0.33722521411244427,0.30810816122134793,0.43949221900015206,0.14022341760335133,-0.5093003909996167,0.17051497527925644,0.38006284893714876,-0.18361048268577343,-0.9003163197293621,0.35699618121902216,-0.39787664827165625,0.3152726173701798,0.16451867594010133,-0.2094667303157452,0.3095364049071465,-0.034708584734070104,0.0342151942469429,0.45299719169005515,0.4859220295029491,0.014744685659468963,0.4290224316742551,-0.5758720202529826,0.01901353968066406,-0.28046671281425994,-0.10283989777940494,-0.252624766476863,-0.3965997846567057,-0.9698478193891582,0.03699299618764085,0.2285144551682273,-0.22587562902149166,0.15794527756665586,0.4726794203693651,0.4806691348399805,-0.049169898556279894,0.0453354695846564,0.0902714452554186,-0.14792390733239016,0.6723183790195001,0.4110932022644751,-0.3180908812266175,0.2518442126048544,-0.16280865670795341,-0.39845117377736694,0.06398643055395947,0.5169031081373606,-0.2227307073977279,-0.0596207263556395,0.06059371068365613,-0.42081736067462927,
-0.40078719239725513
-0.46830091956822345,0.4341611631631546,0.4360981232639359,-0.06517959895307514,0.029676941379672004,0.3866768604739737,-0.35654183467822403,0.3564518930376662,-0.3020443790902903,0.10870369481923703,-0.4384203702183395,0.47519628411289594,0.45856692827620255,0.45801227740033207,0.28927188268635895,0.24473824556673524,0.23410583766158638,0.06090945431581116,-0.13439291917552615,0.5001685717514618,0.1286550119020836,-8.648541934028583E-4,-0.22751811405668346,-0.04300033116151,0.15944626250664806,-0.38623406630035884,0.46026359623285873,0.5001382392254993,0.07745018331639898,-0.2013838876427556,0.33464771922334924,-0.3410199539125018,0.3963779822848365,-0.41974665111299286,-0.07648458540116665,0.132515976921941,-0.06378339364756534,-0.2487970316262794,-0.2026230113261119,-0.045767876623203536,-0.2325790228305338,0.5175091905763859,-0.1274099600234448,0.14421245130366298,-0.041012113381745256,-0.14870804231551332,0.1857489027038336,0.3244299776188439,-0.11924813196255571,0.062055398051862824,-0.41047342333670894,-0.20334682911329754,0.46157663226431045,0.288622338004087,0.0019016237636954245,0.3811256612719988,-0.24065232163286082,0.4432531576784527,0.5060011917970613,-0.018354323971353465,-0.3551128003543133,0.16847895133120303,-0.22651053487819842,-0.11085669595507848,
-0.4079610533678663
-0.18394907690095066,-0.42923115194576,-0.4426504805186168,0.5744772833558831,-0.19957014483396787,-0.2841732599203555,0.7564093642590634,0.45516901593110154,-0.022962445611087446,-0.44573065389234306,0.20659174510698444,0.31474764063666427,0.4791746579514952,-0.29973386396199536,-0.3762729816076617,-0.36663079424716943,-0.4157574380329485,-0.3968065781521104,-0.12511771414720066,0.3821003284652899,-0.4752546546333432,0.23638957050959108,0.4582112684024262,-0.2768618621968143,0.1593315498857868,-0.5686395248643167,-0.11097034285113683,-0.07779905284797228,0.5091177699418075,0.05304073404363167,0.0698221032780124,-0.6291591691017117,-0.45187784343838727,0.2824670965731869,-0.23614648010765704,0.3454843686382755,0.22911304751996944,-0.08974514481083502,0.3523519827984089,-0.22800458018580658,-0.46387153104813317,0.391610547659666,0.28070548246903426,0.5161735525954885,0.09471753514844435,-0.10446782344714377,0.0419179102918683,-0.09901719945966067,0.013551228154454864,0.17637124755333414,0.47802621515541616,-0.02900620109666654,-0.04433553736402312,0.2086476680756901,0.4408411542813408,-0.23149167823816902,-0.30372508527842224,-0.34901716362689256,-0.15688913157901846,-0.03993716834521371,0.30111672358197017,-0.02280232446663072,-0.2723663238106861,0.09277133904113566,
0.47013756357194025
0.4187049203125543,-0.30351491768243627,-0.3119115601105571,0.07218057361596397,0.2143851679517346,0.2062371256355006,-0.29122668548055686,-0.41766873160039636,0.3032127630941675,0.020111890057338523,-0.2656872543036944,-0.45452749204849746,0.09362778599742083,-0.12309811774801269,-0.33796993048220675,0.02750597836174999,0.5603591706079644,-0.43974865854183487,-0.13485940266287272,0.33431457921706403,-0.16899882860972026,0.35799321049681404,-0.158071651351256,-0.18422453108111206,0.18586440780628252,0.5726420410142148,-0.08732756695839512,-0.4676020443005926,0.12724349100679874,0.09654127465963987,-0.35072745407755823,0.5173601793978886,0.61355645978586,0.470657487720566,-0.017299451720682917,-0.36931378059304076,-0.5034283199735547,0.2981509158649967,-0.08419976334671234,-0.31861370897361996,0.07661148573077996,-0.24866446149411808,-0.11979209625351099,0.12907022610789196,-0.402346582678211,-0.41825810403694313,0.3860482992667269,-0.3060156042337443,-0.39915159390539334,0.15152677614926777,-0.18436415986969568,-0.1173438624780552,0.4630781330984559,0.5703235777045886,-0.06700217989665584,-0.0504181902584085,-0.3376676992386471,0.13363280574678274,-0.007218989230159503,0.42237317552334036,0.28186660610356934,0.4107911274645521,0.2993378632780748,-0.11493078464203842,
0.10440035540246616
0.18358883486507713,-0.09352014972828887,-0.212774012580378,0.26897473824855395,-0.043373931648511097,0.18251278998130296,-0.3129252174444695,-0.07329434089912183,-0.30365787311073306,0.0706874553293474,0.2716532523183291,0.018823218700536392,-0.08222909426781665,-0.30061809318914445,-0.0438076564434075,0.3806608228733803,-0.33411877848492527,0.37581420028079937,0.05785722870054465,0.3105665197643216,0.3925520380099522,0.48583801339846505,-0.15579382401070732,-0.42221036817195284,-0.37577064001875254,0.3963582262326058,-0.24899800405351755,-0.3432829994428627,0.599933730464269,-0.18618923400348986,0.4629773593529345,0.5194072701469332,0.3074878169750632,-0.408670380481347,-0.033365253315912655,-0.22583654442844975,0.43589786294629396,-0.33331604491622685,0.5584450183434607,0.208215847940007,0.16974308234323318,0.42302510658829706,-0.07015736278670501,0.3179024237412056,0.1053384075792606,0.24472332741811037,0.17216230664114313,-0.15164395954215443,0.33120950146937095,-0.3350712416456254,0.2021815270958529,0.3788988545837093,0.36932689243003514,0.2695815052328612,0.6374918330332926,-0.2132939458496686,-0.19782674456619684,-0.2020407579709568,-0.17621461606642153,-0.3952908979001671,-0.050868122017026465,0.5689574815671521,0.35238631161746653,-0.21985726009464432,
-0.1905366358928078
0.23148567290843802,-0.25844376020285537,-0.0836602839765926,0.34803987937305364,-0.40711853376660395,0.07148326594002304,-0.06132935971890872,-0.05644816133474501,-0.11637905089055844,0.06280760813390922,-0.033942778304762396,0.4630531521047341,0.2533620749857205,0.20374136243045873,0.061176009097139696,-0.05256168978953369,0.4782048340296037,0.3061769064248502,0.47589309773004174,-0.2339135276885708,0.46993555190276165,0.4167982913220146,0.21180521334850955,-0.4713345972422058,-0.07285657848545198,-0.393058915968672,0.4194161658820982,0.12625036665689035,0.08995904825107327,0.14898128124685805,0.38704171015859473,-0.10583230020209553,0.11624894331769793,0.21126087704825844,-0.0016690892449656334,-0.45969276786136726,0.3065290972547871,-0.015043226624129448,-0.15706323973690028,-0.05761235264293465,-0.3581510330003646,0.04032672513376878,0.16748960462414753,0.18157026464652343,-0.4336269462348095,-0.07572577659478424,-0.08135346630246541,0.46283271460029396,-0.1489846878537122,0.4422930991761424,0.3574342664518938,-0.12847073167829132,-0.2026108335646644,-0.5066329568797582,-0.45147576937687806,0.06131691561098844,-0.35013648143279225,0.1551253731890389,0.5120314765301971,-0.3329274345875443,-0.010250703961740324,-0.2969458430394706,0.16534677744542461,-0.013352629453082302,
0.0630502070802979
0.3805999412989128,-0.0905317840938783,0.16699072339423635,0.29014798150489907,0.2772006904191243,-0.4308217684385531,-0.2907564808855566,-0.31424258715454634,0.2439198262545894,0.2878557700042128,-0.4018647937870789,-0.05749826245881838,0.2699463368728649,-0.03863092766941149,0.386540505212243,-0.37676723019064,-0.1356428386179942,0.26434606607137745,-0.3098779267841265,-0.37862896800722357,-0.2665243655954056,-0.3599735489181521,-0.2869820126959227,0.13613906774371978,0.3914423189653607,-0.5695373786702963,-0.1593422376296445,0.3882394247793704,0.10718624816033284,-0.27443469401600334,0.18756800772362986,-0.428124729689786,-0.37392457438551785,-0.03054848802338807,0.04098835306691962,-0.2990300572426047,-0.1780706598165722,-0.11938936000710033,0.3086585099668191,0.5141255863455232,0.24938730531008302,0.4438649494019446,-0.30572356192554995,-0.2802626507570786,-0.10532472990288433,-0.10198355994747597,-0.2884154270160589,-0.17304327359434551,0.259225106006374,-0.21643706646938013,-0.3943892898938539,-0.10189221162205302,0.2192882086453242,-0.286666852739888,-0.2691760115562743,0.037428732543594,0.42284571925454484,-0.22928098937869623,-0.14063849039361517,-0.48740500049048835,-0.052490280005893945,-0.09985371756845009,0.3034520878205859,0.41790604558400646,
0.27292828903023364
0.42880317963434356,-0.45684713211816674,-0.10232469667703355,-0.07576266854895955,0.124827561866272,0.2353334402112125,0.47435955704194993,0.23860308642402092,-0.4334940777339063,-0.018420404179994236,0.13867819454891006,0.06147167886001186,0.1511571740733662,-0.20846529400546351,-0.29477034331453006,0.047895586046495735,0.1962978716899681,-0.4308342183493829,0.20131884703946482,-0.05367224107146506,0.027003284741733264,0.31503578058568094,0.6524197650141089,-0.5819110587036609,0.5951457395379526,-0.3900711333610378,-0.39263075365518446,0.33599311490825956,0.05315928957137714,0.04948075590286042,-0.30685128994405586,0.18563703804960113,-0.0038676361212621434,-0.3282559665270645,-0.049780330026114705,0.056539907028418025,-0.3037919032384536,0.2979019941318334,0.11348291763086528,-0.004248495641875913,-0.4302242915875007,0.6804728289018829,0.22261463262745146,-0.033705202759401816,0.2100629032647228,0.2342899534641999,-0.1565326929004235,-0.29884864865720917,-0.033752681601656044,-0.47248308288027796,-0.2655618921741758,-0.5029454472613661,-0.039164767618537245,-0.2590822605492112,0.08224820351013494,-0.6598406686881904,-0.13012464575435878,-0.3960254803112548,0.5047888307951949,0.15743773780080564,-0.36158387034906275,0.39241443228579254,-0.1928833869384388,0.3285259323302571,
0.3611355114453003
-0.30294055286951377,0.4844636187417465,-0.4164218288584086,-0.1142104264247496,5.931579268798928E-4,-0.2546775192559693,-0.29429550609795546,0.06541699799680063,-0.40314735981773625,0.32965821054826244,-0.4465780433555649,-0.33553269784459466,0.198603200188981,-0.2853574771392357,-0.430876825364287,0.018203926538322132,-0.26556040342253984,-0.3013045294714017,0.29708615510166386,0.12207075391229955,0.058305446652294445,-0.2895298365327639,0.051066522389758257,-0.2598449880820329,0.22516157553526103,0.1992533625070505,0.1813574495845517,0.33873334175410846,-0.045969710595942216,0.42876704450108316,0.48762884618084357,0.4927425346385807,-0.4539624043592979,-0.2534295732372631,0.3357687479282136,0.1834853879773828,0.3675953032839551,-0.09004953478085602,0.30201760568743313,-0.07981344339750306,-0.322752731601567,-0.060759880568238646,0.3927681454119201,-0.38130473910623236,0.4455137697172761,-0.22040647990829396,-0.34785180828950113,0.35933283482550094,0.22621124594674646,-0.2426278874580006,0.20033226255553274,0.10900582156155952,0.30135066216888107,0.48275770597761464,-0.10958077459482629,-0.4460150391162789,-0.08021452611253303,0.49111817435027433,0.17389197895719977,-0.40633639969179963,-0.33717680934112515,0.44095162618271405,0.5281490199598403,-0.013802037308706315,
0.46994327334417624
0.10825976593164643,-0.48292371039435505,0.46197781646625186,0.36106318563466017,-0.11859159335301872,0.3159994726697429,-0.48454239082334116,-0.061857369142821875,-0.3674554762961426,-0.4397859168407287,-0.39044671953858057,0.10175259441768261,-0.43678850230939925,0.4136892730776903,0.1573710939629948,-0.4160088194087377,0.005069300950372818,-0.05243000256694085,0.4092565583536245,-0.45387552308821716,-0.43841227203053473,-0.05324099080603221,0.2600755775193593,0.49594635507498425,0.1911968215943237,-0.4051532636217601,-0.13724554755976454,-0.4612202039115283,0.018590895695352747,0.2750696268565615,0.26136615888457815,0.32253325964359586,0.09733853640684728,-0.18967188865151038,-0.2754893691408583,0.14782229235890723,0.16083360752364942,0.06725165950039463,-0.14126704515127095,-0.0959177228273443,0.09500186083795072,-0.38347328605842607,-0.003978516753577058,-0.15481014789302167,0.43001975152573313,-0.21396902187334063,0.4481709858831925,0.011727146679003079,0.32346420655233227,-0.2007484057003198,-0.3962376973797633,-0.20973678840117374,0.1273059361554787,-0.023819425981480555,0.06159655779103501,0.10495599585614655,-0.08792875861609155,-0.1517900239056297,-0.36719814967649167,0.03788340859084619,-0.017529293268912987,-0.3722166780383719,-0.39151791932081803,0.27461327973846017,
-0.20076586743314842
-0.2147970462163287,0.12285549286467182,-0.3079279085512998,-8.059472300859751E-4,0.15289538559608865,0.14944020923673682,0.4224848434482863,0.19458776339452838,0.03817195270291138,-0.454117571596136,-0.46328878672846424,-0.23208118953965487,-0.48947328547144214,-0.1256471745369875,-0.4495877627368238,0.23944788378687093,0.18142300630336947,0.5197779416450712,0.2406393047063419,-0.42688000332021303,0.06651965835181683,-0.0692552771809107,0.7107494478157564,-0.5126561136211244,0.1646620703070124,-0.6347783486163661,-0.3424288692620478,0.09635467535144163,-0.28238567844253365,0.16606269427091122,-0.0024995946651191945,-0.08317520409075511,0.2107469788183871,-0.28725995311421004,-0.06018334933130392,-0.002323791359182979,0.4432579102517453,0.5088699077619566,0.08646983872457675,-0.13971527861515937,-0.18097433771443003,0.6276596116582264,0.62819067970592,0.10426908828489762,-0.2392644231540171,-0.44788179677880696,0.028784088410848275,-0.12731734196573197,0.4045097664630285,-0.4353259724895858,-0.13361085142404566,-0.4812625251860447,0.3440855407920819,-0.44741634142234354,0.2159141997918468,0.13873673126870076,0.21541228586824912,-0.2339200282819747,-0.16966980039257043,-0.2216691369247116,-0.3296138680315959,-0.2324621875483337,0.3544534774466495,0.008648649421383492,
0.415415458800034
-0.07579550793948998,-0.12373107333176621,0.39394692388003283,0.3595119383484229,0.317973126460943,-0.23937927345903182,0.2772398972638183,-0.23004504514098295,0.35769189939837137,-0.46143925170610167,-0.049116405119939324,-0.029164627085333898,0.413021020419508,-0.3695592171232099,-0.22426304530146132,-0.15155924502689877,-0.17784814982326375,-0.2221379683400706,0.298014066356474,-0.14857532820255867,0.34126642662897544,-0.4199780685364981,0.12758033212109177,0.048409247085433975,-0.34627570376650324,-0.22937980971055222,0.30427671580866544,-0.31602883338639853,0.43973474845808735,-0.3150790550038422,0.28404434484851215,-0.24548903682651385,-0.47904025496396235,0.08462888998248796,0.177441908580159,-0.4459178729713873,0.21628635900840923,0.19716516640459758,-0.07084160220828302,-0.3008226167870021,-0.13336234155919224,-0.19584934044327307,0.14254855521358084,-0.12821302766642514,0.15852380510932237,0.09316006916686417,-0.0796442921838571,0.20606172481660143,-0.4376766921057955,-0.14649209931171184,0.27701118584910034,-0.2335629116238219,-0.32668910864433026,0.32064829196611655,-0.2167682990953569,-0.26025419363150964,-0.025618991917605412,-0.3587046852114442,-0.18042727411460383,0.06306344785507118,-0.3731490589152699,-0.3340129353767715,0.469395674273027,-0.08282938216032258,
0.43447134110190017
0.38032345355867686,0.12619177647854932,0.27682230429927007,0.08491153447495987,0.16178569527148678,-0.140728346337274,-0.25013764716205567,0.2872236551732323,0.08468769753285015,0.20992448580939857,-0.3588046775998354,-0.46946877064859743,0.35906078726327156,0.13613918768092528,0.2920479928802358,-0.4011484650735578,0.018911126839098312,0.3833842546389054,0.3154346153734123,0.31666637634375694,-0.2197013380235852,0.2722378453946872,0.4491500116683943,-0.031481701881554636,-0.10682804453359715,-0.18788591184345982,-0.3831231104171776,0.40901470468917683,0.14182808998250182,0.48822277869081215,-0.12114734065495585,0.08658092142839036,-0.2619938081765987,-0.28890791266321636,-0.4245587624355291,0.271866456803667,-0.05062620456580685,-0.3516548273146151,0.31417976570955236,-0.1594418321819945,0.36867398656758504,0.1932000856971496,-0.37975289634430504,0.5233381234511117,-0.3164244373455794,-0.3891327101710466,0.28727326778270096,-0.41724049364533006,0.14755558958961623,0.35988163099862214,0.06067774523895247,0.4926905590066315,-0.20488006458288627,0.3710461556312426,-0.195878631691111,0.050383414759773454,0.04177900621870391,-0.29023058831627535,0.3726942995445454,-0.18040846223078966,0.12654687678767257,0.05794743269405762,-0.41330366841177607,0.1052018031344036,
0.04770172905875026
-0.17291496895415487,0.24339521690839422,0.4299504952206155,0.39720942388853075,-0.22298057787578202,-0.06979338447519332,0.48349612702245887,-0.43792095635590295,-0.43748105213618443,-0.06354965484545966,-0.058022330365048086,0.09301780090181944,-0.24636899757871053,-0.3840561499599221,-0.23666753166293916,0.45312521715539233,-0.03033385539199488,0.36415071851147246,-0.04215852793941735,-0.22341755206104827,0.04567943885962646,0.005762478077083055,0.4856525145226222,0.007649946194017649,-0.10668988654869516,0.1852429480365976,-0.13335696883316503,0.31471345660313316,0.4112082745152289,-0.34073974593772255,-0.1208682000145267,0.18888727049193996,0.008760644714353569,-0.08387544625150624,0.014121057984407775,0.09571475716485055,-0.43368825264840455,-0.32251091700281115,0.3634414835983228,0.4380469056430244,-0.24411283408552442,-0.29295596015103414,-0.3027430239581915,0.4084498576200677,0.03455553545659883,0.42838311076558067,0.005373851287253955,0.23104073036453074,-0.4789547131996292,0.33149907924555944,0.0711941994586191,0.32546586676672534,-0.5013240117128187,0.3624811317065988,0.37692085367304984,-0.0550341358591988,0.421718890991825,-0.27520917532319145,0.4403588975869385,0.14374970842617543,0.33750032889888404,0.390011878513461,0.030607509554062266,0.41209994534380573,
-0.4145317044230736
-0.0802586252154973,-0.4481543280276925,-0.21408050047659585,-0.06963580907721792,0.4356477917698343,0.3236828024363275,0.3027729041605408,0.2739841028319024,-0.06411937075127998,0.4417361981004155,-0.06870073243118348,-0.3971596070387628,-0.19188627102547284,-0.3150949870362221,0.4210913595864746,0.0080290229266799,0.17186783248304463,-0.25810149913383007,0.21517290349432602,0.15946569748154818,-0.4516436351339263,0.10373893245273887,0.03201994108531161,0.12750868805903948,-0.19334371654574423,0.20813021011392124,-0.3412404957615177,-0.050978006617985704,-0.19754566904966087,-0.3052050955560436,-0.5018362145603144,0.03178028708066655,-0.13603345833687125,0.14003201840289295,0.23505433549142832,0.3664026790212403,-0.01164891181216534,-0.2280693420084008,-0.5003916755689404,0.3253011603995648,-0.26966286900913233,0.4543398925815844,0.15253675768232347,-0.06764841489906316,0.17804409614496744,0.27508797479279273,-0.21099540712743634,0.05014407104904522,-0.28087615808850397,-0.035029694163216,-0.12247484212644599,-0.04128867745724199,-0.4290284578084146,-0.44345181180372895,-0.348937766883076,0.22809678489584587,-0.4028154165154864,0.37185900268703165,0.44191004980465054,0.2840675515016925,0.22017576049184925,-0.479042377659288,-0.2567139585694614,0.3903491923378142,
-0.017266153224246957
0.40925010144984053,0.10027313956561283,0.2679173113895905,-0.4099831625334272,-0.24586229502940596,-0.19941769626291667,-0.35079549277447697,0.4541175438263666,0.3105103461909484,-0.12428772693856793,0.30343107104012573,-0.415846515205596,0.1451671919438562,0.5122545423271176,0.44753512573721144,0.5062220072802862,-0.28724285111434833,0.2788220934905934,0.08035857612751601,0.3983991781287548,0.21068604172180672,0.08908989134747974,-0.33157407050210874,-0.33109540856281133,0.41955705127297116,0.4834618809168551,0.24060756585413381,-0.20346951425338644,0.43762856784138704,0.28155306823829984,-0.00702537072932745,-0.26151103048588925,-9.031857586066797E-4,0.13800698276114415,-0.3311312299156329,-0.4467238729764856,0.19255129290955197,-0.21128514707833404,-0.12030410106558734,-0.08743944591433582,0.3313721208973474,0.3771006077116345,0.33035072406199156,-0.10857221408255224,-0.19775006222070352,-0.06283880964311041,0.342507057772998,0.2674303294600162,0.3547494212955547,0.05107360513385877,-0.38986022748000587,0.21245777651724623,-0.05025556548992065,-0.387346516031908,-0.23471083689728608,-0.04340075690967553,-0.0983901228153401,0.10423416001665987,-0.06837496571614284,-0.4368265347786534,0.07060255302308663,0.12336071931733202,-0.025652763987476093,0.33952602554264244,
0.07080672192133182
-0.1777509058719453,0.27135272469505234,-0.3085644835196771,0.17950958565905947,0.07853266756064335,0.11955776912027992,0.1720282951639913,0.6006150668989414,0.25973076440149767,0.18441411338466843,0.2550506606078542,0.1954527809127318,0.4066144919986766,0.08877002400526776,0.044674983670255144,0.4382422523118282,0.2564283759121839,-0.46604530343780537,0.2953825552086351,0.02922128275807899,-0.22375454055342722,-0.27267298488567376,0.4342226084167298,-0.5385756438046592,0.4391588534180116,-0.4085409807354904,-0.33279071350210415,0.2898427808848282,0.22171604564593042,-0.4088104309196226,-0.654717374050912,-0.5223288712266799,-0.055764198867702085,0.21094746290278624,-0.09043349731538634,0.16878294422618426,-0.3342126697897592,0.45281883018918795,0.07601672761742737,-0.4227128189600119,0.006717871573805679,0.6066794002939602,0.5488006810457812,0.1960553901882975,0.12152265548738103,0.3675935217091957,-0.5607689405579314,-0.17952317792241745,0.07419276776800353,-0.3356679966309443,0.08548575932078857,-0.491973980658902,-0.28308599871673684,-0.7777352679517047,-0.0746779272336048,0.008940661380841538,-0.2718156313721929,-0.28517212527122865,-0.01816334940661384,0.22952245557924336,-0.18777272389074318,0.23655792465275916,-0.08937895600544041,-0.35650439418768065,
0.20703335220208127
-0.17760779493373033,0.1305574356468256,0.46148871693080645,0.8666872363985245,-0.0602280856778037,0.09060704615922116,1.1794193771056616,0.40395910334340834,0.38573380972410526,0.08578870862789555,-0.3698975140426541,-0.16690349501950988,0.15519586415293496,-0.3535274879429235,-0.0874712002496559,0.2750166764579651,-0.5144388525973009,-0.05282401185981191,0.5003947878938577,-0.055095623511056575,-0.06930133646878965,0.037277004439173804,1.3297462185212776,-0.7643254712708363,0.8245926452821211,-1.1320366663186565,-0.421068726070031,0.35584779412532286,0.07676448600282627,0.008810085896886364,-0.4502870706945726,-0.0013730998588121096,-0.6072877384475308,-0.2216203376498492,-0.22520523585608873,0.44962568162415556,-0.39977863150831494,0.07342846298295516,-0.008412042885186438,-0.18193940885677792,0.460255119143817,0.7177031495908842,0.3043672721341761,0.06731075962269321,0.2873060582565561,-0.20547445351585336,0.24206112043289232,-0.5490498743155912,-0.32973043256719087,-0.36263118274884226,-0.4326454581939959,-0.6696455435638236,-0.7870924101627703,-0.7227068498392337,-0.28165266550797474,-0.17647044254687974,0.46957860813307417,0.21578174276075704,0.6708028006921972,0.1079826090194568,-0.13576833622849677,0.38903084548711775,-0.3714716779582058,-0.030896719519268524,
0.4383768594706063
-0.36781157295070604,0.04119671706513072,-0.10938551645395676,0.45559439565853793,-0.4935504981627038,-0.36566734452373517,-0.009344540950778194,-0.0753804086982393,0.40926949055990025,0.23866808221957533,-0.3608631070188878,-0.14486135822199422,0.13014080744472478,-0.314586688945143,-0.35762980289254503,0.19669244728712953,-0.3195651791469737,-0.5135463150240811,0.44592212572696777,0.5495718389068663,0.30891544199840376,-0.05916800313295584,-0.23714669886378675,-0.07392356575316213,-0.5050850171981265,-0.1290357745293939,-0.5638418827956432,-0.403894544783153,0.42245271900984926,0.2344767396488205,0.10766947801916488,0.3045461245010169,0.1294053799550087,0.38870385716081546,0.4458093706816614,0.36293338250500795,0.062376700413584306,-0.004680690302716513,-0.2608615587887828,-0.35140504428652786,0.2080013661299475,-0.3541065026176858,0.20537657900250234,0.4269375313037388,-0.14990036579036226,-0.41196429012361124,-0.15136025026417405,-0.04533366410818305,-0.5049875663230765,0.3035372822812198,-0.011810009706809945,-0.45748680861649255,-0.2818419867625676,0.4785512534188134,0.2205646426637974,-0.289800342441488,-0.09793811493279679,0.2698862145727288,0.44195133372388473,0.43097643341894165,0.35759973834349124,-0.4481719120141582,0.4039086710854999,0.3466786257690611,
-0.1529417607559245
0.1044713193383647,-0.3497477454070325,-0.39083501512893787,-0.3309096803010159,-0.14225137106060726,-0.01633883935491114,-0.13799290724416868,0.28385806719730283,-0.1349657057742024,0.43684796281392685,0.2682474248376932,-0.372648814708291,-0.4763184592123927,-0.32060631332356193,0.41742945417132893,0.23645981053861392,-0.3006256895404017,0.38834506368736377,-0.33653548787415244,0.4275192693623657,0.19738716521958677,0.09928379683474745,0.3438410287925554,0.40565458277712824,-0.07647940033312677,0.02835161802026791,-0.1059217563665102,0.388473464404203,-0.20932914265364952,0.4344451587411286,-0.0526979201974663,0.2702999536946984,-0.19414448545191348,0.2998789090735605,-0.06104237884193113,-0.1703208977246011,-0.33448176602206386,0.2208576280613836,-0.03130311160359462,0.208382069050706,-0.35713415231185464,0.10153553427180924,0.5251763827124059,-0.16221742401675524,0.24903214487153247,0.5038705044284975,0.4429410523130838,0.38872176144309395,-0.4430757561286548,-0.17641626884136813,-0.3629728513252617,-0.029093770303513754,-0.4090623129475847,0.31279521861483117,0.2740515479804441,-0.14543662739932214,0.007675457753544258,-0.3680223617166592,0.18824262178977522,-0.1796354562610089,0.15418251539669078,0.4805705535171685,0.11721112253043865,0.17828836383246308,
0.40439677422218745
-0.311953846307564,0.3265588676613934,0.1808140834380365,0.41908412818087315,-0.13243939467394814,0.5714602760556786,0.5005113408628753,0.30162748043212984,0.09600607339621656,0.26997820303746145,-0.10840632515618771,-0.27038130543207134,-0.4102443751478576,0.37564610713988356,0.11541854199989031,0.5057972621344092,0.3842925540626111,-0.18682805944882108,0.14186905061815008,0.0934009565210494,0.012411060836947195,-0.06838513429030418,-0.2790405803563338,0.3572504483850786,0.39791760894458794,-0.034380011010535505,0.09451941667294725,0.01943075898408533,0.23378285870025148,0.5324981649223793,-0.25605331859068836,0.2269969738970109,-0.25442387567157454,-0.3668548894800222,0.1603905844258905,-0.04330578747479939,0.44287567342362083,-0.3068473775712865,0.44873881684207795,0.13811424549819723,0.15906442451830655,0.33393908767155966,-0.1647933927714652,0.14877887667989695,0.6234489621051814,-0.1812551615519578,-0.40581850249358103,0.3159106446994986,-0.04417445412117119,-0.13843537267519307,-0.07049160590209312,0.4150106679068571,-0.33580038168002757,0.5865840373044392,0.27459869513623003,-0.18898027085242286,-0.08491427299059723,0.016338127721986836,0.24076086926416232,-0.12520077213340194,0.09660118684510438,-3.771457816010885E-4,-0.35179279690964843,-0.31743088514449785,
0.6551429203282505
0.2750796687759966,0.11894932596954673,-0.3727121280952516,-0.11645545819150767,0.27668619336684924,-0.25932694509275384,0.30898942360141596,-0.07365587960743467,-0.5410289710564513,-0.5187529946397531,0.23774765930172487,-0.15375876453174378,-0.4989847754128023,-0.09971614237171962,-0.2984168794501149,-0.5333513592027141,-0.30699163003774255,0.1768030310987141,0.3164244740364688,0.38786249795750377,-0.3495268415945449,0.177587960931799,0.06396799105486292,-0.2532825524201746,0.14047271698435773,-0.1485533837544607,-0.04433174670819177,0.47524280245438194,-0.4192352024507319,0.1347408053532619,-0.33745585356732877,0.17081468298979885,-0.33688159895889175,-0.20072841397938046,-0.0813126869176639,-0.13364606798176326,-0.2611238834136302,0.28311461972923146,-0.06912516657005145,-0.4034069574115013,0.1416843532519211,-0.2278519835263506,-0.4626088304035221,0.3534482524257331,-0.02748956489918094,0.19588084166960495,0.3299214842165992,0.06668787146151245,-0.3022252324349427,-0.1741451206727265,0.11715128909982737,-0.3125613567945046,-0.3799514001344905,-0.39035509904143095,-0.4208151562164362,-0.03100686835958053,-0.22546042917590906,0.008474984422716231,0.410264150940506,-0.4007234503244848,-0.23038943073922216,-0.2490123296331601,-0.23896561174089812,-0.1286170754867907,
0.27418729840519207
0.5634624153915412,-0.1602996300937339,0.07263207523220157,1.0230366032360931,0.5228121516608079,0.20990867819129827,-0.2056187699088511,0.4848543441962639,0.31523541838256564,0.9245878064791376,-0.46622359712902667,-0.0309302640552928,-0.7592214470623854,-0.035120451250161645,0.12718452291313376,-0.10493776025710608,-0.09799024181459869,-0.8117460407420091,0.20039776689668498,-0.03992088612046132,-0.6115321888187882,0.3768107642191106,-0.5138946690072589,0.18013724658093974,-0.4005543277301789,0.3098510035444432,-0.48882945120429316,0.17762283903712053,0.6955784704410903,0.19270325948131942,0.20017509460129432,0.7157339019075133,0.21778144948253167,1.0687172557740894,0.178889470140831,-0.44998933656770507,-0.6130475038513657,0.12618330683320275,-0.5783431447335445,-0.3673740789000528,-0.45259807161223503,-0.48263775512714185,0.10286515391238645,0.5424523485201914,-0.29340506735751704,-0.3585194322773207,-0.15407234736062547,0.3506532378542962,-0.05647419301633805,-0.22420429662411323,-0.4640996346580294,-0.16609315454826765,-0.3971966155894821,0.585410524152201,0.20472499484926193,-0.05480151829003029,0.0027675122600508218,0.33248369016204976,0.015979384351866792,-0.1067033038755623,0.43056596774974076,-0.47725829599090774,0.023704647714179794,1.1356612838161384,
0.048197123271562795
-0.5139674085792965,0.14400177816886514,0.4263345622632782,0.010867994636378612,0.14166205006745894,0.2498285384024178,0.04490890011496135,0.3372119972502143,0.12377208445458521,-0.44234063314604566,-0.27220117474190536,0.3767192634470034,0.08221953333631411,-0.0032638714476808414,0.2296687884083361,-0.04007560260597477,0.6685924265290855,0.25003870989866994,-0.2666446057287535,0.1171498386687454,0.47159579559125947,-0.34107808714148163,-0.17010097903006344,-0.21046124212353104,0.10579054841468791,0.6334479001884877,0.6842622515610949,-0.5717688121181851,0.2124902152069583,-0.19277162928693614,-0.29702198557239284,-0.3837083344315349,0.16903539234987364,-0.5439785753864658,-0.6469486725729037,-0.33800202419933406,0.22564994389598178,0.24933327679502787,0.225094504718428,-0.3708936322210606,-0.04503853709072452,-0.030758547674609133,0.05354397632596848,-0.05070835143091391,0.44393290152259346,-0.08639243622895514,0.5185179729372315,0.3023392882734589,-0.27336472107942544,0.08328552879208512,-0.005393427022805397,-0.35424337778620174,-0.23496199224780626,-0.4729583750084565,0.24236694934230013,-0.09083382816068708,-0.10833584134289563,-0.3227217451594351,-0.3682166571719836,0.15824806214184747,0.08056880760740982,-0.316550690378466,0.21229735235953698,-0.42000457156624377,
-0.06373634271561614
0.5317146695259122,-0.3371685686215964,0.11967900646846272,-0.24950380658663485,-0.24892781173301207,-0.32942904966816666,-0.37507255669203177,0.4839105998959388,0.09892021228208209,0.5357948040060118,-0.28898744803492155,-0.42994843964244917,0.05240722607074182,0.09799695339664213,0.30173637042780166,0.36102881691811156,-0.06841010506077878,0.41654683708936496,0.19458761516417014,-0.28269280912516154,0.34210569316960876,-0.11309190255952496,-0.34018144691333846,0.4458824924222782,0.21348174342196352,-0.29199207566377117,0.14639646309215584,-0.4607435991971788,0.3222519572315192,-0.3620832383518748,-0.453605347566191,0.42635701261416403,0.5026217504207947,-0.1937952075075227,0.388863667311218,0.37668519137416784,0.11687378169856329,0.4306437503295928,-0.31037727658889513,-0.3462589847624211,-0.20489558190319804,0.415880238077274,-0.060578127453706165,0.40148653831635583,0.24987907763310827,-0.40660626074626716,0.4510873437256305,-0.22954003134020695,-0.1256136815884071,0.17553064242517316,-0.017446378739659034,0.4175630638949925,0.32318267781836285,0.2971516104853546,-0.4073555467953061,-0.32276176535570333,0.23671604405917265,0.45237509219619587,0.3362112079237131,-0.29361100930246825,0.1005621446594957,-0.19208098708942442,0.3305178441487866,0.5849441946575897,
0.18538097536565268
-0.11001370985424343,0.18957030077350004,-0.32403231056889775,-0.15148277326159443,-0.2940814706784002,0.5123769746465849,-0.23169965716066412,0.5601448647180065,0.593946470491671,-0.304710384382059,0.19646000052017418,-0.3471848906814209,-0.30718232001745377,0.36540307520135945,0.44178678978384406,0.5136292395517996,0.02917955369702237,0.4952987836135402,-0.01138775003810588,-0.34300975256344934,-0.31281508846904704,0.09171442491071549,-0.2288858557455317,0.6247343301697368,0.36305782081475635,-0.30340851644556305,0.1918845768873338,-0.3268496658002692,-0.14065592727259835,0.21185393358385876,0.4919464713320361,-0.02294047078223259,0.3415257774868287,0.08762779025998137,0.22589934944139808,-0.12410468398368386,0.29836823459132067,-0.003407638927504938,-0.25782296292160106,0.21718967222101385,0.3404010859647071,-0.3219409893399876,0.24415352604255375,-0.10167475397724093,-0.2671306303749946,-0.039337978019300994,0.2933943582515351,-0.0836435638963082,-0.31900664272955453,-0.04545076088378866,0.49528597881814335,-0.2784706128100685,0.054183975573900096,0.5456941106358675,0.3503067003811425,0.3881972823280184,0.4991894453213775,-0.08430817329984232,0.5995551936208674,0.2608306066560893,0.4829035583923184,-0.1953867965599982,-0.0361571389345867,0.15129254385778326,
0.231760431433323
0.3981872507230244,-0.024706421468952203,0.35120051920813755,0.4420144170823231,0.10220901606686225,0.36794616978724254,0.4008720995164466,-0.2694608041380266,0.3573894399429404,-0.10329726240158357,0.3030196597303912,0.4334942848911112,0.04402777239110775,0.17651280641397843,0.48206201941280763,0.19408875262380682,0.1836003407664818,0.2045987065265936,-0.4062709566787846,0.07990155928298852,-0.005278920197317177,-0.023373127430583028,0.307430621216569,-0.13326944271777394,-0.02502045714136193,-0.44878289469229204,-0.07588432296495218,0.5075838219614232,0.53748326409907,-0.36195915746077323,0.1362570658728795,-0.05294014891529126,0.3812109502918023,0.5094154063608897,-0.17642450019101213,0.15938755290973958,-0.455644035792316,0.2265668382903558,0.3626842085968184,0.39004775433491246,-0.16950994492895846,0.36264247584567105,0.23381926381238569,0.07637833284662314,-0.09434365769908723,0.37971215429225313,0.19251626969086347,-0.059082876148697366,-0.2619157124876504,-0.14683194582979572,-0.020100961204140295,-0.2009718689983128,0.5123069336456054,0.27488342483736866,-0.14470712928561405,-0.017999062482440254,0.2342702235234614,0.0865248250538451,0.37373146941899177,-0.35683594453064477,0.1331322085420221,0.29588649401083156,0.10046234430609563,0.08964118927581498,
0.037025010943809736
0.07858522870138118,-0.03339700723547031,-0.35883137451586733,0.45925802688727935,0.29457617570988487,-0.444009209486889,0.21915620709755204,0.8293741834786917,-0.4904902508489069,0.9972936005217804,0.2190135700861187,-0.11251466642973115,-0.7962776216726977,-0.2709244154079883,-0.5439835312480861,-0.527837886597394,-0.6065772417625765,-0.982978543143702,0.5047278766456329,0.8896288731554556,-0.5801247565475165,-0.4055928178211809,-0.5391689611880719,-0.04744486936463896,-0.321873855145114,0.31426917768232887,0.09796504945628687,0.688250725142974,-7.598695745321132E-4,-0.41352377980382715,-0.521177561914265,-0.046388626580183376,-0.38724164595246696,1.0665673675209602,0.5863112678249978,0.4295167051272673,-0.5699290673639227,0.3003913187840799,-0.02755331562607476,-0.2771506568153694,0.321758853362283,0.23437284285318402,0.5107992652100947,-0.39847378844186593,0.3859260958261403,-0.12867293892729448,-0.5882252035254821,-0.18628173800483128,0.597878895370011,-0.2507467481808245,0.3612073056107547,-0.3694940966204246,0.41926037812625383,0.6370485898599968,0.30555996691550563,0.06451356954216447,0.64585840594827,-0.16126666343916923,-0.3426077475265714,-0.14136582878385115,-0.1477034696015359,-0.219465036593967,-0.04720366517220508,0.8915207395721958,
0.20309667971717119
-0.16298519679927992,0.4139555668644847,-0.07603659132312009,0.37991599173454227,-0.3190201609659462,0.12695682802759792,-0.3597630728484668,-0.3749561839813245,-0.09668996999733032,0.623297640390306,0.1312487961595459,0.47466723312464276,-0.3719039133042035,-0.1511253184137785,-0.1524212249513629,0.2553140736264933,0.12526965801739426,0.39158309686047055,0.14629538559433758,0.04537305662402423,0.4086129920346668,0.41012183945710357,-0.30283345413736507,0.22041562909777418,0.3247365484274526,0.3094329537848227,0.12129316180816595,0.353188458831793,-0.18969123216272146,0.35599981121322827,0.2924164756119741,0.15333201652349646,0.5449233916292754,0.25218264922035044,0.5017849312766713,-0.3077416611450899,-0.08379285883234595,-0.2912134146484142,0.41976771350958614,0.06245591057621976,-0.29943638989766935,0.15985038287719763,0.29937548978599754,-0.17617511015242251,0.49722796850887,-0.17613810704505675,0.08554850760500915,-0.17759986321828383,0.3849866400534747,0.3355002282873651,0.11279776173894307,0.19085154754431477,0.32889536283921333,0.2688768934144761,0.099857050233296,-0.20276512427014523,-0.39650977523522674,-0.38419174797698946,0.5721277745098474,0.11010861511366556,0.5404392722836063,-0.15952654275288525,-0.024892269226064558,-0.3477950361886543,
0.13557240933999296
-0.3016165683277472,-0.4815619855418526,-0.15934448136364704,0.6641543802000988,-0.40205945081890243,0.05767458737618581,0.33672764889461093,-0.01610227479032619,0.19314766685172013,0.3751774921090035,-0.5850418400516861,-0.3151200166416046,-0.808499449254905,0.41289074257042513,-0.02992199923192323,0.12998224620696114,-0.2794160278187631,-0.02572286574710492,-0.048918592287206394,0.5989113246857601,-0.21622165991080716,-0.19247544564855804,-0.6914597381956492,0.465927045862161,-0.08475450271289024,0.19161396391044522,-0.410263756260312,-0.09408253117900217,0.7279552841606013,-0.5552631910238269,-0.09972186646660372,0.6174647617926184,-0.15275391942016325,0.454203288892104,0.313950452008615,-0.18701873425808205,0.007868559700544734,-0.2400256201823399,-0.033867966716717476,0.4657984184096821,-0.09117558957371834,0.3923553435239486,-0.018851030099425986,0.0038556092508385013,-0.5570305115870885,0.08541222381196382,-0.3370355972800872,0.191752390253914,0.5435317217564798,-0.38542594079110126,0.04893796188046139,0.47963805695747574,0.07267607172980126,0.2305345417769511,-0.18214763824986976,-0.08521484190090485,-0.21993004591624812,0.3712387776280958,-0.2158810744669573,-0.014071644273049152,0.4913143308560813,0.152321954136521,0.061116180974439535,0.7749756900065425,
-0.3665432693275913
0.11914796798033579,0.5304058406432707,0.29587338426843407,-0.3009041869033849,0.012458494542831046,0.06711392984088466,-0.04929819544997907,-0.14094087625884946,-0.35676190607732394,0.049140249275556505,-0.010627834241365248,-0.278737901845075,0.4030935082858442,0.5643517764189829,0.3113455527278718,0.5090262287204581,0.46106917447351553,0.13176222886183997,0.3161911823730751,0.16838851549885342,-2.679990309427294E-4,-0.16364207769748276,-0.12048173935522591,0.5435445415954727,-0.2307557436413439,0.09373365999925627,-0.1495372113685979,-0.3030384663255933,0.5167404089315626,0.08586054622325724,0.25879817978918374,-0.37511337759253227,0.23087387807203907,0.5042888757528422,0.4669948436399596,0.3918308034071607,-0.4532108972059218,0.018512008769445688,0.4453925438786125,-0.006504015169931805,0.5185619233847428,-0.14462889430699888,-0.15255094961465546,0.18505032140680028,0.4983745990282783,0.21952111391752824,0.10065511454469826,-0.13078873934308616,-0.4263013684911088,-0.3739906235490825,0.4650633318036707,-0.14045956188972195,-0.04278279582125426,-0.37091099113702547,0.37220534321503196,0.2235408236452725,0.3807613050891974,0.4229716580253684,0.257877087906541,-0.31564132906642894,0.49394780297539204,0.34129654814089555,-0.09154974166498762,0.33653618358368786,
0.17751883770753668
0.21634443486287183,0.1796610949671363,0.2777697002188608,0.22139511516260557,0.3649811450297993,-0.3870505096139238,-0.33343609487851245,-0.24740794128993576,0.18189968177872817,0.1912737563740316,0.2937280071060919,-0.48692372391650235,-0.31432637123010787,0.3708506918773709,-0.18884121986306454,0.31865235406395875,-0.5682818121689425,-0.5632642976305444,0.5204691117947043,0.22431756610696207,0.04681162876715539,0.35968014204209553,-0.5829296120657079,0.4732880357159628,0.10996751368559915,0.35522031267380816,-0.058421421663830755,0.2160588979851269,0.5976631968039169,-0.282330580271909,-0.03362418028931738,0.07213880364943986,-0.3981082210022681,0.3782552698174645,0.4610418904809795,-0.18977722853827758,-0.187726739184074,-0.2728966784850013,0.2733196152317513,-0.2886955629135927,0.14335548040148857,0.05703181650981057,0.14618526973992257,0.2909936462740708,-0.45703755469380664,0.16792247726167803,-0.25212688512448533,-0.45749212986645466,-0.32540288807019313,-0.36271941678502084,-0.254440544566268,-0.007462465399588099,-0.2371983397483936,-0.2971684642775234,-0.336802155921019,0.3373119454096204,-0.04234668530324702,-0.43591399357034666,0.09812471579363272,-0.06303759988360512,0.3047560822917792,0.3389480849715371,0.11124851892392537,0.734234826452422,
-0.245228144758162
0.3722192671738106,-0.4748381495627227,0.051203102534114434,0.5345543742657688,-0.27010205967276596,0.13361819475506642,-0.3949521853727952,0.8945322996753874,-0.37072649584197553,0.8765762789510249,-0.4253530252067131,0.12947229122096315,-0.6426053667417431,0.4363784186145971,0.43143832470038174,-0.13789923301197385,-1.0239702232464565,-0.30053850140926613,-0.021093567847111486,0.9237903123714614,-0.519580730725505,0.09968901095731975,0.3241957187732444,-0.3737387669922843,-0.017527068284356174,-0.6018304430597257,-0.37098915335847205,0.562414120959083,0.8353099778271039,-0.48150757781543363,-0.025627649885843977,0.18496065392485178,-0.022840025352464276,0.6672908576800445,1.0944228432996432,-0.03576885703339079,-0.9465023068222821,-0.15248585650184376,0.18136744385858183,0.20435536982381056,-0.14197093387938986,-0.49688056122800817,0.9231698055138791,-0.40549834584661043,-0.17105960052062244,-0.09634168924035781,-0.4124102644850118,-0.031171910667359602,0.7458145578743435,-0.025182132147250937,0.2903427427736052,-0.022632004065997014,0.5584959129859751,0.47011661390157994,-0.4873634914902146,-0.18306606663998484,0.6532008932522396,0.05791274469597334,-0.3413543343844696,-0.14207565111005618,0.11443473857809373,0.3309053828610069,-0.10757915384733836,0.7215208691682522,
-0.4909495379894598
-0.10505735772314548,-0.2979628778517347,0.058816299526101824,0.024175445582835263,0.21116501410613187,0.15282377743635345,-0.26345875471571467,-0.39890802908286127,-0.32594871919641455,-0.04657954773095792,0.09100203439221917,-0.4388894186013231,0.2970460016074294,0.2739346804129279,0.3299746157019472,0.2865422829213887,-0.0066533254506867,-0.5623125148748264,-0.3661542538389869,-0.4432610316484132,0.2961157232771837,0.28631847109132924,0.16100056434545035,-0.2647972437567849,0.24848154403095393,0.15994080258569393,-0.32863986135755047,0.4388663361875585,-0.3943435049974781,-0.37764998681494216,-0.2707808828925986,0.14178804211013532,-0.5440671386928196,0.194255073506523,-0.47247998804507857,0.23577602951872717,0.08008693371464094,-0.515218585265041,-0.0933563422915672,0.3638799231535049,-0.5532675178756048,0.1154172737266601,-0.00533986814252052,0.07717307639873781,-0.3282577704107298,-0.468760023812084,0.2649897855733884,-0.45850475353966647,-0.11934263246534374,-0.2319115847679798,0.13463490385269256,-0.4922560682648493,0.38228265577645587,0.26875917768676827,-0.35151185885385455,0.15605193421864388,-0.09285937646666849,-0.41208759692261776,-0.2927538133890016,-0.1699392230672784,-0.34158954387632956,-0.22431188055570517,-0.3760250781559742,-0.2295492295724866,
0.26253459152073066
0.4606290971722337,0.24186765822087422,0.010630406073144156,0.795602962016092,0.254947338253323,-0.23546281325585186,0.14657507003482945,0.4455038763552224,-0.31014557572144824,1.1029727242637288,-0.3908006880243045,-0.025436828303775853,-0.8877413453515706,0.22177723670128988,-0.01802132875103954,-0.336179790484011,-0.9979476107148677,-0.8373540396216094,0.3882412062486483,0.5573340172322649,-0.8312817909529078,-0.07319447615700411,-0.5033945493218462,-0.30365506545179044,-0.3845896469518445,-0.5907367611510977,-0.5425878077179878,0.1261591440025173,0.1597590520785756,-0.3318570641557194,-0.39096113207028277,0.25114331893487485,0.20180429694807567,0.11278267859050631,0.8182711746599663,-0.13870565556302725,-0.7550699750087683,0.3311174301784329,0.3756079826372933,-0.4394730890462862,-0.12985921660500566,0.35735141380766045,0.15195188622882957,0.5028671287177706,-0.050698808900109485,0.28862831700918856,-0.6653996349565675,0.40044531711819414,0.20490430931559844,-0.19095156672494276,0.19198947272793387,0.1254338695176082,0.5104996529214095,0.15872750074258565,-0.27159845058295473,0.15039486030844232,0.6299198156380869,0.058667467443614285,0.06202918107698641,0.15875964878412005,-0.05400750964263094,-0.09334332509933921,0.3483029184165656,0.6047247010262472,
-0.4900871979922062
0.5469685184438391,0.4392293385128859,0.3107210102076142,0.3101926188749261,-0.40059526348437,0.4685069276399083,-0.07108899812649727,-0.2844546024072806,0.4923039542649626,0.1282640896714296,0.02022225470158637,0.0534561371668549,-0.3572627575501185,-0.27219973161332467,-0.1874398172978332,0.12808815770576976,0.21902077938259185,0.06788559193945154,-0.2966982576677191,-0.22775667639495506,1.779462705643597E-4,0.660476563066496,0.279634016734497,0.61750986725022,0.2993027653846537,-0.0027005722543395312,0.530961333165823,-0.2874559462317965,0.048214874694290505,-0.1006886963295047,-0.17226029897072312,0.1731935841787875,-0.1538317462724915,-0.23581824888425607,0.2914637382599268,0.4193553578064139,-0.0490920803059533,-0.3151704907570245,-0.018578598757304655,-0.29465949860914253,-0.10059640248164016,0.11739936727511147,-0.042615023623063075,-0.26385158819678856,0.5429802444351072,0.145180144792361,0.1713659070009268,0.2956793958359761,-0.14832428733806222,-0.17404393050844352,0.3996320700465531,0.1995348760063638,0.5426997519923275,-0.2411061679477313,0.5098480042592999,0.10152697680595393,-0.06168271652060128,-0.052170785993346576,-0.06215791338308678,0.6978940298248335,-0.06032426068631729,0.0913775195403721,0.587587224119921,-0.16853298661129262,
-0.16350424060474153
-0.35736256414934586,0.3228413010934967,0.11797680108960963,0.13266120827087333,-0.11163732857993361,-0.3323120980733137,0.2812616445619663,-0.2690914841608148,0.4582655099104775,0.3210098787889842,0.540756217574066,0.1632419669012231,-0.2296519324179352,0.5468892943362257,0.3658799907796633,0.5557899776248927,0.1845095350781708,0.22335413914412597,0.3775151763864394,-0.2764853929216336,-0.04232610665734717,-0.11931601841818956,-0.3659353970806887,0.21029330561128926,0.4570205738297626,0.24468001203982268,0.11540335662860357,0.26554205575144885,0.18763022901370177,-0.15663781915537095,0.3044733637509988,-0.052508197940749915,0.1426314321992731,-0.09824187872129075,-0.2513387122995789,0.16774968334964918,-0.4450758759135361,-0.04859163758539334,-0.13699453193688554,-0.3927957077948885,0.278869958464662,0.1402092251104496,0.04796662388138437,0.01360427496887647,0.3466913030712081,0.5824170198897675,0.5241144251082739,0.009068299828700343,0.33276536003972357,-0.4061168127259304,0.4220434954700638,0.360547912999113,0.3911615870240783,0.21308086315972055,0.14867510258572753,0.012876041804070036,-0.43730940233938487,0.4799601675254138,0.5673063174063819,-0.1834270427617724,0.4158937998650112,0.4702344554122261,-0.04444456701114256,-0.3658379870658886,
-0.22563847541429022
0.47000016388437993,-0.2689694587639641,-0.3468079373030319,-0.32151522829758133,0.22424103976449486,0.19226683978364895,-0.2968498314679496,0.1346042807095237,0.648423219736603,0.17063369047183413,0.5341802953735776,-0.06483174632758555,-0.18388828117542025,0.4449083365669134,0.49666463092741214,0.36659022368973776,-0.08258585855619528,-0.29775471443689583,0.40661324524647124,-0.27596476626282934,-0.04593794813288836,-0.24908616553319105,-0.1164531419885898,0.163373163728126,0.34035660930712286,-0.16106933517096203,-0.33352700676266817,0.21959373092325968,-0.34781391214654783,0.05323832881546856,-0.09333899859398778,0.40357311601484214,0.5271920094217446,-0.20050340061915173,-0.048590222988454855,0.10701729572687449,-0.42690217194174934,0.22863778398217008,0.06413291747383634,-0.3847782393852325,-0.21975108913095706,0.09260856063693249,0.3000513751235657,-0.4222202759546713,0.07876206407185647,0.317414471291681,0.38825439870265627,-0.04129562809834036,-0.37165371485494064,0.35112339871684695,-0.048268844212052416,0.43636405291130426,0.18800732959885375,0.4022102550880383,0.6160628391562158,0.36759487657150924,0.06307036136336365,-0.1549121765398562,0.5186181849057833,-0.21932639009374527,-0.20374355647203907,0.19636621962801246,-0.25683775543769816,0.02454360225056961,
0.45444376978466927
0.13157756551123237,0.6263137435258506,0.2265842147886781,-0.11820959787714892,0.03116401619511201,0.08025619625812697,0.44234148114555577,0.09777953006289433,0.0539337926314454,0.15650945032935962,0.6280942363606785,0.3242243344971164,0.4361723536201927,0.2923629481199939,-0.22703152322822093,-0.07180737975821902,-0.2662914598724765,0.12154133183600288,-0.20799357307914937,-0.2513626304762776,0.36183223610622445,-0.07952863738297818,-0.2999266000161056,0.22431003648882358,-0.18580121871308633,0.13836393944121833,-0.04326550820437149,0.2814245005156645,-0.2704558359998878,-0.10427049320169336,-0.2770140201555911,-0.18341373055875185,-0.19609796102472257,-0.27191828573092963,0.47299799876789467,-0.28162276635881345,0.04447434411474089,0.10819863286056894,-0.03962685751700473,0.2613609045963998,-0.0769620714069517,0.0431546109649327,0.0560588206852302,-0.06354989584112454,0.1974121354620392,0.5285236606409575,0.5403302276263309,0.26378506135808943,0.17469760065245973,0.4869513291179913,0.5226056887488564,-0.27525507817922956,0.19075862274920571,0.3878851524687368,0.08495614937381879,-0.29784103974353043,-0.08352813522866065,-0.25903530802504515,0.6379134844711015,-0.19142464693663727,0.49590549396361827,0.12465301546951162,-0.336493157510218,0.6078558519941717,
0.3447825592176741
0.44956203811737455,-0.33089688202053696,-0.2531457058339556,0.9387530983959792,-0.299393633053917,-0.18280878734763592,-0.12440836409073715,0.22045842972151156,-0.0716638091808773,0.5977376406940381,-0.10903092351928648,-0.0367992075071362,-0.7545628825187071,0.35875746093907096,0.13349121522820298,0.11361738411746285,-0.8169872262156694,-0.43322887581110536,-0.13345016818106153,0.6305622360134266,-0.4777577405311929,-0.291951276430948,-0.519453873820114,0.09611076221680587,-0.07324174735526856,-0.5854800554632499,-0.3478287367104113,0.42734246226777634,0.7000473515608405,0.3635658536156392,0.16032873602780223,0.32004122067116425,-0.4227129084902497,0.8557640219003264,0.26266228717877343,0.4524682140604202,-0.8563177830692065,-0.20890404618580893,0.15861083481268812,-0.488993862780805,-0.3267243189462515,0.09735574003233825,0.21193116785778526,0.06918403238509008,-0.33315198113797817,0.02523021882249046,-0.29479733423708554,-0.5458942723261628,0.24855494115160107,-0.3634366736050262,0.18305576058324277,-0.4325860379241355,-0.12745547002336866,0.262372459662748,-0.09527991099732123,-0.28158981003174716,0.5955886507038181,-0.11140229014717642,-0.2804904848436664,0.33470517050421433,0.478413238527054,-0.032341093988585166,0.6592111944221084,0.9807325079265801,
0.36512943849016083
0.29885149587454357,0.4297015210912558,0.46760352837084646,0.027753930240228483,-0.16844651752043333,0.4712845514997898,0.2146565377948648,0.26635651012690675,0.38191365570724667,0.4592122378532652,-0.23558722501981097,-0.2026548589049022,0.4505823772920938,0.013508986409815807,0.03148842723467775,0.43899415164205363,-0.12190428675885903,-0.10520802195576084,0.6324268289782761,-0.09276576575161526,0.3049554959184973,0.047184682718387674,0.5039680345852631,-0.16815262961713368,-0.2412703056128783,0.15699502253861963,-0.035996716421589366,-0.33959225612705135,-0.03199502657982398,0.147424140491831,-0.23220073388265947,0.5208099765130072,-0.27813135143918766,0.038512806880656565,-0.06180749002170926,-0.26866067553564826,-0.44948499199267433,-0.16057885680186595,0.27010141635056556,0.20945638392924765,0.3818310408072932,0.09168391710104158,0.034971421455209206,-0.08095820217020726,0.147759136015965,-0.23751386550244522,-0.35832940877880765,0.13335630602022897,-0.2669251288834797,0.2598513233554729,0.33078074813887043,-0.3333282014558126,-0.3047716268792982,-0.17371028086772122,0.3945008727316264,-0.1745120059451236,0.3722875331265927,0.5031383462246555,0.3397504180658876,0.09720345163805647,0.01913670026017373,-0.15173811035464294,-0.33375877351296124,0.5626137555298675,
0.6231153970040048
-0.29602662267201,0.07420987535776957,-0.569636753498658,0.9019864360770786,-0.1205563743413218,0.15737758371227537,-0.042429277561594085,0.8272878591285889,-0.17700729452607053,1.1329802287080553,0.21093658437167562,0.07994091642848676,-0.8244513748586892,-0.4000780231004568,-0.29871551058684803,-0.5416716017702244,-1.0544246088033138,-1.1427577350361302,-0.134841740837828,-0.09899281730770401,-0.4403771418646798,-0.016973596121376448,0.17324179685920726,-0.10477361934575627,-0.017936220451558252,-0.5221794898444921,0.01662842634591607,0.4149319977619169,0.6892580421991668,0.1256603663990999,-0.3152545547435733,0.6671151642514112,0.3702047393082919,1.081147711661417,1.0212132536418748,0.09452949955857064,-0.3473780921458565,-0.15387875179454905,-0.44970284328142934,0.21425963936152934,-0.179828321959083,0.35581770860493833,0.6805564364621397,0.1277756795090998,0.21287407809032766,-0.08970412769774637,-0.49481866046534584,0.39518499917000444,0.6647533492865154,0.20906895677430923,-0.40449906276631165,-0.1281896494427266,-0.07650034005274467,0.3879859025121659,-0.5030829690336049,-0.4924432662379894,0.18668090582817518,0.31083717475233225,-0.412041178240856,0.1070221709091951,0.40478812075615817,-0.14235245520570103,0.7015291134697285,0.42812610976425663,
-0.4596788312694077
0.24378343948343836,0.4688748899844607,0.2888862826092468,0.18024764780290847,0.3714226691829564,-0.3655903938654429,0.32403423453628677,0.4251936090933848,0.616190572582597,-0.10631455148753818,-0.2997126160546436,-0.3527384521026355,0.2820444404304944,0.6289335039203947,-0.10457023336833518,-0.23203189222077622,-0.2931804946407762,0.22983790451701158,0.6397995009140641,-0.12429914389007876,0.20038264474210574,-0.173383928560438,-0.1110677238719155,0.3971311347790823,-0.35483129203019015,0.5705002606664086,0.05470619819641682,-0.2879119225689429,0.3340311489166853,0.5886748832137562,-0.03479096703083667,0.11488136619140006,-0.11749481216550274,0.17105931564235322,-0.3018921680516575,0.0579057800068364,-0.4544391585191769,0.05809470209383324,0.1740810911669825,-0.2084336813109363,0.576273181175091,-0.13401638874176908,-0.2775862653587432,0.4865819197899887,0.22503176028080152,-0.06338136119024078,0.5392252159662864,0.6228453922654418,-0.2797335521540101,-0.027710908737841274,0.19770661492439204,0.18812633448207453,0.10963736879187058,-0.08697179421954465,0.14391872133806557,-0.02570290211646491,-0.17497191680649476,0.4947618507862289,-0.043846488684250104,0.1896789058583013,-0.2056474206874358,-0.19526615968176064,0.5631991096227744,0.05733049764643822,
0.3581753163183517
0.10271933311843201,0.35518069569664135,-0.04195847540791806,0.8693091836976347,0.12381978393075405,0.03680630144320583,-0.17926582259681215,0.8212352873954616,0.1664919344509816,1.108937728174398,0.19400069860257074,-0.4893004894324946,-0.8625758548936211,0.010168299693505608,-0.11466555422068843,-0.19906893676280782,-0.9942938754880726,-0.08255018109090745,0.7170346813461639,0.1783350581612184,-0.8309229713412054,-0.42282212207339165,0.18275749212466963,-0.27094025722965176,-0.3640570617824787,-0.401581812385865,0.007348547352166667,0.3422110407462047,0.33807157796089066,-0.19110678813394782,-0.11371614649156979,0.6155951798499852,0.28989304590715254,0.26816788254920015,0.6061974407349675,0.4887320955448031,-0.803955225712514,-0.06524645086984937,-0.28213344697893866,-0.14261550026606956,-0.5928484421009298,-0.21976738489160116,0.09636951879244614,-0.39620564155725424,-0.23183865751486915,-0.5669025669298564,-0.4522849546437921,-0.2996022964247759,-0.07695998423461153,0.13635524744041108,0.28463614743814714,0.010385254377576413,0.17392630136545198,0.6862201739627539,0.4150104870440963,0.2027324791469566,0.3764995148179903,0.2928605348913984,0.4730649766900634,-0.4441851170058396,0.33673578029783824,-0.2980188424421222,0.20908380928087472,0.968197131860671,
-0.002122410570192282
-0.07907066017665304,-0.22947004610443558,0.6661714337371667,-0.07216604325498586,0.4671627166121348,0.4027090694583774,-0.2948475731024683,0.29190246784098284,0.23762416573849335,-0.2678495195236615,-0.09825787655295377,0.1243036630264135,-0.18724230256309238,-0.2202762360689318,-0.20534318967835466,0.553928307853845,-0.39431311831338106,-0.251498490527463,-0.12994400724317975,0.49291827758648593,0.39586065261904346,-0.0017257634513440695,0.4184240866133981,0.2250524714561109,0.4216671035439896,0.01480022437566022,-0.08187654488978208,0.30556108858800923,0.40727589137310904,0.48393952141933005,0.2733214843629518,-0.2929722718532566,-0.16193280280119604,-0.2691878218767326,-0.038081232527746235,0.2750982196761864,0.38193878635401496,0.19439561222979762,0.6318934363612229,-0.13610533900799648,0.39908653833657937,-0.1404122672999381,-0.01179636823447725,0.3139794894892928,0.44202158714593165,-0.262581770220355,-0.1727788720029502,0.12294467345400299,0.47256186990206,-0.13170345180632903,0.16102493141664767,0.6463677543618419,0.4778350912691145,-0.22852428970436067,0.034527575874328524,-0.36230881468036497,0.14311219749281676,-0.11525560944801382,0.6904340574188801,0.06847264869877794,0.12039163700119401,0.5820762549078409,0.33400906793690116,-0.09253743540583091,
0.013091903789515117
-0.18636511913619716,-0.16713177969524048,0.2548174650714324,-0.665460752685733,-0.5172060544902167,0.3157378542752988,0.32935564902658576,-0.7713630395143937,0.2391348439528824,-0.854312920883549,-0.3207538942873631,0.48953872491789885,0.6365035449878307,0.36881955874463224,-0.18507279958861986,0.3311003592130721,0.707879229878061,0.020498229498931826,-0.37051524987422196,-0.49078345339554164,0.20303425524899588,0.5272627133740072,0.020073239888407705,4.816470018984545E-4,0.07696577066635747,-0.22101504522975549,-0.17846073505843096,-0.7349526846933507,-0.6625413385186147,0.06118000696328695,-0.33978167683889454,-0.7664924607197375,0.4622759114987167,-0.20250545179424204,-0.16202030936079279,-0.39565767943167895,0.6118735860066105,0.47126036701852303,0.21025370885894312,0.39743483035004284,0.0012725107560155238,0.0672586913364981,-0.7313832854665977,-0.04756054664927818,0.13798721657359442,-0.30228782127411047,0.560402657101884,0.1689693156854107,-0.4488282263844021,0.6362754066646628,-0.030640326142115256,0.447232681896125,0.18151999459754153,-0.683063217935191,0.33948211134940626,0.21280358747800784,-0.5698599444448395,-0.22534851561632785,-0.2189706433032301,0.0535694746639064,0.3448238613475451,-0.29275980550029684,-0.4475491179711991,-0.4435073407353298,
0.12978696262612882
-0.4005328755525471,0.5586576146625534,0.3690784992775193,-0.525047709314406,0.15610946265006018,0.4135588431866914,0.07925373433411019,0.04837708187454053,-0.24565275109280862,-0.6904220671082438,0.42130407771486783,0.025639187429567487,0.605303562578324,-0.43250890758072613,0.06273746583310082,-0.40184926048116104,0.6259722695578468,0.2194258835756108,-0.4550357510072982,-0.5480034519532555,0.1923882368935725,-0.4144652104657954,-0.2134397873590199,0.31205622054403964,0.2765985971209904,0.6933899610713212,0.38556048217458344,-0.5850213730908014,-0.7368109172052684,-0.018920780045537686,0.37847980171903106,-0.47369242069351974,0.0472580079428578,-0.5356011500164478,-0.9522169972745373,0.4984549000355471,0.24548768961069878,0.1066437874383581,0.3521011813432502,-0.38417573288671264,-0.12073522477701429,0.541540509796294,-0.40814930237450925,0.3329319743308711,0.09446898624782166,0.30479844339818923,0.43892580685891397,-0.01859415240404453,-0.2838657850020848,0.13690117466349125,0.5377580800262719,0.08348095589740485,-0.4224137394261424,0.025790738471043316,0.005941284063008563,0.37786241973595014,0.14595626294294528,0.1647681318979322,-0.4088022507893003,-0.3902771639682827,0.24692412595679383,0.3190067142504202,-0.7549131810688229,-0.8644281704722059,
0.02379924039328912
0.3227198877073697,0.24941488897434128,0.4192345376879451,0.2508433238522412,0.07595757982986691,0.5001798554389589,0.4409642152275111,0.2888666719957503,0.07799271175409049,0.11436483278782994,0.5110326714386966,-0.3398142604194694,-0.12256786510355591,0.5441134786236781,0.06724736516395526,-0.04075862547232788,0.37997087753416137,0.5208870644361094,0.42469490841573876,0.6200940271854269,-0.2305845507611449,-0.09601306906457083,0.24642366469332028,-0.012860448907969998,0.16746658497185343,-0.32199943262498126,0.2473241007333861,0.25163668461051103,-0.05319063097345517,-0.33823647327983,0.18050638267632402,0.12246412573440386,0.4184648321218612,0.13014688992146542,0.3556006433689673,0.034783592664860405,0.1338152231905346,-0.1919159526359621,0.5579290759565392,-0.4251921583461556,0.5056197392854865,0.059840441521587164,0.06255013590011337,-0.44347440282578676,-0.31732174526774587,-0.16200638782627114,-0.0643071553654848,-0.09259797616285649,0.2568508038319558,0.2536083888071562,0.24188331061437965,0.4512069838048295,-0.28273091067378325,0.15903407578313278,-0.3112781557428607,0.3963024843949271,-0.11354578071377597,-0.19713325733651715,0.0889653509011668,-0.07212859244230717,-0.04642086418492391,0.41760085339428155,0.11411819592858453,-0.19065141800421231,
-0.1265426611880887
-0.11861206769803696,0.1958844318936639,-0.040430947367273706,0.7024927767995336,-0.16116238065489774,0.08887679092245049,-0.08702385839201571,0.10639675069822853,-0.05025420745695146,0.7292176502566652,-0.4084253734344487,-0.010457934548619676,-0.08662680679663744,-0.06399227949043328,0.24002373020156126,-0.15512074185072017,-0.7664491027820587,-0.7848394626252845,-0.17636834090184098,0.20828630944340248,-0.7402383482078834,-0.033268282106053176,-0.020389703071266203,0.4438586164501028,0.11799155064767985,-0.3956649532879051,-0.10423603419987966,0.1804775419238793,0.05215110496180136,0.14405125054451906,0.2216667264032064,0.4204617743075733,0.3009206999851647,0.48400576024433634,-0.20367061030306066,-0.20944800834841154,-0.014945896996447145,0.26616304984811107,-0.5451607883835742,-0.1132467324395112,-0.29409684062796276,-0.2515633205303964,0.7091452499638203,-0.17218814375342864,-0.32961745485277233,0.22894916308631114,-0.7725099913282604,0.2512715957784383,-0.09948147360539002,-0.4373613500964902,0.3676239208988946,0.020765111512950216,0.3505127582728221,0.580443232868942,-0.4085294160622199,-0.30414744784807696,0.021573324803361802,-0.19566667741673308,0.3308282359484193,0.3316794311749603,-0.39843291999315367,-0.28386532775045853,0.6296424282665407,0.29837802307049227,
-0.42205203647975414
-0.13080896353504431,0.06840760580300495,0.16684352244772058,0.17508391551188413,0.3237384308691049,-0.12025809740804892,-0.37334446286102796,0.02491644182597279,0.26643699857298225,-0.17317942704387868,0.36955629600214907,-0.018045103130482243,-0.4467794164243281,0.07310020407387545,0.046671539794487724,0.29206435295212607,0.5129727904320882,-0.046768592220262445,0.5072759530178066,-0.0150112512452076,-0.34091273509743886,0.14054229874188504,-0.15263208855783442,0.2897276074326361,0.43302517270239865,0.21655116325005003,0.4560217272931728,0.3905160106772723,0.17581618216618475,0.0364973457706413,0.09759964059091959,-0.026499919215126,0.24693486939593196,0.24438391950850213,-0.158385143382485,-0.45185655106412886,0.06306444021317995,-0.29101180962655093,-0.42378939054314235,0.15131807334908945,0.21261790445624795,0.04412876062812646,-0.1233351280233636,-0.4572944423357345,0.25798163784149547,0.42622920236338196,0.26636700516670253,0.5337231149608659,0.03815948422321809,-0.32166614529829674,0.38306676542515505,-0.4032195919192502,0.380583902512377,0.5260033496709902,-0.1948195154736962,-0.4769099739384289,0.3248561779648922,0.32278009307690986,0.5278584920032654,0.29439791422972394,0.3210874815865739,0.5293727232092712,0.12964765360409058,-0.4162548898837877,
0.553926597838952
0.5057472116478989,-0.33168149458845364,-0.45110949465275396,0.72404862605597,0.09671602672997048,0.47769778327539736,-0.34215974079618,0.5166876685855457,0.22112232751805336,1.324509230204702,-0.553666153159901,0.13741677274496114,-1.3015401752228213,-0.3372802474793726,-0.342088601308764,0.38342223366028383,-0.7948582660985051,-0.878382877853222,0.5251853272464383,0.7621392235359639,-0.9462518779842106,-0.307031972630982,-0.06530194664718557,-0.2472094607014942,0.6809722417785045,-0.1900147819847494,-0.4732637716166444,0.4097912428773335,0.04511016720041959,-0.22669579710666293,-0.3070278283196005,0.6126594746717094,-0.043980138523821315,1.1677491952170187,1.232711949273052,0.2814073309084004,-0.8081261868793791,-0.35691882020975574,-0.48496774076019933,0.4071710734213638,0.13673474471254507,0.02499053781373215,0.183816018107894,0.1777469589234762,-0.049481482460968874,-0.3438299663328624,-0.9588359845716921,-0.01351290840021225,0.521702692879323,-0.5381338926809368,0.399890580787872,0.36296518637247444,-0.39041136119504105,0.07154766971228638,0.3043382525791154,0.38289886023328396,-0.05272164245148813,0.38617162811474387,-0.3645932887673582,0.06171729292205337,0.2194836654209352,-0.30608936854375784,0.705656448481832,1.2279291228518472,
0.08136125068047828
0.1716615483368796,-0.3427670595058207,0.5391520658640568,0.10672021767772351,-0.3369253556089099,0.09527134177623188,0.13871161534225576,0.5768531431058549,-0.005031926920706953,-0.1271132422384431,0.45499485708745424,0.5365506574937793,-0.10538772004652483,0.4770650628966656,-0.18111523369660454,-0.23647679547725342,0.15267624169092103,0.08913732721370754,-0.3314709366538924,-0.2903962031581508,-0.1655354919765867,0.34571617214269007,0.32044902531441694,-0.05089293552786645,0.36251206742595005,0.4953488702161936,0.4676678803879216,0.4528854208003239,0.4405106017846896,0.09182554449928723,0.6537143976351854,0.3910226556597037,-0.1544792889423763,0.5477051415474753,0.29619038970045436,-0.005952723581883811,0.04363646488604151,0.564176945931561,-0.28602440353364295,0.08506917403363715,-0.03844111158260764,0.1156388187961877,-0.20960919705650333,-0.22710406496285956,-0.3338724008929042,-0.05126002600591921,0.4126831472908455,0.4900305768466845,-0.21359466771326682,-0.2682389749065691,0.13698619983225013,0.6444120747048074,-0.10260228114970797,-0.17717074131765337,-0.2668324629118506,-0.2501729276114063,-0.038591485526831934,0.1968665694693983,0.12149270813682818,-0.2512175308612865,0.5510853847784666,0.020608550211381572,0.41342574461900355,-0.12140370078191896,
0.19476854152835144
0.2600452355674254,-0.1572374576531894,-0.14373207543930547,0.2556398993213422,0.1366415006342921,0.5232711077641496,-0.24845762401167973,0.2911210611267241,0.5723785264298814,0.3644107412120432,-0.1910539517510822,-0.2616275740527001,0.2598278049979111,-0.035221924437859396,0.4614399183382916,0.40029390944817933,0.22460399508315826,0.3292814429808798,0.4022273019709055,0.4966957690073298,0.02183764680985323,-0.2492544837031818,-0.001211376408611944,0.07141661101091998,0.17978550450482875,-0.25048118113581014,0.27386613749431366,-0.22659745084050617,0.3359290880062722,0.4116909649762141,-0.12945439934980307,-0.03339243601631893,0.3393144531360925,0.6678805527417074,0.12912674211393366,0.13610075029189175,0.3314955616028916,-0.312712472153951,-0.2435215097534224,-0.32748337262205873,-0.04574161775477644,-0.3035230376761847,-0.2923707151741235,-0.4407104559713287,0.23396603381641293,0.06986028068966238,0.05657282082972796,0.5568242925516517,0.1676655171050172,0.2243115219960238,0.3168015673464576,0.46544677832628034,-0.16049179001361213,-0.1338679392545541,0.438964998303887,-0.06885650383303549,-0.2845646107080078,0.5116715026516876,0.04094896016731091,0.5709523745949355,-0.3037628475827848,0.6262502889941848,0.043860362605175986,-0.3247008625429318,
0.5449509753517192
-0.416232698960818,0.21832075269266515,0.32235744663985466,0.3316793530760487,0.2390885527252991,-0.22260189217026372,-0.1430584712380457,0.11272593907626016,-0.232314938149323,-0.03274048172588455,0.4185585221895747,-0.33069236315905876,-0.37935697158529563,-0.1545223176679668,0.1509465633592025,0.3440645838644362,-0.48443898127621143,-0.3219538934841953,0.27506025329360856,0.11488231893242166,-0.2695519375859067,-0.4458989618823606,0.2829449919855741,-0.210079330734135,-0.07974876976333417,-0.24725326390207042,0.3992188480981434,0.4607528318250424,-0.22058154499902116,0.19071342749357578,0.42696321010730165,-0.1974083873115976,-0.33936508381638786,0.393666777175711,0.19445633998510392,0.44715147502982816,0.33544802982150285,-0.2535050220880261,0.27725832061284567,0.1804275421287441,-0.16927170760982946,-0.09025435634445476,0.3069600278858391,-0.23358800354802128,-0.4360988518177957,-0.009782718543251637,-0.3762367644464334,0.3298793616397013,-0.13592015091327458,0.3823021722489198,-0.6085626338197659,-0.426155196793481,0.4268601680843451,0.45649189334197476,0.42121553825588975,-0.21088583690908116,-0.05053700338512927,-0.08944598693553373,-0.01461507398988241,0.3598045165281957,-0.3875528404613682,0.20947038321035513,-0.3290652985491718,-0.12623399596078197,
-0.08978862543075207
0.524033766440968,-0.13103871248899873,0.21547211103152647,0.6734609213057545,0.5479011510637095,-0.32790953757564545,0.28162233328453573,-0.11030508616031856,0.0941243624977277,1.0330290886315256,0.18600264661186938,0.19288286728954812,-0.4408578905723487,0.12444166962560217,-0.47549321813387657,-0.11907575952397637,-0.8338844069252898,-0.7193616105548353,0.4540035828492198,0.1710473322173876,-0.7578937411834268,0.35605350750283354,-0.4713459199923316,0.2961026913596623,0.10166375720537559,-0.33733286851646554,0.20574197649720188,0.18653860182656581,0.6933873339600948,-0.1999439790788771,0.043245297564300386,0.7712313634129334,-0.10655647285465718,0.037558857332218976,0.9063480204641553,-0.4628995772089703,-0.8026398776151707,-0.4666832405583379,-0.048180694557127056,-0.21603512880099077,0.1170829962511076,0.05391048066261235,0.6785621751824056,-0.4191716646342355,0.1991841521147184,-0.1719861243587108,-0.7978242463716319,-0.2225668649802608,-0.2825236864763789,-0.517267324891593,0.2670432918407848,-0.21352397920672422,0.22114955057865832,0.45439757546016807,-0.041080766523069565,0.15323107432676436,-0.1611962284474193,0.012678000446235948,-0.35574319540095245,-0.44829943695840524,-0.0068690097970556425,0.04595220479771043,0.6923409727837745,0.3066901763078684,
-0.18183821695765756
-0.2970677753734731,0.08073818181982811,-0.3042787541808632,-0.21244332084668194,0.5009686913726696,0.3621136004197867,0.24464707978731343,-0.10462554878723761,-0.2038560389877364,0.3288357008564922,0.37756492708473227,-0.30362677536843147,0.055501694063293854,0.22011871166623506,-0.06801585296171474,0.46332502634299344,0.17703717204856262,0.33694283461321306,0.6486634857874737,4.427551327727209E-4,-0.16872130190685072,-0.16937296812605632,-0.38282076086039707,-0.05833180450160268,0.1839849684521031,-0.127521835183869,0.3110753499806038,-0.02962850939896185,0.3162023827525494,0.13023707495822237,0.20949335466825622,0.09293041143464957,0.39397259316017585,-0.1358752992042334,0.1816756918219241,0.012253247362195982,-0.1126874033968632,0.5537782742389036,0.2818455307798265,0.2596318137427628,0.45380461714090864,0.051679085835537035,0.30215622668939324,0.26891687051236135,0.5029647906531154,0.6170668517485671,0.5490566150620549,-0.34505904231849754,0.5034996038724638,-0.11206939855103834,0.03432520864847162,-0.2089780295834967,-0.374808768230285,-0.19061274770749842,0.11675806944247759,-0.09451650113770325,-0.056956476943809266,-0.34867259256608124,0.09552836354356144,0.5895780115938474,-0.1522078893196536,0.4025957302193823,-0.36041696059042316,0.17101342332975789,
0.30486424997631645
-0.3543611041011441,-0.10859279938800517,-0.07349502592382241,-0.15510606342700947,0.3717536935578861,0.5546248045758285,0.2163793637273012,0.5031725720191761,0.35246949474258726,-0.24370396215249762,0.44867008716883444,-0.1465741157624956,0.39484859641570114,0.10324511520298335,-0.17911150609743648,-0.12689519037997382,0.5095210764929408,-0.11537942673266413,0.2786627915207275,0.15098555672555386,0.3144551010826639,0.3489257880925161,-0.25188991342324735,0.18990128236118223,0.27457342983533356,0.3855499547023346,0.12235917320736042,0.025966233520745424,0.4472202728712561,0.40842558919980376,-0.14608380290609677,-0.2404843928942854,0.08887364181952727,0.40478784221965464,0.08456406422931566,0.17500370820501981,-0.13917011762179493,0.37712832481887,-0.12941155386113837,-0.16358995547832308,-0.17078105830541232,-0.1883462877004468,-0.1217448284035259,0.23949131109095698,0.6149593442752466,-0.28223278356616255,0.31802141388141336,-0.2769794260083484,0.1389112849663575,-0.21648513294581395,0.1288737815062991,0.02669992775904469,-0.14674285183696642,0.6333901899691703,0.6480852702546182,-0.21793443745960134,0.2783838182141295,0.17120609848137175,-0.06528023069230156,0.5926809638939374,-0.30970006372769565,0.6003690119311362,0.1711811577642586,0.1692087763672404,
0.11596028752471357
0.5496876649324711,0.21690123069780648,0.10045497569376524,-0.14379126989100377,0.36494152366399196,-0.16221966527584514,0.5563329226147946,0.08009638299631466,0.29585733656523777,-0.3588041137076562,0.48593706818906324,-0.27905495059149465,-0.27587787657288804,-0.11331949862737045,0.4930495361493067,0.02805403689504164,-0.28740866941014254,0.409293141077481,-0.020932681792961635,-0.19549434098051147,0.17837414635011262,0.357286774282036,-0.36233918297297,-0.1337135260514599,-0.16711124629314725,-0.340771628767837,0.1710969243765398,0.19506132615521515,0.07792459966065007,0.30458863233943717,0.5699080430895659,-0.3277254432963603,0.50824605517575,0.07366778560233991,-0.2647464655698163,-0.2190809283639361,0.11645374895888966,0.23620114454900407,0.11300962023012587,-0.304655736704997,0.2404053965964234,0.4093060107519652,0.34463846303939644,-0.2517011755595463,0.3117007519264305,0.41610629950194233,-0.43518199793816975,-0.04597743498871534,0.35927293343309413,-0.39712911480717,0.21706279613307347,0.4854259520371173,0.3579705256315058,0.38902933070703005,-0.3223046347377189,0.2300554171389251,0.03255442409366024,0.41709893695019734,0.10748988548962979,0.42561786771091475,0.18992516788448727,-0.09174055504501466,-0.3849860596782741,0.041000336375718635,
0.5890386313135885
0.4145382599738981,0.045777752801492405,0.15445676687707907,-0.3933181991884895,-0.14485659057241307,-0.2711306766755752,-0.20861417240935468,-0.3915766436308328,0.24532818875274628,0.4712508070977531,0.5818388855012725,0.2563883465974639,0.06305728615211949,-0.34054824605683726,0.5838907915472887,-0.3782210778572666,-0.14768514825145918,-0.36440307850989584,-0.2709278468019447,0.5076414348281957,-0.362600747758421,0.13433619005930603,0.16004793525568814,0.48781526679239595,-0.15697427909936584,0.5409532400511455,0.4684852314058135,0.44166750208469063,-0.10497624152177752,0.5810345683619287,-0.1077839326334621,-0.4161576922778935,0.3072195031031568,-0.06459985959438584,0.20378218014693772,0.38259017024985387,-0.21359917189127045,0.46796705728371923,0.08862303833313563,0.13236169235390846,-0.23298168413241876,-0.36842385579861775,0.07895889700244332,0.34329168776901686,0.22168582647443308,0.43707859941259974,0.3073472412416578,-0.19439488793520224,-0.19159809861157423,-0.10042288570993704,0.5225627645319599,0.0055932920631877716,0.32975228412232854,0.29042352962180806,0.34873348026767903,0.44522532991122077,0.4998423523875503,0.014698679400980841,-0.34315309580949716,0.10403162598076227,0.5581880324967807,0.25152002281540176,0.22441807646285306,-0.22654312038319865,
0.4691483994346912
-0.24065001452855062,0.4027924024581708,0.2736574488327239,-0.34442338422849317,-0.45540404912433496,0.4522025278683353,0.5428569037832282,-0.2639818337574393,0.06992272139972536,-0.07350052066370061,0.03482793548395308,0.1075670303925931,-0.10092452688647535,0.021947914402205736,0.20973634540238772,-0.18416756989460484,0.41943523870534116,-0.39395525173578866,0.40048753001361165,0.365981537240165,-0.459616220007641,0.5768385638866126,0.2543893133305673,0.6315472554442084,-0.21685179532866,0.3902071227419834,0.30270754892197244,-0.18411136135504838,0.33313215356120035,0.5228757770278677,0.5337263167708723,0.29715547912417534,0.10422750330387323,0.2694464732081758,0.13194915002667132,-0.36837054771153105,0.46758130223477967,-0.39632201292929986,-0.28935019625777053,0.4426505459088424,0.4525903782982648,0.14300626534467611,-0.03958683859789735,-0.09434717260083544,-0.2719378892824499,0.23361394667237584,-0.3056799348997683,0.4212666291274339,-0.48144903285073387,-0.24303477952735394,0.05176486220176268,0.47689138360937494,-0.1645002833934339,0.0421417363094295,-0.3398329861390928,0.4612144301623579,0.5383010074287402,-0.09899546421780041,0.3781970447811915,-0.111354110898079,-0.3180650068236869,0.15223503867016064,0.2476408140776838,0.11352737476512602,
0.12937829604279472
0.18432920119035207,-0.2501680750658301,-0.22357731812551096,0.3601541007528575,-0.41100096605076497,0.09524671402975031,0.014913925231909505,0.626523417558532,0.24754954039747765,0.46907009727025806,0.05716992079042983,-0.03737333942823424,0.48877994297975863,0.6408451724500298,-0.3558556705485987,0.31285614422133273,-0.4283256301367982,0.27280501596716794,0.5897199599753677,-0.11309247566446658,-0.2869595418957717,-0.06399757794161265,0.12225655227133504,0.4577579780322815,0.08358665108302789,0.08693240233430193,0.5309096922203467,-0.1073842046971668,-0.085470736165999,0.03975375247275051,-0.15326397182950632,-0.10696088906436595,0.5207940309040993,-0.25315283257966137,-0.3254964233868982,0.45060758271984613,0.43530792207844876,0.4732181673462299,0.5404426671563005,-0.15705693326245762,0.02050728920211802,0.028142467082608896,-0.1731775113064104,-0.10438317751318038,-0.19359366982470974,-0.30454478542853997,-0.011778474265278326,-0.17078379408054195,0.09532803036646624,0.3466087649092608,-0.15693106687673092,0.1331160739216861,0.570682431927038,0.2819507955725008,-0.2576750260626692,-0.4456696930728097,0.23867417575759356,-0.461765988749587,0.11533831193856296,0.39494036009676176,-0.09152194807282625,-0.0550448064508298,0.5929457073305409,0.23745737473595088,
0.2619415432545098
0.6708254134895544,-5.379074091484205E-4,-0.4553688987279533,0.4307116180747295,0.3096727638413972,-0.33400239505164836,-0.35129039966120207,-0.017316091609460696,-0.110382561948976,0.6842779688625461,0.26410520208324945,-0.3244142887573525,-0.9868282975474582,0.0585993035477659,-0.2776102349765048,-0.41824709331070287,-0.5404932809247666,-0.47627192540517527,0.33060440292295556,0.8234164822089264,-0.5975173413852424,0.5420092425655323,-0.24088655952794608,0.3748206464342349,0.41465556767805056,0.34500210456062724,-0.2770106977230027,0.5945211651535175,0.7976720792242229,-0.3430332536233904,-0.3053324033673262,-0.07383270905390117,0.1255125801447439,0.2622466976768553,0.5818125347076593,-0.2273921987892091,0.047691492777006836,-0.4085281626968621,-0.10186920848499033,0.08527190874157538,0.1770800766622022,-0.4169259237368789,0.24584639436586014,0.08715600072110914,0.10962200517603612,-0.18152935089954053,-0.7129722962686263,0.3680951651619776,-0.041054658502024756,-0.4300417316409684,-0.5619710590788389,0.5683594632784633,0.5037150637467797,0.07171817988655131,-0.38685362423669395,-0.1112431472514888,-0.0446629225218372,0.1499626193222119,0.13215449922126443,0.4381276445941573,-0.18535307794420883,-0.266851218978758,0.22651285451625375,0.8121939837818886,
-0.14329535004606855
0.24190276187686666,0.31416721701679434,-0.117691275579178,0.0346138526085305,-0.045667644582417,0.6148263032090826,-0.13381494150175668,0.016792319872992782,0.34218515017743645,-0.030840668825772563,-0.045011423314078036,0.025008462817018257,0.05694020444014488,0.08257349851826543,0.2597298958977604,-0.20912769062462574,0.346548588803657,-0.13102340114675048,0.05565503380646286,0.1448268060962409,0.40863527461519017,0.40238690158448837,-0.4658422042329132,-0.2656933266885475,0.5336881167376795,0.05222359796071669,-0.03342855556708154,-0.10554558004167106,0.3809401123407636,0.14350257216645126,0.247715000143854,0.6105334200391208,-0.31376349366464684,-0.2599855330240762,-0.18320309066401166,0.10838714775971565,-0.054153662960796156,0.07581872162990211,0.44980432422720884,0.41941690268870324,0.47007314438492537,-0.15382835907033343,-0.18576370695384106,0.13530888789229803,0.36040743664254216,0.38011929634287167,0.4083224329535334,-0.202150832889048,-0.23741911879958977,0.041949507927812234,0.21037890819809849,0.34083602741532004,0.4207836439665677,-0.27693843813747415,-0.07262233900546014,-0.12602157732844804,-0.0025121663783801186,0.27261627331676297,0.0626508158372786,-0.18269764260032906,0.5278625140260792,0.5871423171609647,0.12405822554227412,-0.3403783430399348,
0.22588254062749744
-0.06706853544885913,0.16979724836793275,-0.5427497887117965,-0.07476788280752047,0.25638452541478185,-0.14254538172085643,-0.10122864877432168,-0.2341977967763357,0.09527866025976593,0.0662684620610603,-0.06664774929264396,-0.1330511535918558,-0.05544612895677802,-0.21261736766887054,0.42592228891421785,-0.37233782918060027,-0.4184169621589741,0.01306533253258713,-0.133466194059053,0.12887501095465562,0.30779632507714655,-0.2991856728456088,0.25674927045824336,0.3934798268577172,-0.36029372382427494,0.31217912679511484,0.05553098208662083,0.14474351894898776,0.5337100231552996,-0.36393744275835277,0.3797980787103169,0.011459893075876814,0.18079149053487248,-0.24288270793978267,0.4620612014417642,-0.3926560937708938,-0.49825620518184144,-0.4228934948176021,0.178945247349343,-0.026762945385540138,0.3730352657664901,0.055849211996959726,0.4277719825713565,-0.05600217028554624,-0.5592771080367244,-0.06457760885502425,-0.09471574775489439,-0.5935282152940752,-0.34225478440892976,-0.34365587629341426,0.17855582444629486,0.3962360569839103,0.3426796059062013,0.4623241899645744,-0.37491159893744724,-0.2785950578034702,0.2626140379428722,-0.45120596581831446,0.08510110634191088,0.359786142292357,0.37846844519832445,0.2816208194363135,0.29501860004919284,0.5620708782894674,
-0.28967448005360236
0.5825725142099473,-0.3191263597485706,-0.1440183864270432,0.329581283457093,0.04525191467615392,0.2727609019785712,0.42915847029882204,-0.08877834506784268,0.255608778706036,0.24286159819273087,0.4880440502016574,0.33532348453107597,-0.162062359827335,-0.17821471939383735,0.22803984089294937,0.1726662005951074,0.09030559946623475,0.12292591219024948,-0.30726891619766766,0.04368780958189096,0.2218730045009662,0.4873740277836096,-0.4590527010147408,-0.344590927829257,0.40846078721968254,0.5176068838582242,0.10919641416456775,0.2461070012933297,-0.2284041606659781,-0.12976251145155795,-0.2987668542870905,0.08677841323791466,0.2166027049202759,0.4330210223661789,0.2818994855583441,-0.30136471560746253,-0.17695772401542095,-0.022332577583180142,0.4264778617572995,0.14672017919578897,0.33932165959095084,0.36308054964816283,-0.0011101190026297858,-0.09727106277992718,0.4564443203209689,0.2137329276464328,-0.05104808552150111,0.5191228828974189,-0.162834580549948,0.4313966601553479,0.1064301965549251,-0.09329331604686439,-0.4318110199943237,-0.14817412450284204,-0.13486702812130952,0.09742644555988517,-0.281143305347665,0.05204325541598882,0.2435845931252186,-0.2893894125841681,0.5026865803883334,0.02187403042698943,-0.01026400468185311,0.15540015470532265,
0.279160225197536
0.030128467877397768,0.28466804874763635,0.24081125355434732,-0.3282876249633213,0.4938545078833897,0.4183132617229629,0.3768336972094935,-0.24702354599163381,-0.11191226483085216,0.3481598314094889,0.5793048026732273,0.42136577821303,-0.1424409699675831,0.3310514812198195,-0.08631969291862845,0.23559142530060334,0.13671359656330695,-0.3790533318071719,-0.048872277028748475,0.5388036173579193,-0.24547593561076933,0.1963403383556097,0.31011160793069736,-0.329365700821632,-0.4349369069485853,0.4111642358099542,0.15503993568941138,-0.43389879826359007,0.49117277085355854,0.3035186494572129,-0.24227852535393068,-0.32817771409834917,0.22808866025231275,0.43493408575243153,-0.3322634520878052,-0.3619757016212004,0.23033768169738048,0.45166513054162355,0.09827918028188104,-0.02329150775603018,-0.2517507052228208,0.6054510203492657,0.295182903129272,-0.41092832204150953,0.17432112043576267,0.3377002222670263,0.05522391896453057,-0.11468931827395042,-0.01197589970958837,-0.2892066393734977,0.3765987370954981,-0.21962296435519096,-0.2804763167138279,0.08233552817802799,-0.1556935524176378,0.4834803858478043,0.3136517028003488,0.11701234613528405,0.5149236588882526,-0.09442561414483347,0.3219975330887795,0.6036599742291101,-0.1906986964309923,0.31237262484212813,
-0.3512704118715753
0.050739706249133376,0.5165352951857288,-0.023457423384948228,-0.16486251570849061,0.4484335864277074,-0.16145052102431887,0.5757683333406258,0.535736645568711,-0.09489573238841251,0.0028303345670603604,0.5839747981935445,0.4210611415155394,0.44608766662268884,0.36553319600682443,-0.051070453306891105,0.31078111513474516,-0.30648674800275233,0.5238807236688962,0.2898916812557088,0.06988246366603162,-0.10741477508637474,0.18680749311918424,0.22136014627253575,-0.04175402103971276,0.4827131843235477,0.27702568981297354,-0.35960244639729155,0.21417009698164255,-0.3462409121161374,0.5199976455926099,0.2562853509262105,0.614483401814777,0.06660649251265355,-0.25980249326108934,-0.3745903683449994,-0.012831534485507189,-0.08219143497079072,0.11599370020861947,-0.16888388019981004,-0.355194977320198,0.6240590176468245,0.577367514703308,0.014443776178112456,0.03640792314911406,0.07067544510382409,-0.2517422650116205,0.11384046220509897,-0.003398736117009383,-0.17738142695247772,-0.21848518220965302,-0.0258879800022626,0.6284651758576647,0.1695974976858765,0.5175192609898674,-0.09623541087482654,-0.2766872300600098,0.5550779077864129,-0.15769108188633052,0.3044543012958693,-0.1965214516235838,0.2951140534945575,-0.07343393139133099,-0.34080606362571947,-0.2769755206763346,
0.36208534699476813
0.4486808187375632,-0.08311252560542703,0.5401590928604633,0.08012452626709124,-0.09091537803584707,-0.20389439125141065,0.1408902829556578,-0.17721528933243588,0.3154970099152638,0.046752596094513175,0.4838978340868127,0.13911285558396114,-0.26407654971494987,0.4364803975066949,0.4153091861978232,0.10643074094783517,0.4910303523278111,-0.3937142469757198,0.40925739178228626,0.04857022981153484,-0.050871732175500395,-0.23124721669802906,-0.12299266609387928,-0.34363372434289685,-0.1783849031807144,0.5534447825965572,0.5444606034153707,0.48285728251015547,-0.2962623172828214,-0.3118783303709366,0.1499122025141553,0.1829658939340155,0.3190919718480245,-0.36724372846808545,0.2627061028975228,0.11286969067631046,-0.061607929653849675,0.04670769331658543,0.4754189825494144,0.1367688735758521,0.5105796879322732,-0.05248654654176613,-0.2847878249153589,-0.1795332112325938,-0.17650751058891673,0.5757526735627019,0.1613174548809437,-0.3834598107024754,0.29405673053987413,-0.07104772040481477,0.16809420496085412,-0.2664158101768578,0.4347436833706307,0.19603686980042404,0.20256180350676267,-0.31133748156498947,-0.022058862883524568,-0.3352745124400006,0.10084768206627338,0.6238387639885365,0.3979789488120349,0.4560695450777404,-0.003536176385852534,0.12733184760283145,
0.20857805573873714
0.3768989492861575,0.6292941746696732,0.2775083602036677,-0.16283011779304934,-0.27170522619235676,0.2988886136237367,0.545401568565551,0.4129998494291633,-0.02615623329597499,-0.2710535726287547,0.5303416008072654,-0.20897742424847707,-0.0055421315466375985,0.6421607383191998,-0.04626731654052911,0.11566204466189792,0.3642745998962526,0.3499274266977878,-0.13892818258676873,0.22837021901380297,0.25295603264912925,-0.30663228283731664,0.10902827171201077,0.2383200246761995,-0.2039523696945245,0.524863081579239,0.04014850035054251,-0.12804437886795775,-0.199354417892701,0.48493147890758515,-0.21577388949804402,0.2721496693864146,0.25890284259756363,-0.18121713065791623,0.04580147737934343,-0.14782500453039946,-0.09885960345301008,0.02030999520209167,0.1726141765139791,-0.05162106397581263,0.1751465517250672,0.14121144020399617,0.31218799402435465,-0.016088037158938213,-0.1573628165085564,0.17181128955245198,0.008162176770888848,0.20792923021890655,0.09961329591334606,0.28544859755688645,0.28932662214379296,0.4230125597434656,-0.3176608409088341,-0.23235049201939414,-0.09755145195706673,0.05737056111347097,-0.13359457501925748,-0.25669147664298725,-0.2118098943660478,0.602919721144977,-0.04376724856346806,0.35114808604014036,-0.29119233711371023,0.580181632042666,
0.16454327265759391
0.04733330912131173,0.17569767106876197,0.22283336482476118,0.29144994635904686,0.4518186986107314,0.2719921983079883,-0.3895336643599953,0.3564082638192374,-0.2528283366770962,0.9501564912614439,-0.6089195189795341,-0.40408306679093753,-0.8403659737795247,-0.04963406779833473,-0.04666541057552925,0.40242696422773533,-0.7148679857456216,-0.6066967047018079,0.3305358653721274,0.6547737067989666,-0.9114956413410208,-0.14345876109468852,-0.3334220008082315,0.17325884472217687,-0.01753799449916417,-0.051018174040708957,0.011168815476007099,0.16328243449467358,0.8049786940170441,0.2550194689165394,0.09115328064175368,0.43644109276841125,-0.3270798908561556,0.45843383341434757,0.5291677423473228,-0.35002090256774976,-0.7895549729873929,0.3512507222069985,-0.018911186660015095,-0.35284597002375145,0.18019583836419054,-0.46746954280320846,0.19579765313354863,-0.06178621928926387,0.33103720157920785,-0.1696969639067439,-0.5432674017477018,-0.5786987193548473,0.3132052088291908,-0.14171937534340234,0.20124670663845495,0.37864944996388894,-0.3970968644623767,0.30656068432884526,-0.027581054633314884,0.4410839516913101,0.4440070311022376,0.38307583380042004,0.15826852075920061,-0.22796800204251252,0.43358572387738853,-0.24528016879451228,0.13116153265546088,0.23590623778166792,
-0.3441746480510517
-0.049456061897777896,-0.4363277655441154,0.32031430438166836,0.7063479878564795,-0.1651762568344406,-0.49733304467610273,0.2983412009223226,0.45930261532478694,-0.2179362599018709,0.8693724780617387,-0.23389091592107164,-0.4387563107502638,-0.9195264593950455,0.08616717219665768,0.36938248890816155,0.16998221519654497,-0.5889275814288106,-0.17449737814116764,0.3641488090139398,0.5450448321678136,-0.5841284792952377,0.32745509961345826,-0.493551208311919,0.42359378544705545,0.2587030154564206,0.30506390504220704,0.2520810786862196,0.2437119048632708,-0.1124975174842388,-0.341326067637697,0.3737540551879304,0.22605936200433227,-0.5638871098517875,0.10992977823998311,0.5256332637195266,-0.42751176426288584,-0.4020629255544531,0.13382684123799404,-0.400588893757938,-0.24088398448610043,0.14414985137992145,0.3615810395505022,0.4812992336674233,0.04923835583200833,0.33707090154140207,0.21308582079401484,-0.3709009998259389,-0.021848119721925744,-0.318322203133358,-0.04573964772960171,0.052550250696113125,-0.42266353331457185,-0.04130990410621116,-0.06536134939106852,-0.2337235355832967,-0.09268983635056989,0.38873443665102736,-0.4660889757665763,-0.32584114926918123,0.21294095936050977,0.40674180442769786,-0.3757512047269551,0.4862007624658724,0.23604912618073776,
-0.27798310473404797
0.3385592796528252,0.37772250961344733,-0.5285746045396197,0.8149992106048476,-0.14935454553996558,-0.0751487398630642,-0.4738259862150432,0.353201748499012,-0.3471823817412257,0.7791811736418646,-0.41923982452508124,-0.03640501553153884,-0.6836227652674073,0.38161836422076784,0.10944646869883984,0.054604595629048326,-0.8792577073758081,-0.09192115164041788,-0.13514384541630997,-0.10740848542185945,-0.07639429823184608,0.31386746971243934,-0.42342503165163287,0.07293417133741395,-0.16018166752391597,-0.5439515118324657,-0.4279572599766836,0.5225013360542203,0.17057909461863943,0.12192656877372927,0.37756013475759687,0.5999890850859958,0.24684219966463303,0.07177399414936098,0.1619649985632398,-0.13551662944339182,-0.444298545745104,-0.06576931148452586,0.25205646803262843,-0.4273388685658124,0.22526917815573475,0.2886429845087052,-0.0037294529552071996,0.11937824696459334,0.046481560502235834,0.009996674957871224,-0.544028438943311,-0.003532007354313964,0.1465369399412704,-0.4952250071011866,-0.103424928960484,-0.31308430478310095,0.03419638451226596,0.12162450746086163,-0.3278369973005995,-0.4673586289770805,-0.19499424629724604,-0.3025445490786385,0.1949464142718186,0.2039612934310623,-0.3220136692655525,-0.3810439184824917,0.7056265909959991,0.9261364538693654,
-0.3405181537141442
0.5035027175820181,-0.10784172266754032,-0.3333988244030191,0.03638461263075465,-0.2983967808246511,0.2787886912293118,-0.27404909044050524,0.10040101547271442,0.2013286492161348,-0.15540631801826862,0.534190825086595,-0.4238258691466435,0.46092793461180803,0.13441174124051194,-0.044111861734373335,0.3925034018329029,-0.009077597930218657,-0.4767915373760311,0.013356734793386189,0.1526723483750675,0.18057654666280107,0.47013511529909807,-0.0031044509252565037,-0.2085297016561876,0.3009619464103876,0.2438262827519018,0.5312640059998349,-0.27272864805568703,0.3226277960066736,0.5079093025076834,0.35230016158138566,-0.0817439834396885,-0.20601808342541034,0.4190361946137757,0.04723451458406708,0.4267342433925635,0.18386800070448917,0.4776748933597002,-0.35131299770533947,0.031958611205311425,-0.19926320953142282,0.600806160760576,-0.24707337876608754,0.1956895832945351,0.08497321971261963,-0.23452465446012233,-0.2883234927601997,0.03782559995901558,0.2819200510976198,-0.2595691760123371,0.4644317937362891,0.10504303409954978,0.5326520570554255,0.2460141807716245,0.3058328475013983,0.007095372433202347,0.2711567000557834,-0.19965501402499464,-0.14879606671693105,0.10410465427161342,0.024232256001598007,0.1908623855179464,-0.2285624102734821,0.3790147229933309,
-0.22726835502897666
0.5504449560710217,-0.005884047707127053,-0.003523784312750524,0.37433807916462475,0.1486414019499185,0.5062155577535903,0.294837651472274,0.8740926571337675,-0.37243090375302657,1.0377305327511783,-0.2187468409566827,-0.07416250561051313,-0.6294711009505637,-0.1656688023125912,-0.49801720539660793,-0.06513890936963909,-0.4450239151417576,-0.548735691435298,0.2542973794415481,0.4842075548042049,-0.4397444406417202,0.0914771998836054,-0.21437488817816047,-0.25405153392847013,-0.25386311882731233,-0.2005240666841547,-0.4770177198370393,0.4703106654054857,0.14116210580602562,-0.4951669926487972,-0.44100677141497,0.7455410300913082,-0.29645418579430094,0.46014819141951896,0.16246911891565516,-0.194145097517883,-0.7916135037692656,-0.2004443038454031,0.3767480549277889,-0.18116514375216689,0.3517416611218668,-0.2028743039909742,0.7854637027612763,0.053291835008877894,-0.3633662869463503,-0.1550240074042737,-0.2804029754624045,0.3134165207755256,0.4608015607824795,-0.1103324107926745,-0.302401670163862,-0.33323920713073313,-0.17635751683910214,0.3301346825345195,0.3714401663530619,-0.08777803256562958,0.16294593212304478,-0.03692255580293101,0.14995234869544152,0.05781891338570034,-0.37730859564111474,-0.48217778912102244,0.32941036197480744,1.1751645679790697,
-0.2756043640549175
0.6163090830818374,-0.42270611035324507,-0.5609437388256614,0.6774435328525252,-0.2314718779289958,-0.22638103371530413,-0.49577581315228103,-0.10190554785671113,0.2845680637204823,0.9974625866638992,-0.48816217714021903,-0.06539161611390548,-0.49253280453337694,-0.2712593939069289,-0.2787386130895634,0.2349838560672445,-0.7772655719888582,-0.533411106334192,0.7322586955737642,0.32826151164593076,-0.7425299306828955,-0.4565596130019978,-0.5931728161514673,0.49427701118832407,-0.14042729977147667,-0.17174999304749394,0.1930755193928374,0.27757919879388543,0.042813481469353175,0.2885055726536427,-0.5418764449710061,0.5873433128581373,0.3753136846067139,0.37906460972428396,0.7563016604872181,0.03247753558745533,-0.03031103121343169,-0.1665530014961982,-0.25745969842484107,0.3072983631347008,0.2106322277638835,0.15836375966988295,0.42756527701563285,0.38657149507526906,-0.13126111198213997,0.19467029915690476,-0.34977106085013127,-0.05749128913416465,0.3057876674775809,0.08422316931952463,0.19521182714840435,0.43250098480582033,-0.34921082201605497,0.3676969694469472,-0.2200368139883161,0.2805315629092225,0.5656582026842345,-0.19064227709908965,-0.03497546544418758,0.2504723550987116,0.18509818983410622,-0.2959673316069638,-0.15470144556617324,0.39722573628236774,
-0.4183812590075879
0.09710310249011508,-0.45468753326343225,-0.43854977071880996,0.8176145139052818,-0.30157752135105936,-0.26689623918648925,0.5239807638864723,0.8540910088900672,-0.32108453021692485,1.2723523545192494,0.3025888567935046,-0.594159152671277,-0.891080491957183,-0.3053406704863326,-0.528787744680979,-0.2332059768009918,-0.13748485917849806,-0.8200387496129974,0.18574445050265545,-0.01621149852072664,-0.405970112099173,0.21014915113363983,-0.5823842117496184,0.28919789404857466,-0.19309151473470748,-0.24230530194619293,-0.3615916874983858,-0.016822605541339374,0.5911251551696085,0.36671391659438207,0.44832606929617225,-0.06484671466038694,-0.15538929197325982,0.7673869428651786,0.8035646692436109,0.07826540777584849,-0.8792120574665077,-0.12810933714655806,0.3772885733012124,0.013333550239206597,-0.32133334200660224,0.16789668086583043,0.8482932998396738,0.43915015933988405,-0.27068466227230875,-0.2452712637017533,-0.7291553611253896,-0.34178272851705455,0.08639613397846993,-0.5112245215472284,-0.39185195959596997,0.45916068065254717,0.4468901600603525,0.20318588539304813,0.3965962109063767,0.05284393697072303,0.3720636997822844,-0.19571625765927908,-0.37915074308776575,0.34537526932511525,-0.07583165066145264,-0.11735527746585261,0.22423075618169064,1.0803756510607834,
-0.10608062162683421
0.40018510593276746,0.2043195553449339,0.27311511071290195,-0.3578005841120934,0.405179519423192,-0.36563070884138194,0.5258276378178328,-0.07472716367886012,0.5843478941185204,0.038150784918183564,-0.23136582145771903,-0.4753886886183015,0.3586817202698471,-0.24626556548289047,0.2884430653996179,-0.20534710529505953,0.1514774535713218,-0.4321710954290452,-0.25671322728553947,-0.09446486224418076,0.19607774063913042,0.4154501461856106,0.17248438225382764,-0.09975575787002085,0.4563374932908872,-0.2645004050714415,0.5546016730708815,-0.33974611037443514,-0.1010194671140547,-0.025080582669877918,-0.1427054867596503,-0.12017148158234592,0.6323834785969515,0.30240808715268647,0.14245797520843534,-0.43428460776927796,-0.29216618540569045,0.24511792709326596,-0.14252082034059912,0.0528098822009156,0.0031322571981531487,-0.35542538972418586,-0.11127797261330113,-0.25167439656633445,-0.367192319794199,0.6253909024235018,-0.45408345758947727,0.03730734638082547,-0.19856155224423064,0.46309789276342983,-0.29882799493554957,0.5894331574506022,0.09695770129802249,0.21919709363401327,-0.14727686633132367,0.12836111526136879,0.5763770594646731,0.031113444153465456,0.005679024668781861,-0.11658079551161309,-0.1369345715753519,0.3552210444502682,0.38551261841424406,0.5053501251806468,
0.3982990643537609
-0.06799582260111221,-0.3234957502709834,-0.5142695413942304,0.777503691537145,0.41961758349445294,0.1314655333072334,0.08721100128581186,0.6156129972320898,-0.30240899627656387,1.1016010536506358,-0.2203949023066912,-0.4943909858359409,-1.1598617063142405,0.01926636031112188,0.06337514125974554,-0.36751535078509084,-0.6459504052344571,-0.41490976839603705,-0.29806022918535113,0.33064197033587095,-0.6531128460180545,-0.28771088066640493,-0.1468758775921536,-0.26850772249464444,0.19395115269012014,-0.28583009464011855,-0.5850313453391777,0.46524318701791495,0.16544846814132794,0.13922054019556732,-0.03392668788771651,0.20014252529324228,-0.16832022981215947,1.0427447771393865,1.0816025418400024,-0.45450338674307733,-0.26825912765069193,-0.43085045283223217,-0.5936936170230861,0.22787802375829938,-0.02301498527983282,-0.2292760823403177,0.36729223287681684,-0.30998102635421393,0.25289782119657406,0.28207992469988236,-0.17527054653466984,-0.020067816857164023,0.7358644098407467,-0.5575155427955258,0.04164643588264797,0.5241725980059976,0.5037256740985874,-0.16939824678568174,-0.15968024630358493,0.13359192498084274,0.6611543590461076,-0.4474003309297148,0.21695441904299007,-0.08564903533335211,0.41294648966190756,0.13432907540668504,0.6747366035798564,0.8866667260459584,
-0.262691171939735
-0.3187591089716512,-0.20785709461457674,0.3654329438522881,0.27958302616031583,-0.11262323528740426,0.6007579228502165,0.2210072432060555,0.045935890109739023,0.518065909926825,0.35871642141863236,0.008052573281701163,0.29523452100187847,0.16538763344069896,0.09954485576959016,0.5610547894731401,0.5335874664378826,0.20443786099479921,-0.283203778319824,0.5504566949300126,0.235839288621077,-0.29294389541681864,-0.01817255377566979,0.43849902948045216,-0.17467765404929925,-0.017582755268335516,0.5223691748794581,-0.044822904715576914,0.44722801850890676,0.11476674883535896,0.5124880263545635,-0.17205399236012786,0.366167905413905,-0.08817989251482411,-0.25728605309669983,0.2776922957501161,0.014522687620353714,-0.2071703576099466,0.4623823317433127,-0.1551235188821401,0.14011565434428253,-0.2999154098439166,-0.24289142169910438,0.3408508313436849,0.3422432707580488,-0.2049216570950568,-0.29095768648792575,0.11906546358102947,0.3377879510367983,-0.4629996514131194,0.049323249613089,-0.10196246700648716,0.05154226533282043,-0.030309874269227967,0.13445491867826792,0.28925948155144005,-0.1836176515744466,-0.017431265865955663,0.058537556947988026,-0.07559456968943162,0.12370787726119291,0.37103732464239914,0.047015948680484324,0.17165613313040476,-0.03852900201227881,
-0.2686363926074046
-0.1511001362478588,0.2813410849769065,0.4254539518753286,-0.24993254699949535,0.20884022401208727,0.038090717866903094,0.4656778976068695,0.13917574575398045,0.5060172264230921,0.14390524350304457,0.3477161515523426,0.011147753838082666,-0.4677001647801792,0.11807793749841786,0.23496182095561505,-0.1258568095118081,0.3694826597713077,-0.04771593905273609,0.3624643093118808,0.2389685640063071,0.49961427597593666,-0.39300332794856535,0.3721765941447894,0.13315182472916834,0.24954030716248538,0.49350305580547355,-0.06754882110343426,-0.06936530738400588,-0.11334780762525148,0.3081408911611357,0.19218764311421413,0.45420629650598116,0.05184155975980318,-0.37495302205087355,0.5170978458345074,0.5220577429669452,-0.061257276503646284,0.21594660392598392,-0.004846793546917613,0.033027240058493036,-0.43334645212396233,-0.21628591514528822,-0.20248401775560576,0.46639076262789797,-0.25126734935910205,0.31895472296682453,0.19017559513314083,0.5646479147334601,0.3820592345326299,0.15542447708860485,0.29900500782374234,0.01601979911986512,0.5050842653618087,-0.24713058157918882,-0.3333800095303646,-0.38844825948712675,0.22224114868095546,-0.42216919367318206,0.392497433730184,0.5005910650573336,0.15016734507189725,0.1740518482108105,0.22902228576122183,0.3066123654077095,
0.18028456536787574
-0.23103381615933116,0.2605460851667536,0.14234537213453516,-0.16852393310374406,-0.30959480400435824,-0.4461757830727497,-0.34336104683120156,-0.3476780929362456,-0.5235967979402774,-0.2951610398020897,-0.08057184422659827,-0.28855821291914224,-0.4159480361509191,-0.49081953718132115,-0.15376246994386766,-0.13158053815262238,-0.15292281822761952,-0.12598231979843652,0.22701797650530323,-0.21019537503851354,-0.4120100455555784,0.07848991185219932,0.21984195928615222,0.08226805054713432,-0.3404245336096211,-0.04954152058321425,-0.43153017140874295,-0.47592732866550613,0.23819297469796433,0.11289474732836587,-0.5524538110169608,-0.10825620744587494,-0.45958732641215566,0.19309458757738446,0.42954523455279486,-0.424533793075057,0.2657523905046243,-0.07624067882231306,-0.33210775585997426,-0.1141538474876523,0.31544329891359385,-0.3952351655274707,-0.11764602577200149,0.4085060002721527,-0.3251288652808528,-0.35613230789559946,-0.35138620114055746,-0.02238404784691775,-0.23089193180927026,0.21992173971349974,0.27534981766160754,0.4073881962344875,0.3807640635895061,-0.04362119283888509,0.24014305430844624,0.46319924416634706,-0.3303909043461755,0.4601515502498174,0.42768939700228875,-0.043153275115173535,-0.40549790066593305,-0.12682978290849586,0.08010138011955908,-0.19110271681095695,
-0.45669863329366056
0.33690218921401033,0.1376882509045961,0.3044009361632918,0.06440520374573959,-0.021232932430324716,0.27037243942344036,0.3204801676818078,0.05794771477146799,0.15748017110282558,0.47733715012409617,-0.33152247259615414,-0.14641200904132612,0.3528313647200541,-0.1293879118001121,0.20383693791757063,0.06005139340534204,0.41424463400873335,-0.16458021040342352,0.2945557843261097,-0.18169373364797267,0.4625765588754622,0.23436108327344757,-0.10894260062916779,-0.14835555123642372,0.2023257940215736,-0.3160417539431572,-0.2917954504146755,0.39924933508056604,-0.30071654352919813,0.1145350904401992,0.490197656735475,0.413235565297308,0.05259117874182802,0.5864457308266072,0.4183529282898764,0.01791565800045445,0.5153911713343652,0.34964827904425744,0.27383813347279,-0.16033138089019877,0.02500246089813936,0.15952635114055722,0.5118928895065893,-0.4242879318076387,-0.33912953522545247,0.371589975928881,0.3083180963827999,0.06452862614212602,-0.16969407172356638,0.12372890399397339,0.39417171440910714,0.14698073762892644,-0.321326312829721,-0.23519860918271904,-0.206719830131939,-0.35762228739263213,-0.18634132322794245,0.24216453708532656,0.5067389903888109,0.24058406549237096,-0.2688115872707541,0.28658605527756476,0.036571288164161914,0.5801758343016858,
-0.310036871488196
-1.5468474796664042,-1.345243272852364,-1.4506671213269529,-0.4749133421210382,-1.4483120789091883,-0.6913597954691478,-1.3190813322249315,-2.008267496538678,-1.5055076331434822,-2.8817948863163863,-1.975690618598204,-1.8926671123804797,-1.6509749748547093,-1.2967522871138983,-2.4651134379856545,-0.03880996143729783,-1.766469731851541,-1.6509142480228882,-1.6485650415170559,-1.6469550046090198,-1.5760515164920827,-1.7788941228816562,-1.8827135368566037,-2.722797636410084,-1.2948992610500212,-2.2197395632574612,-1.0349222776352425,-0.05602576651132403,0.5730254793372038,-1.9730004233191554,-1.720650480828957,-1.7170213147425666,-4.093032781266842,-2.0258329725702855,-1.588303469806327,-2.150031491231368,-2.018308912235686,-1.9732586103024925,-1.8809318420771983,-1.9795014259291397,-1.0729989698794682,-1.2544116886004382,-1.2815001384282514,-1.7430890976964446,-0.8795125524877779,-1.5025329908274607,-2.0118791969884224,-1.451293912764211,-1.394759785092737,-1.8572831465923476,-2.0301505679359857,-1.7830167772062204,-1.279165116252336,-1.6142510871272393,-1.9570300825272509,-1.883803133801512,-1.0166923963136065,-2.386154755228472,-1.8066681493196461,-2.224534849173404,-1.2795547724948106,-1.5582121802673297,-0.22374981437422253,-2.068130503644584,
-1.8164478822684673
-2.4808541007038385,-2.588244228865499,-1.6356200774622556,-0.03535486906790753,-1.8787440994056048,-0.5672694491047419,-1.5901792463630309,-2.2994179573187967,-2.02121152296459,-1.142412232536092,-2.3332534855315257,-1.5531539053380303,-2.297595367309741,-2.3339375062237364,-0.47350275652978907,-0.25715049020213354,-0.8487376405589775,-1.835405165428074,-2.2292212803458518,-1.5406506790692536,-1.3193604316243306,-0.9825677017559343,-2.448691655249531,-0.09630422011571833,-2.1961630954742186,-1.075198309769603,-2.042416314871886,-1.0615390641964233,-1.1831990778225279,-1.7258004313179356,-1.9852933841066092,-1.924466442215232,-0.7281471553573386,-2.2695292622382635,-2.505066333366121,-1.821054822090316,-1.4960463144252798,-1.8644370090890103,-2.5013040464584733,-1.9320975642643379,-2.0169197419366305,-2.465474864175553,-1.9345803754208977,-2.066886639846871,-1.6298514913683833,-2.0895338705278435,-1.6718316144428456,-1.5215210299828759,-2.4303681633157606,-1.9545786070324203,-2.4457677880619006,-1.3525536629832549,-1.7538592837827098,-1.4321348975149901,-1.6557353314994419,-1.2844498942147284,-1.3060762576668812,0.24811374169381825,-2.2198396434431507,-1.0992083791523433,-1.6353252390505117,-2.565822083295316,0.26167577499780925,-2.453091415676855,
-2.3795717664693883
-1.7918073058320234,-1.8757954159771693,-2.430082801956949,0.07767515599098584,-1.3222079756162202,-0.9616204383279572,-2.3029543751764394,-2.0016518395251355,-2.1957144143541862,-1.4794345839572391,-2.303959500481388,-1.4517524199210405,-2.3646423597969455,-1.9522050198038223,-1.2005471224270536,0.30612289754389693,-1.2794967584786974,-1.4931666071229681,-2.346944489776062,-1.8552825994231388,-1.5270145085167122,-1.8895339308412673,-1.6602581229566014,-0.17759668739205883,-2.4900562423937576,-1.7990404726170546,-2.144063230116398,-0.3045507345544988,-0.2679725456459377,-2.422676060247277,-1.7821391666159054,-2.4029467599568313,-0.8896271874903865,-1.7487222722350055,-2.329558434084704,-1.9694504955567453,-1.8250448323163113,-2.0588674077966522,-2.1737232379336264,-2.0861767801604545,-2.0688818536094815,-2.3151249979903086,-1.8941944158711017,-1.1140005714446894,-1.337845493818173,-1.8199147146130976,-1.5986134806596528,-1.5197425015350023,-1.6031923782394883,-2.397461424441598,-1.7845685580406387,-1.1089714344192836,-1.6551457531086102,-1.5537123038101566,-1.5487732955343316,-1.5215155502320583,-1.9991464959023895,-0.3175449238950072,-1.262275983052526,-0.9007598582144886,-1.8967644191289217,-1.6821692932441465,0.35906819956114144,-1.8373191204411747,
-2.210502020235425
-2.6562609571456055,-2.630743296609243,-1.9368269350744285,0.27869857636597123,-1.2155144188791855,-0.20473045194382186,-2.12030140845559,-1.3334067242898295,-2.1256173960861835,-1.4603143800070109,-1.8127489509754997,-2.024082917130571,-2.5474034531135974,-1.4429139080589666,-0.690082253907692,0.09947732986864491,-1.051293856063238,-1.4349754685898046,-1.9832640647473982,-1.2885456470617134,-0.6453572505481916,-1.2644201501828118,-2.204816086048435,0.16255653715159207,-2.075996598981753,-1.4534781914619221,-1.7622565705684716,-0.35941540956747536,-0.5870654094028941,-2.673725436867761,-2.197064471938069,-2.6872046915348395,-0.31346800935859653,-1.6393753998939413,-2.5644283576386484,-2.6744464369425964,-1.8115629884735838,-1.5432442933449302,-2.1316170812774407,-2.061295109147581,-1.6425261058951661,-2.5273742835839066,-2.2610546740618935,-1.6047092626793147,-1.0647735486016523,-1.7655247478570895,-1.752251159918928,-1.7932802894546795,-2.1085623687662323,-2.6712190095236394,-2.11490352668566,-1.207887966471003,-2.4721603600724222,-1.7461284757586009,-2.2034915228513867,-1.4824907169115094,-1.1199644223495915,0.10286439857974329,-1.0968419402882745,-1.2093396215098902,-1.3961916168643498,-2.7009659713204366,0.3321174728161909,-2.3630304923569923,
-2.7641138548091755
-1.6649692710941844,-0.7881262491230222,0.2746555052264563,0.11397612144776105,-5.321761254137808,2.150147524876801,-0.6311184138910213,0.03749839826685108,-0.6131326690435636,-5.650926742875746,-0.3631086621158255,-2.896804998072027,0.004604489314372375,-2.1585878989743366,-6.0546270766159225,-0.20940968749344716,-5.89180765176385,0.9939966763092878,-0.616257391449153,-0.12891630633609524,1.1621875666198582,-5.569692982575749,-0.36529686106786124,-5.4371968045333,-0.31251935573384465,-5.574389135689221,0.5580135833591061,4.847220324298779,4.513830436672928,-0.48813468708724145,-3.1862598628655916,-0.38167674043616084,-6.010177225348044,-0.03727383196907149,-0.47078680976669157,-0.9624113440868937,-5.095246784089035,0.2591958328712749,-0.12066540459271888,0.08635807084101134,0.23097434146691956,-0.19857070099147067,-0.5691453726888284,-4.444364986723827,0.7494028594449138,-1.3590866952847107,-0.3914445601284028,0.2570068003475855,-0.6820462510881661,-0.08291229244570208,0.1016111362612359,-4.731801296137288,-3.285171963159017,-3.5572934497337947,-0.6475459028304731,-5.283688556689648,-4.295732005892029,-5.09168672801565,-0.22262385376663218,-6.191721974201645,0.061803172561904034,-0.3946850420232217,0.3102897009448626,0.17216305547694866,
-0.13457130112255133
-2.484782930782613,-2.5275642587360805,-1.6695048407618422,0.3309687992448647,-2.100046028983617,-0.46058711557326704,-1.786287287240948,-1.9700877787726692,-2.2514783213344414,-1.128265141815975,-1.6103846015063583,-1.38918659780922,-1.7810126088434977,-2.118261071262822,-1.0571337577271915,0.13085357792487035,-1.013913447868739,-1.3633239981954204,-2.5491159602316245,-2.036449848730126,-1.6656395976909026,-1.7960282455292649,-1.989253586031628,-0.046674915335013875,-1.717364741553854,-1.3874243197449734,-2.157142860394284,-0.41938207303137337,-0.4455614159898922,-2.01323981138015,-2.198520052814035,-2.020378292708702,-0.5651804344168907,-2.3467658249472416,-1.813083246428409,-1.7253588353351847,-1.6511972482321882,-1.4295614363473048,-1.631166570448982,-2.3141603786744263,-1.673215930828342,-2.527162702792597,-2.014355704468158,-1.8146882602232552,-1.9190800824919307,-2.4959845941726706,-2.1872550299361846,-2.301356998181749,-2.1185111130244265,-1.894546843396839,-1.5656488083322853,-1.4939276263416856,-1.757866770998088,-1.8407032390543059,-2.475168979684419,-0.8875199267993483,-1.523426889878755,-0.43118837428757867,-1.1498465461459246,-1.6816715646133809,-1.28464527166859,-2.2859408689733804,-0.04305991835438941,-1.548497180801917,
-2.242741448468102
